Operation_Unique_Identifier,Operation_Local_Identifier,Operation_Name_English,Operation_Name_Programme_Language,Country,Operation_Start_Date,Operation_End_Date,Cofinancing_Rate,Total_Eligible_Expenditure_amount,Total_Eligible_Expenditure_Currency,Project_EU_Budget,Beneficiary_Unique_Identifier,Location_Indicator_latitude_longitude,Category_Of_Intervention,Category_Label,Thematic_Objective_ID,Thematic_Objective_Label,Policy_Objective_ID,Policy_Objective_Label,Specific_Objective_ID,Specific_Objective_Label,Fund_Code,Fund_Name,Programme_Code,Programme_Name,Postal_Code,LAU_IDs,LAU_Labels,NUTS1_Label,NUTS2_Label,NUTS3_Label,NUTS1_Code,NUTS2_Code,NUTS3_Code,Programming_Period,Operation_Summary_English,Operation_Summary_Programme_Language,ManagingAuthority,Image_URL,InfoRegio_ID,InfoRegio_URL,CountryCode
https://linkedopendata.eu/entity/Q7525655,2021DK16JTPR001_FRO-24-0091,CO2 Infrastructure Aalborg,CO2 Infrastruktur Aalborg,Denmark,11/11/2024,31/12/2026,80.0,844424.88,EUR,675359.88,https://linkedopendata.eu/entity/Q7525572,"57.18,9.67",,,,,PO08,Just Transition,JTF,JTF,JTF,Just Transition Fund,2021DK16JTPR001,Green technologies and skills - DK - JTF,,,,,North Denmark Region,,,DK05,,2021-2027,"The project ""CO2 Infrastructure Aalborg"" aims to prepare a common CO2 infrastructure plan for Aalborg. The infrastructure plan is to be used by the project's partners as a strategic dialogue tool that can form the basis for future investments and solutions within carbon capture, utilisation and storage (CCUS).The project consortium consists of Aalborg Portland (ACCSION project), Copenhagen Infrastructure Partners, Aalborg Forsyning and Nordværk (Fjord PtX project) as well as Fidelis New Energy and Port of Aalborg (Norne project) as well as Aalborg Municipality and Aalborg University. The joint infrastructure plan created in the project shall consolidate the existing CO2 infrastructure plans of the project partners and, by extension, develop 2-3 scenarios for a common CO2 infrastructure.","Projektet ""CO2 Infrastruktur Aalborg"" har til formål at udarbejde en fælles CO2-infrastrukturplan for Aalborg. Infrastrukturplanen skal anvendes af projektets partnere som et strategisk dialogværktøj, der kan danne beslutningsgrundlag for fremtidige investeringer og løsningsmodeller inden for CO2-fangst, -anvendelse og -lagring (CCUS).Projektkonsortiet består af Aalborg Portland (ACCSION projektet), Copenhagen Infrastructure Partners, Aalborg Forsyning og Nordværk (Fjord PtX projektet) samt Fidelis New Energy og Port of Aalborg (Norne projektet) samt Aalborg Kommune og Aalborg Universitet. Den fælles infrastrukturplan, der skabes i projektet, skal konsolidere projektets partneres eksisterende CO2-infrastrukturplaner, og i forlængelse heraf udvikle 2-3 scenarier for en fælles CO2-infrastruktur.",,,,,DK
https://linkedopendata.eu/entity/Q7525712,2021DK05SFPR001_SFSS-22-0002,Warehouse - Step by Step,Pakhuset - Trin for Trin,Denmark,01/03/2023,31/12/2025,72.0,1349645.64,EUR,969836.21,https://linkedopendata.eu/entity/Q7525609,"55.8616018,12.3137969",,,,,PO04,Social Europe,ESO4.12,ESO4.12,ESF+,European Social Fund Plus,2021DK05SFPR001,Education and Skills - DK - ESF+,,,,,Capital Region of Denmark,,,DK01,,2021-2027,"""Step by Step"" focuses on getting more street sleepers, especially migrants, into work so they can afford housing and feed their families. We offer an intensive and less intensive model: Everyone gets an offer of help with taking up existing offers/services, as well as socio-educational work to alleviate some of the barriers to jobs and housing, help with key registrations and ""whole jobs"" and the housing search process. We also offer aftercare/advice to help vulnerable citizens stay in work and keep their homes. For a group of citizens, we also have the opportunity to offer an intensive course focusing on ""shelter first.""","""Trin for Trin"" fokuserer på at få flere gadesovende, specielt migranter, i arbejde, så de kan få råd til en bolig og brødføde deres familie. Vi tilbyder en intensiv og mindre intensiv model: Alle får et tilbud om hjælp til optag af eksisterende tilbud/ydelser, samt socialpædagogisk arbejde for at afhjælpe nogle af barriererne til job og bolig, hjælp til nøgleregistreringer og ""hele job"" og boligsøgningsprocessen.Der vil også være et fokus på fysisk og psykisk velvære, og på muligheden for at deltage i korte jobrelaterede kurser. Vi tilbyder ligeledes efterværn/rådgivning, for at hjælpe udsatte borgere med at forblive i arbejde og beholde deres bolig. For en gruppe borgere har vi også muligheden for at tilbyde et intensivt forløb med fokus på ""shelter first.""",,,,,DK
https://linkedopendata.eu/entity/Q7525694,2021DK16RFPR001_RFO-23-0027,CLOSING LOOPS SJ,CLOSING LOOPS SJ,Denmark,15/08/2023,31/12/2026,51.0,12472461.53,EUR,6328444.48,https://linkedopendata.eu/entity/Q7525555,"55.166666666667,11.833333333333",,,,,PO02,"Greener, carbon-free Europe",RSO2.6,RSO2.6,ERDF,European Regional Development Fund,2021DK16RFPR001,Smart green and digital transition of enterprises - DK – ERDF,,,,,Region Zealand,,,DK02,,2021-2027,"The focus of the project is on mobilising Zealand SMEs to implement and scale concrete circular economy solutions. The project has gathered 24 organisations, organised in 15 value chain collaborations, which will result in major reductions and better use of resources - and reduced CO2 emissions.The partners will identify and recruit additional approximately 10 Zealand value chain collaborations during the project, which mature to apply for project participation and funding. During the process, sparring is provided to companies to promote reuse, repair, remanufacturing, recycling of materials and longer product lifetimes through circular value chain collaborations and to meet increased sustainability reporting requirements. Participants will receive assistance in developing and implementing value chain collaborations.","Projektets fokus er på at mobilisere sjællandske SMV'er til at implementere og skalere konkrete cirkulære økonomiløsninger. Projektet har samlet 24 organisationer, organiseret i 15 værdikædesamarbejde, som vil give store reduktioner og bedre anvendelse af ressourcer - og reducerede CO2-udledninger.Partnerne vil identificere og rekruttere yderlige ca. 10 Sjælland værdikædesamarbejder i løbet af projektet, som modnes til at søge om projektdeltagelse og finansiering. Der ydes undervejs sparring til virksomhederne til at fremme genbrug, reparation, genfremstilling, genanvendelse af materialer og længere produktlevetider via cirkulære værdikædesamarbejder og leve op til øgede bæredygtighedsrapporteringskrav. Deltagerne vil modtage hjælp til at udvikle og implementere værdikædesamarbejder.",,,,,DK
https://linkedopendata.eu/entity/Q7525653,2021DK05SFPR001_SFSL-24-0010,The Future in Focus,Fremtiden i Fokus,Denmark,01/01/2025,31/12/2027,58.0,1284293.56,EUR,750098.96,https://linkedopendata.eu/entity/Q7525570,"55.166666666667,11.833333333333",,,,,PO04,Social Europe,ESO4.6,ESO4.6,ESF+,European Social Fund Plus,2021DK05SFPR001,Education and Skills - DK - ESF+,,,,,Region Zealand,,,DK02,,2021-2027,"The aim of the project is to offer young people career and educational guidance while at the same time being employed in periodic jobs as unskilled workers in the three priority industries. The guide is directly linked to young people's working practices, where the main emphasis is on creating and maintaining an educational perspective with an emphasis on meritorious work experiences of importance to a ""from-unskilled-to-skilled"" theme. The project is structured around 6 main activities: Conclusion of cooperation agreements with regional companies Mapping with interviews of young people Development of guidance concepts Upskilling of intra-company resource persons Testing of the developed guidance concepts - as well as Evaluation and dissemination.","Formålet med projektet er at tilbyde unge karriere- og uddannelsesvejledning, samtidig med at de er ansatte i periodiske job som ufaglærte indenfor de 3 prioriterede brancher. Vejledningen knyttes direkte an til de unges arbejdspraksis, hvor der primært lægges vægt på at skabe og fastholder et uddannelsesperspektiv med vægt på meriterende arbejdserfaringer af betydning for en ""fra-ufaglært-til-faglært"" tematik. Projektet er opbygget omkring 6 hovedaktiviteter: Indgåelse af samarbejdsaftaler med regionale virksomhederKortlægning med interview af ungeUdvikling af vejledningskoncepterOpkvalificering af virksomhedsinterne ressourcepersonerAfprøvning af de udviklede vejledningskoncepter - samt Evaluering og formidling.",,,,,DK
https://linkedopendata.eu/entity/Q7525713,2021DK05SFPR001_SFSS-22-0015,Strengthened efforts for young people in homelessness,Styrket indsats til unge i hjemløshed,Denmark,01/03/2023,31/12/2027,90.0,1171882.75,EUR,1054694.47,https://linkedopendata.eu/entity/Q7525610,"55.8616018,12.3137969",,,,,PO04,Social Europe,ESO4.12,ESO4.12,ESF+,European Social Fund Plus,2021DK05SFPR001,Education and Skills - DK - ESF+,,,,,Capital Region of Denmark,,,DK01,,2021-2027,"The project aims to strengthen the efforts for young people in homelessness in the City of Copenhagen and contribute to improving the social situation of young people and linking them to activities and communities in civil society. The project is a collaboration between the Homeless Unit in Copenhagen Municipality, Jobcenter Copenhagen and the private NGO WeShelter, which is part of the Foundation Mission among Homeless.","Projektet har til hensigt at styrke indsatsen for unge i hjemløshed i Københavns Kommune og bidrage til dels at forbedre de unges sociale situation og koble dem til aktiviteter og fællesskaber i civilsamfundet.Indsatsen skal på sigt bidrage til at at få de unge på rette kurs og ud af deres marginaliserede position. Projektet er et samarbejde mellem Hjemløseenheden i Købehavns Kommune, Jobcenter København og den private NGO WeShelter, som er en del af Fonden Missionen blandt Hjemløse.",,,,,DK
https://linkedopendata.eu/entity/Q7525639,2021DK16JTPR001_FRO-24-0087,Upscaling: Improving Kvasir's solar thermal process and building a green workforce in South Jutland,Opskalering: Forbedring af Kvasirs solvotermiske proces og opbygning af en grøn arbejdsstyrke i Sydjylland,Denmark,01/05/2025,30/04/2028,58.0,4842860.06,EUR,2830198.93,https://linkedopendata.eu/entity/Q7525562,"55.333333333333,9.6666666666667",,,,,PO08,Just Transition,JTF,JTF,JTF,Just Transition Fund,2021DK16JTPR001,Green technologies and skills - DK - JTF,,,,,Southern Denmark,,,DK03,,2021-2027,"The project will optimise Kvasir's solar thermal technology by exploring commercial potential and valuable by-products that can be used for biofuel, building materials, soil improvement and CCUS. The goal is to improve separation and upgrade processes as well as market evaluation of the products in collaboration with DTU. The technology is being developed from TRL 4 to TRL 7 and scaled from Fredericia to a full-scale plant in Aabenraa, creating up to 100 local jobs. Together with Fredericia Maskinmesterskole, training programmes are facilitated that qualify the workforce for green technology jobs and support economic growth in South Jutland.","Projektet vil optimere Kvasirs solvotermiske teknologi ved at undersøge kommercielt potentiale og værdifulde biprodukter som kan anvendes til biobrændstof, byggematerialer, jordforbedring og CCUS. Målet er at forbedre separations- og opgraderingsprocesser samt markedsvurdere produkterne i samarbejde med DTU. Teknologien udvikles fra TRL 4 til TRL 7 og skaleres fra Fredericia til et fuldskalaanlæg i Aabenraa, der skaber op til 100 lokale job. Sammen med Fredericia Maskinmesterskole faciliteres træningsprogrammer, der kvalificerer arbejdsstyrken til grønne teknologijobs og understøtter økonomisk vækst i Sydjylland.",,,,,DK
https://linkedopendata.eu/entity/Q7525703,2021DK16RFPR001_RFO-23-0005,From Port to Beach,Fra Havn til Strand,Denmark,23/05/2023,31/12/2026,60.0,4613907.36,EUR,2768344.41,https://linkedopendata.eu/entity/Q7525603,"55.166666666667,11.833333333333",,,,,PO04,Social Europe,RSO4.6,RSO4.6,ERDF,European Regional Development Fund,2021DK16RFPR001,Smart green and digital transition of enterprises - DK – ERDF,,,,,Region Zealand,,,DK02,,2021-2027,"The project From Port to Beach aims to strengthen the quality of the tourism product in Nakskov city and Fjord with respect for nature, environment and cultural heritage and improve the conditions for further private investment.The project consists of two sub-activities:Transforming the cultural-historical ferry berths in Nakskov Harbour into water activities and stays, and into a hub for water connections in Nakskov Fjord.To develop an experience route that can bind the area's place-bound natural and cultural history together.The two activities together create the starting point for the development of new commercial activities.The project is anchored in Nakskov 2023 where RealDania is included as an economic partner in the project.","Projektet Fra Havn til Strand har til formål at styrke kvaliteten af turismeproduktet i Nakskov by og Fjord med respekt for natur, miljø og kulturarv og forbedre forudsætningerne for yderligere private investeringer.Projektet består af to delaktiviteter:At transformere de kulturhistoriske færgelejer i Nakskov Havn til vandaktiviteter og ophold samt til knudepunkt for vandforbindelserne i Nakskov Fjord.At udvikle en oplevelsesrute der kan binde områdets stedbundne natur- og kulturhistorie sammen.De to aktiviteter skaber tilsammen udgangspunktet for udvikling af nye kommercielle aktiviteter.Projektet er forankret i Nakskov 2023 hvor RealDania indgår som økonomisk partner i projektet.",,,,,DK
https://linkedopendata.eu/entity/Q7525725,2021DK05SFPR001_SFHS-22-0001,Copenhagen Skills - enhanced knowledge and search for vocational education and training,Copenhagen Skills - styrket kendskab og søgning til erhvervsuddannelserne,Denmark,30/08/2022,28/02/2026,40.0,3617443.36,EUR,1446977.34,https://linkedopendata.eu/entity/Q7525616,"55.8616018,12.3137969",,,,,PO04,Social Europe,ESO4.5,ESO4.5,ESF+,European Social Fund Plus,2021DK05SFPR001,Education and Skills - DK - ESF+,,,,,Capital Region of Denmark,,,DK01,,2021-2027,"Copenhagen Skills contributes to securing more skilled workers. More skilled workers are a prerequisite for succeeding with green transition and securing companies labour. The aim of the project is to provide young people with the best conditions for their choice of education and, not least, a better and more realistic understanding of the opportunities that a skilled education offers.Through cooperation with vocational schools, primary schools, FGU, Studievalg and municipalities, innovative activities are developed that bring vocational education and training close to the young people in practice and qualify guidance and learning about education and jobs. The project is based on the assumption that open dialogue and reflection on educational pathways and vocational education and training leads more young people to consider the possibility of and be challenged by ideas about vocational education and training.","Copenhagen Skills bidrager til at sikre flere faglærte. Flere faglærte er en forudsætning for at lykkes med grøn omstilling og sikre virksomheder arbejdskraft. Formålet med projektet er at give unge de bedste forudsætninger for deres uddannelsesvalg og ikke mindst en bedre og mere realistisk forståelse af de muligheder, en faglært uddannelse tilbyder.Gennem samarbejde med erhvervsskoler, grundskoler, FGU, Studievalg og kommuner udvikles nyskabende aktiviteter, som bringer erhvervsuddannelser tæt på de unge i praksis og kvalificerer vejledning og læring om uddannelse og job. Projektet bygger på antagelsen om, at åben dialog og refleksion om uddannelsesveje og erhvervsuddannelser får flere unge til at overveje muligheden for og blive udfordret på forestillinger om erhvervsuddannelser.",,,,,DK
https://linkedopendata.eu/entity/Q7525731,2021DK05SFPR001_SF-22-0035,Social inclusion in the green transition of South Jutland companies,Social inklusion i sønderjyske virksomheders grønne omstilling,Denmark,15/06/2022,30/06/2025,40.0,1933493.38,EUR,773397.3,https://linkedopendata.eu/entity/Q7525621,"55.333333333333,9.6666666666667",,,,,PO04,Social Europe,ESO4.8,ESO4.8,ESF+,European Social Fund Plus,2021DK05SFPR001,Education and Skills - DK - ESF+,,,,,Southern Denmark,,,DK03,,2021-2027,"Four South Jutland job centres, together with Marselisborg, are testing a new initiative, where local companies are helped to uncover tasks related to green transition, which can be matched with skills from unemployed citizens on the edge of the labour market.The companies thereby get a new recruitment basis for parts of their green transition, and at the same time get the opportunity to focus existing employee skills on the company's core tasks in a job market where qualified labour is in short supply.At the same time, a large group of unemployed citizens, who for many years have had difficulty entering the labour market, get an employment foothold in important and meaningful job functions, which are long-lasting in a labour market that is becoming increasingly green.","Fire sønderjyske jobcentre afprøver sammen med Marselisborg en ny indsats, hvor lokale virksomheder får hjælp til at afdække opgaver relateret til grøn omstilling, som kan matches med kompetencer fra ledige borgere på kanten af arbejdsmarkedet.Virksomhederne får derved et nyt rekrutteringsgrundlag til dele af deres grønne omstilling, og får samtidig mulighed for at fokusere eksisterende medarbejderkompetencer på virksomhedens kerneopgaver i et jobmarked, hvor kvalificeret arbejdskraft er en mangelvare.Samtidig får en stor gruppe ledige borgere, som igennem mange år har haft svært ved at komme ind på arbejdsmarkedet, muligheden for at få et beskæftigelsesmæssigt fodfæste i vigtige og meningsfulde jobfunktioner, som er langtidsholdbare på et arbejdsmarked, der bliver stadigt mere grønt.",,,,,DK
https://linkedopendata.eu/entity/Q7525668,2021DK05SFPR001_SFSD-23-0005,The bridge to the future - Strengthening the transitions from FGU to VET,Broen til fremtiden - Styrkelse af overgangene fra FGU til EUD,Denmark,15/01/2024,01/09/2027,40.0,2437500.0,EUR,975000.0,https://linkedopendata.eu/entity/Q7525583,"55.333333333333,9.6666666666667",,,,,PO04,Social Europe,ESO4.6,ESO4.6,ESF+,European Social Fund Plus,2021DK05SFPR001,Education and Skills - DK - ESF+,,,,,Southern Denmark,,,DK03,,2021-2027,"The purpose of the project is to strengthen the transition from FGU to VET by developing and optimising combination courses, which are shorter courses on VET for FGU students. According to the research, the transitions in young people's lives are a difficult process, especially for vulnerable young people.The main activities include the development of introductory, professional and individual combination courses focusing on career learning and relational competence for FGU students. The activities are developed in close cooperation with the 14 participating FGU and EUD institutions in the Region of Southern Denmark. The project's working groups range widely from teachers/supervisors, student coaches, management, students and administration.The aim of the project is to increase the number of young people entering and completing vocational education and training, thereby improving their employment opportunities.","Formålet med projektet er at styrke overgangen fra FGU til EUD ved at udvikle og optimere kombinationsforløb, som er kortere forløb på EUD for FGU-elever. Ifølge forskningen er netop overgangene i ungelivet en vanskelig proces især for udsatte unge.Hovedaktiviteterne omfatter udvikling af introducerende, fagfaglige og individuelle kombinationsforløb med fokus på karrierelæring og relationskompetence for FGU-elever. Aktiviteterne udvikles i tæt samarbejde med de 14 deltagende FGU- og EUD-institutioner i Region Syddanmark. Projektets arbejdsgrupper spænder bredt fra lærere/vejledere, elevcoaches, ledelse, elever og administration.Målet med projektet er at øge antallet af unge, der påbegynder og gennemfører en erhvervsuddannelse og dermed forbedrer deres beskæftigelsesmuligheder.",,,,,DK
https://linkedopendata.eu/entity/Q7525738,2021DK05SFPR001_SFMJ-22-0003,Project Maintaining through Social Sustainability on VET (PSB),Projekt Fastholdelse gennem Social Bæredygtighed på EUD (PSB),Denmark,01/06/2022,28/02/2026,40.0,4259139.85,EUR,1703655.94,https://linkedopendata.eu/entity/Q7525625,"56.166666666667,9.5",,,,,PO04,Social Europe,ESO4.6,ESO4.6,ESF+,European Social Fund Plus,2021DK05SFPR001,Education and Skills - DK - ESF+,,,,,Central Denmark,,,DK04,,2021-2027,"Project Retention through Social Sustainability at VET (PSB) must include and retain vulnerable students at GF1 and GF2.11 vocational schools collaborate on methods that increase well-being and the opportunity for more students to complete. Based on target group-focused competence development, a safe learning environment is supported that promotes students' well-being and professional development.PSB focuses on: Hand-held courses and transitional supportDigital well-beingInclusive communitiesBusiness relationsProfessional, cultural and social educationWith micro-measurements, local action is taken, and well-being data is retrieved in the critical phases of education, where especially vulnerable students may be at risk of dropping out.PSB is based on shared responsibility for equal opportunities for quality education and actively contributes to social sustainability.","Projekt Fastholdelse gennem Social Bæredygtighed på EUD (PSB) skal inkludere og fastholde udsatte elever på GF1 og GF2.11 erhvervsskoler samarbejder om metoder, der øger trivsel og mulighed for, at flere elever gennemfører. Med afsæt i målgruppefokuseret kompetenceudvikling understøttes et trygt læringsmiljø, der fremmer elevernes trivsel og faglige udvikling.PSB har fokus på:Håndholdte forløb og overgangsstøtteDigital trivselInkluderende fællesskaberVirksomhedsrelationerFaglig, kulturel og social dannelseMed mikromålinger sættes lokalt ind, og trivselsdata hentes i de kritiske faser i uddannelsen, hvor især sårbare elever kan være i fare for at falde fra.PSB bygger på fælles ansvar for lige muligheder for kvalitetsuddannelse og bidrager aktivt til social bæredygtighed.",,,,,DK
https://linkedopendata.eu/entity/Q7525640,2021DK16JTPR001_FRO-24-0094,PytoCCUS,PytoCCUS,Denmark,01/05/2025,30/04/2028,55.0,6482677.23,EUR,3541802.75,https://linkedopendata.eu/entity/Q7525557,"57.18,9.67",,,,,PO08,Just Transition,JTF,JTF,JTF,Just Transition Fund,2021DK16JTPR001,Green technologies and skills - DK - JTF,,,,,North Denmark Region,,,DK05,,2021-2027,"The PytoCCUS project integrates pyrolysis with CO2 capture and leakage at the biogas plant Agri Energy Vrå to achieve an unseen high utilisation of biogenic carbon. Heat integration ensures a competitive solution in a modularised design. First, the value chain for liquid CO2 is tested based on biogas upgrading. Next, the possibilities of including CO2 capture from pyrolysis gas are analysed.Advanced life cycle analyses document the net climate impact of the overall solution.Explore how biochar can create added value by being included in CO2 capture to manage sulphur compounds, increase and accelerate the methanisation process in the biogas plant and reduce air nuisance.","PytoCCUS-projektet integrerer pyrolyse med CO2-fangst og -fordråbning ved biogasanlægget Agri Energy Vrå for at opnå en uset høj udnyttelse af biogent kulstof.Med udgangspunkt i partnernes kerneteknologier og kompetencer integreres pyrolyse og CO2-fangst og fordråbning. Varmeintegration sikrer en konkurrencestærk løsning i et modulariseret design. Først afprøves værdikæden for flydende CO2 med udgangspunktet i biogasopgradering. Dernæst analyseres mulighederne for også at inkludere CO2-opsamling fra pyrolysegas.Avancerede livscyklusanalyser dokumenterer nettoklimaeffekten af den samlede løsning.Der undersøges, hvordan biokul kan skabe merværdi ved at indgå i CO2-opsamling til håndtering af svovlforbindelser, øge og accelerere metaniseringsprocessen i biogasanlægget og reducere luftgener.",,,,,DK
https://linkedopendata.eu/entity/Q7525654,2021DK05SFPR001_SFSL-24-0006,Mental health and everyday life in Region Zealand,Mental sundhed og hverdagstrivsel i Region Sjælland,Denmark,01/01/2025,31/12/2027,60.0,2823168.4,EUR,1693901.04,https://linkedopendata.eu/entity/Q7525571,"55.166666666667,11.833333333333",,,,,PO04,Social Europe,ESO4.6,ESO4.6,ESF+,European Social Fund Plus,2021DK05SFPR001,Education and Skills - DK - ESF+,,,,,Region Zealand,,,DK02,,2021-2027,"The project ""Mental health and everyday life in Region Zealand"" scales up the project ""Healthy Youth"" as the project works with holistic everyday life in the form of lifting the everyday life of young people and establishing an engaging educational environment. This is based on the assumption that it is easy to leave education, but it is difficult to leave a community.In the project process, 1,238 young people under the age of 18 and 1,284 young people over the age of 18 from six vocational schools and the University College Absalon participate, of which at least 775 are expected to complete.Seven different methods are developed to promote mental health and everyday strife, with the ambition of halving the drop-out rate of the educations involved.","Projektet ""Mental sundhed og hverdagstrivsel i Region Sjælland"" opskalerer projektet ""Sunde Unge"", idet projektet arbejder med helhedsorienteret hverdagstrivsel i form af løft af unges hverdagstrivsel og etablering af et engagerende uddannelsesmiljø. Dette ud fra antagelsen om, at det er nemt at gå fra en uddannelse, men det er svært at forlade et fællesskab.I projektforløbet deltager 1.238 unge under 18 år og 1.284 unge over 18 år fra seks erhvervsskoler og Professionshøjskolen Absalon, hvoraf mindst 775 forventes at gennemføre.Syv forskellige metoder udvikles til at fremme mental sundhed og hverdagstrivsel, med en ambition om at halvere frafaldsraten på de involverede uddannelser.",,,,,DK
https://linkedopendata.eu/entity/Q7525700,2021DK05SFPR001_SF-23-0048,Qualified Labour Force for Lighthouse South - Competences,Kvalificeret Arbejdskraft til Fyrtårn Syd - Kompetencer,Denmark,01/07/2023,30/06/2026,14.0,1162343.0,EUR,159437.2,https://linkedopendata.eu/entity/Q7525601,"55.333333333333,9.6666666666667",,,,,PO04,Social Europe,ESO4.7,ESO4.7,ESF+,European Social Fund Plus,2021DK05SFPR001,Education and Skills - DK - ESF+,,,,,Southern Denmark,,,DK03,,2021-2027,"Lighthouse South maintains its four priorities within labour. The project under Strand 2.1.2 aims to increase companies' access to qualified labour through re- and upskilling of employees and targeted attraction of qualified labour from abroad. The companies are met by hand-held initiatives and processes that match their needs and maturity, and they are equipped to solve labour shortages through skills development and international attraction. In close collaboration with the companies, training plans are developed and implemented with a special focus on green competences. Relevant public actors and providers are an integral part of the solution. Companies are given the opportunity to make concrete jobs visible through international attraction activities.","Fyrtårn Syd fastholder sine fire prioriteter indenfor arbejdskraft. Projektet under indsatsområde 2.1.2 sigter mod at øge virksomhedernes adgang til kvalificeret arbejdskraft gennem om- og opkvalificering af medarbejderne og målrettet tiltrækning af kvalificeret arbejdskraft fra udlandet. Virksomhederne bliver mødt af håndholdte indsatser og forløb, som matcher deres behov og modenhed og de klædes på til at løse manglen på arbejdskraft gennem kompetenceudvikling og international tiltrækning.Målet er at imødekomme behovet her-og-nu, men også at klæde virksomhederne på til fremtiden. I tæt samspil med virksomhederne udvikles og gennemføres uddannelsesplaner med særligt fokus på grønne kompetencer. Relevante offentlige aktører og udbydere er en integreret del af løsningen. Virksomheder får mulighed for at synliggøre konkrete job gennem internationale tiltrækningsaktiviteter.",,,,,DK
https://linkedopendata.eu/entity/Q7525680,2021DK05SFPR001_SFPRO-23-0026,2.1.2 Water Valley Wise Workforce,2.1.2 Water Valley Wise Workforce,Denmark,01/09/2023,31/08/2026,43.0,916808.1,EUR,394227.48,https://linkedopendata.eu/entity/Q7525591,"56.166666666667,9.5",,,,,PO04,Social Europe,ESO4.7,ESO4.7,ESF+,European Social Fund Plus,2021DK05SFPR001,Education and Skills - DK - ESF+,,,,,Central Denmark,,,DK04,,2021-2027,"Water Valley Wise Workforce is a holistic approach to competent labour in the water sector, based on different methodological approaches for skills enhancement and attachment. The project contributes to this through three main activities:Sustainable skills enhancement across the water cycle: Priority competence boost in the entire water cycle, to strengthen the ability to tackle the massive challenges and translate into opportunities. Concrete skills courses and a new model for skills upgrading to ensure the sector's digitalisation. Concrete measures to strengthen ""An attractive Danish water industry"" to increase the pool of competent people who choose and re-elect to work in the sector.","Water Valley Wise Workforce er en helhedstilgang til kompetent arbejdskraft i vandsektoren, baseret på forskellige metodiske tilgange for kompetenceløft og tilknytning. Projektet bidrager til dette gennem tre hovedaktiviteter:Bæredygtigt kompetenceløft på tværs af vandkredsløbet: Prioriterede kompetenceløft i det samlede vandkredsløb, for at styrke evnen til at takle de massive udfordringer og omsætte til muligheder.Vandets ADC: Konkrete kompetenceforløb og en ny model for kompetenceløft til sikring af sektorens digitalisering.En attraktiv dansk vandbranche: Konkrete tiltag for styrke ""En attraktiv dansk vandbranche"" for at øge puljen af kompetente mennesker, der vælger og genvælger at arbejde i sektoren.",,,,,DK
https://linkedopendata.eu/entity/Q7525709,2021DK16RFPR001_RF-23-0033,CO2VISION 2.0,CO2VISION 2.0,Denmark,07/03/2023,31/08/2026,40.0,4679184.46,EUR,1868557.61,https://linkedopendata.eu/entity/Q7525572,"57.18,9.67",,,,,PO01,Smarter Europe,RSO1.1,RSO1.1,ERDF,European Regional Development Fund,2021DK16RFPR001,Smart green and digital transition of enterprises - DK – ERDF,,,,,North Denmark Region,,,DK05,,2021-2027,"CO2Vision 2.0 strengthens the work to accelerate the companies' opportunities to work with CO2 capture, transport, use and storage - referred to as CCUS. The link between growth and employment opportunities and emission reductions via CCUS is an important part of the mission for CO2Vision and for achieving the reduction targets in the Danish Climate Law. The project will enable local investments in testing and demonstration facilities, coordinated development of the infrastructure enabling CCUS, and dissemination of opportunities and limitations in the field. CO2Vision ensures that the many initiatives and investments distributed throughout the region will enable future large-scale investments in CCUS and PtX that strengthen Denmark's growth potential and position as a green frontrunner before 2030.","CO2Vision 2.0 styrker arbejdet med at accelerere virksomhedernes muligheder for at arbejde med CO2 fangst, transport, anvendelse og lagring - benævnt CCUS. Koblingen mellem vækst- og beskæftigelsesmuligheder og emissionsreduktioner via CCUS, er en vigtig del af missionen for CO2Vision og for opnåelsen af reduktionsmålene i den danske Klimalov. Via projektet skabes der mulighed for lokale investeringer i test og demonstrationsfaciliteter, en koordineret udvikling af infrastrukturen, der muliggør CCUS samt formidling af muligheder og begrænsninger på området. CO2Vision sikrer at de mange tiltag og investeringer fordelt i hele regionen, er med til at muliggøre kommende storskala investeringer i CCUS og PtX, der styrker Danmarks vækstpotentiale og position som grønt foregangsland inden 2030.",,,,,DK
https://linkedopendata.eu/entity/Q7525657,2021DK16RFPR001_RF-24-0132,Marina of the future - in the middle of Denmark,Fremtidens Marina - Midt i Danmark,Denmark,15/08/2024,31/12/2027,33.0,3628037.64,EUR,1194682.94,https://linkedopendata.eu/entity/Q7525574,"55.333333333333,9.6666666666667",,,,,PO04,Social Europe,RSO4.6,RSO4.6,ERDF,European Regional Development Fund,2021DK16RFPR001,Smart green and digital transition of enterprises - DK – ERDF,,,,,Southern Denmark,,,DK03,,2021-2027,"Kerteminde Marina must be a vibrant border between town and sea, as well as be welcoming and safe with urban spaces that invite to different activities and attract several target groups. An experience area for everyone and worth a visit all year round.The aim of the project is to improve the framework for tourism as well as the local business and association life. The project's one of three main activities is to establish a multifunctional space, which with removable elements optimizes the use year-round, as well as benefits the association life at conventions and the city's business community by improving the city's parking conditions.By extension of 3 bridges, the result of which is to create more boat spaces for the Marina's tourists, space is released in the Marina for the establishment of recreational maritime areas, will improve the framework for other types of users and tourists. Advising the harbour promenade will ensure that the harbour and the city are better connected for the benefit of the local association and business community.","Kerteminde Marina skal være en levende kant mellem by og hav, samt være indbydende og tryg med byrum, der inviterer til forskellige aktiviteter og tiltrækker flere målgrupper. Et oplevelsesområde for alle og et besøg værd året rundt.Projektets formål er at forbedre rammerne for turismen samt det lokale erhvervs- og foreningsliv. Projektets ene af tre hovedaktivitet er at etablere en multifunktionel plads, der med flytbare elementer optimerer udnyttelsen året rundt, samt kommer foreningslivet til gavn ved stævner og byens erhvervsliv ved at forbedre byens parkeringsforhold.Ved forlængelse af 3 broer, hvis resultat er at skabe flere bådpladser til Marinaens turister, frigives plads i Marinaen til etablering af rekreative maritime områder, vil forbedre rammerne for andre typer brugere og turister. Rådgivning af havnepromenaden vil sikre, at havnen og byen bindes bedre sammen til glæde for det lokale forenings- og erhvervsliv.",,,,,DK
https://linkedopendata.eu/entity/Q7525707,2021DK05SFPR001_SFSL-22-0004,Youth 360 - The joint effort,Ung 360 - Den fælles indsats,Denmark,01/04/2023,31/03/2026,60.0,1721865.6,EUR,1027000.0,https://linkedopendata.eu/entity/Q7525607,"55.166666666667,11.833333333333",,,,,PO04,Social Europe,ESO4.6,ESO4.6,ESF+,European Social Fund Plus,2021DK05SFPR001,Education and Skills - DK - ESF+,,,,,Region Zealand,,,DK02,,2021-2027,"Project Ung 360 - The joint effort will ensure that even more young people without education are kept in the education track and complete education. It is primarily young people who are at risk of dropping out at FGU who participate in retention courses, but also students who are at risk of dropping out at EUD who participate in pitstop at FGU in order to complete training. In addition, the project will develop methods for cooperation around the young person, so that all parties (FGU, KUI, EUD, etc.) pull in the same direction and thus support the young person's path towards education. In addition to ensuring that more young people complete education, the project will develop tools that can be used widely in the work on retention.","Projekt Ung 360 - Den fælles indsats vil sikre, at endnu flere unge uden uddannelse fastholdes i uddannelsessporet og færdiggør uddannelse. Det er primært frafaldstruede unge på FGU, som deltager i fastholdelsesforløb, men også frafaldstruede elever på EUD, som deltager i pitstop på FGU mhp. at gennemføre uddannelse.Et centralt element i projektet er ansættelse af fastholdelseskonsulenter, som skal understøtte elevernes tilhør på værkstedet el. holdet. Desuden skal projektet udvikle metoder til samarbejdet omkring den unge, således at alle parter (FGU, KUI, EUD mv.) trækker i samme retning og dermed støtter den unges vej mod uddannelse. Udover at sikre, at flere unge gennemfører uddannelse, vil projektet udvikle redskaber, der kan bruges bredt i arbejdet med fastholdelse.",,,,,DK
https://linkedopendata.eu/entity/Q7525702,2021DK05SFPR001_SF-23-0049,Qualified Labour Force for Lighthouse South - Education,Kvalificeret Arbejdskraft til Fyrtårn Syd - Uddannelse,Denmark,01/07/2023,30/06/2026,40.0,916097.0,EUR,366438.8,https://linkedopendata.eu/entity/Q7525601,"55.333333333333,9.6666666666667",,,,,PO04,Social Europe,ESO4.5,ESO4.5,ESF+,European Social Fund Plus,2021DK05SFPR001,Education and Skills - DK - ESF+,,,,,Southern Denmark,,,DK03,,2021-2027,"Lighthouse South maintains its four priorities within labour. The project under strand 2.1.1 (Vocational training and higher education) aims to increase enrolment in vocational and higher education, as well as to give visibility to career opportunities for young people in the energy sector, in particular green energy and sector coupling. The means are young-to-young communication, ambassadorship, targeted guidance tools, business partnerships, visibility in cooperation with both educational institutions, companies and other actors. We work across classical silos in the education system and focus on opportunities to contribute to the green transition through diverse educational choices. The project focuses on synergies and scaling compared to previous efforts, and in particular the concept of ""The Green Heroes of the Future"" is expanded.","Fyrtårn Syd fastholder sine fire prioriteter indenfor arbejdskraft. Projektet under indsatsområde 2.1.1 (Erhvervsuddannelse og videregående uddannelse) sigter mod at øge optaget på erhvervs- og videregående uddannelser, samt på at synliggøre karrieremuligheder for unge inden for energisektoren, særligt grøn energi og sektorkobling. Målet er et øget udbud af kvalificeret arbejdskraft.Virkemidlerne er ung-til-ung kommunikation, ambassadørskab, målrettede vejledningsredskaber, erhvervspartnerskaber, synlighed i samarbejde med både uddannelsesinstitutioner, virksomheder og andre aktører. Der arbejdes på tværs af klassiske siloer i uddannelsessystemet og der sættes fokus på mulighederne for at bidrage til grøn omstilling gennem forskelligartede uddannelsesvalg. I projektet er der fokus på synergier og skalering i forhold til tidligere indsatser, og særligt konceptet ""Fremtidens Grønne Helte"" udvides.",,,,,DK
https://linkedopendata.eu/entity/Q7525659,2021DK16RFPR001_RF-24-0136,The connection between the sea and the fjord,Forbindelsen mellem hav og fjord,Denmark,14/08/2024,31/12/2027,33.0,4866322.39,EUR,1602439.92,https://linkedopendata.eu/entity/Q7525594,"56.166666666667,9.5",,,,,PO04,Social Europe,RSO4.6,RSO4.6,ERDF,European Regional Development Fund,2021DK16RFPR001,Smart green and digital transition of enterprises - DK – ERDF,,,,,Central Denmark,,,DK04,,2021-2027,"The connection between the sea and the fjord is an urban development project in Hvide Sande, which establishes a recreational connection through the city, enabling the construction of a new central area for tourism and commercial business development. The project contributes to the vision from the Strategic-Physical Development Plan for Hvide Sande by creating synergy between tourism, port activities and settlement, as well as the establishment of a new public urban space. A new swing bridge and Byens Plads connect Sluseøen and the city centre, which improves the flow of movement and prioritizes vulnerable road users. The new recreational connection is part of the development of quality tourism in Hvide Sande. The project is expected to attract investors, promote year-round tourism and support the development of retail and tourism industries in the area.","Forbindelsen mellem hav og fjord er et byudviklingsprojekt i Hvide Sande, der etablerer en rekreativ forbindelse gennem byen, hvilket muliggør udlægning af et nyt centralt areal til turisme og kommerciel erhvervsudvikling. Projektet bidrager til visionen fra den Strategisk-fysiske Udviklingsplan for Hvide Sande ved at skabe synergi mellem turisme, havneaktiviteter og bosætning, samt etablering af et nyt offentligt byrum. En ny svingbro og Byens Plads forbinder Sluseøen og bymidten, hvilket forbedrer bevægelsesflowet og prioriterer bløde trafikanter. Den nye rekreative forbindelse er en del af udvikling af kvalitetsturisme i Hvide Sande. Projektet forventes at tiltrække investorer, fremme helårsturisme og støtte udviklingen af detail- og turismeerhverv i området.",,,,,DK
https://linkedopendata.eu/entity/Q7525672,2021DK05SFPR001_SFO-23-0023,PIT - Paradigm Change for Implementation of Welfare Technology,PIT - Paradigmeskifte for Implementering af velfærdsTeknologi,Denmark,01/01/2024,31/12/2026,42.0,1364266.15,EUR,572991.78,https://linkedopendata.eu/entity/Q7525570,"55.166666666667,11.833333333333",,,,,PO04,Social Europe,ESO4.7,ESO4.7,ESF+,European Social Fund Plus,2021DK05SFPR001,Education and Skills - DK - ESF+,,,,,Region Zealand,,,DK02,,2021-2027,"The aim of the project is to accelerate the spread of welfare technology through a focus on upskilling the downstream sector in the implementation and scaling of the virtual citizens' meeting (VitaComm) and partly through a focus on skills development in relation to a general organisational and cultural change in the municipal care work. The virtual citizens' meeting is an app and a software system for screen visits, video meetings, call and chat communication and file sharing.The project focuses on the basic upskilling and professional cultural change that lies behind a complete implementation of welfare technology solutions, including the virtual citizens' meeting. The project contributes to this through six main activities including the development of a generic implementation and scaling model and a number of upskilling courses for managers and various employee groups, including professional bachelors, key employees and home care workers. Development of a generic implementation and scaling modelHA2: Masterclass for management groupHA3: Upskilling of professional bachelorsHA4: Training of technology agentsHA5: Targeted training of employeesHA6: Implementation, scaling and further development","Formålet med projektet er at accelerere spredningen af velfærdsteknologi gennem fokus på opkvalificering af aftagerleddet i implementering og skalering af det virtuelle borgermøde (VitaComm) og dels gennem fokus på kompetenceudvikling i forhold til en generel organisations- og kulturforandring i det kommunale pleje- og omsorgsarbejde. Det virtuelle borgermøde er en app og et softwaresystem til skærmebesøg, videomøder, opkalds- og chatkommunikation og fildeling.Projektet har fokus på den grundlæggende opkvalificering og faglige kulturændring, der ligger bag en fuldendt implementering af velfærdsteknologiske løsninger, herunder det virtuelle borgermøde. Projektet bidrager til dette gennem seks hovedaktiviteter omfattende udvikling af en generisk implementerings- og skaleringsmodel og en række opkvalificeringsforløb til ledere og forskellige medarbejdergrupper, herunder professionsbachelorer, nøglemedarbejdere og hjemmeplejemedarbejdere.Projektet indeholder 6 hovedaktiviteter:HA1: Udvikling af en generisk implementerings- og skaleringsmodelHA2: Masterclass for ledergruppeHA3: Opkvalificering af professionsbachelorerHA4: Uddannelse af teknologiagenterHA5: Målrettet efteruddannelse af medarbejdersidenHA6: Implementering, skalering og videreudvikling",,,,,DK
https://linkedopendata.eu/entity/Q7525684,2021DK05SFPR001_SFO-23-0013,Fehmarn Lighthouse II qualified workforce,Femern Fyrtårn II kvalificeret arbejdskraft,Denmark,01/09/2023,31/08/2026,40.0,5586474.4,EUR,2219584.64,https://linkedopendata.eu/entity/Q7525571,"55.166666666667,11.833333333333",,,,,PO04,Social Europe,ESO4.7,ESO4.7,ESF+,European Social Fund Plus,2021DK05SFPR001,Education and Skills - DK - ESF+,,,,,Region Zealand,,,DK02,,2021-2027,"Femern Lighthouse II - Qualified workforce works with: Strategic skills upgrading of 100 companies through competency plans and upskilling of at least 1000 employees through continuing education in sustainable construction and the business potentials derived from Fehmarn.Highly qualified and specialized workforce for sustainable construction and derived business potentials in the form of special business-skilling courses, ""Case Competitions"" and business collaborations with 650 students and students.Knowledge and learning center captures the unique knowledge developed in the Fehmarn building and works in an interaction between physical and digital manifestations that private and public actors use and participate in to acquire critical knowledge and specialized competencies in sustainable construction and civil engineering, as well as inspiration and career learning for young people in relation to working with construction and civil engineering.","Femern Fyrtårn II - Kvalificeret arbejdskraft arbejder med:Strategisk kompetenceløft af 100 virksomheder via kompetenceplaner og opkvalificering af mindst 1000 medarbejdere gennem efteruddannelse indenfor bæredygtigt byggeri og erhvervspotentialerne afledt af Femern.Højt kvalificeret og specialiseret arbejdskraft til bæredygtigt byggeri og anlæg samt afledte erhvervspotentialer i form af særlige erhvervskompetencegivende kurser, ""Case Competitions"" og virksomhedssamarbejder med 650 studerende og elever.Videns- og læringscenter indfanger den unikke viden, der udvikles i Femern-byggeriet og fungerer i et samspil mellem fysiske og digitale manifestationer, som private og offentlige aktører bruger og indgår i for at erhverve kritisk viden og specialiserede kompetencer indenfor bæredygtigt byggeri og anlægsarbejde, samt som inspiration og karrierelæring for unge i forhold til at arbejde med byggeri og anlæg.",,,,,DK
https://linkedopendata.eu/entity/Q7525705,2021DK16RFPR001_RF-23-0048,Thyborøn 2.0: The maritime force,Thyborøn 2.0: Den maritime kraft,Denmark,22/05/2023,31/12/2027,40.0,4550433.94,EUR,1820169.68,https://linkedopendata.eu/entity/Q7525605,"56.166666666667,9.5",,,,,PO04,Social Europe,RSO4.6,RSO4.6,ERDF,European Regional Development Fund,2021DK16RFPR001,Smart green and digital transition of enterprises - DK – ERDF,,,,,Central Denmark,,,DK04,,2021-2027,"Thyborøn 2.0: The maritime force will give Thyborøn the important boost it needs to live out its full potential as one of the West Coast's strongest resorts. The natural wayfinding between the districts must be strengthened, and activities, experiences, museums, etc. must be linked to improved infrastructure, parking spaces, connecting paths and living spaces. The project will contribute to a structural transformation of the city, which will give the existing tourism industry increased opportunities for more and better products and experiences and create the conditions for attracting new, private investments in experiences and accommodation capacity to the city, so that Thyborøn becomes an even more attractive city to visit, live and work in.","Thyborøn 2.0: Den maritime kraft vil give Thyborøn det vigtige løft, der skal til for, at den kan udleve sit fulde potentiale som ét af Vestkystens stærkeste feriesteder. Den naturlige wayfinding mellem bydelene skal styrkes, og aktiviteter, oplevelser, museer mv. skal bindes sammen med forbedret infrastruktur, p-pladser, forbindelsesstier og opholdsrum. Projektet vil bidrage til en strukturel transformation af byen, der skal give det eksisterende turismeerhverv øget mulighed for flere og bedre produkter og oplevelser og skabe forudsætningerne for at tiltrække nye, private investeringer i oplevelser og overnatningskapacitet til byen, så Thyborøn bliver en endnu mere attraktiv by at besøge, bo og arbejde i.",,,,,DK
https://linkedopendata.eu/entity/Q7525730,2021DK05SFPR001_SFO-22-0003,#BIO2ME - More Bachelor of Engineering for the Green Transition,#BIO2ME - Flere Diplomingeniører til den grønne omstilling,Denmark,15/06/2022,31/12/2026,60.0,2135250.0,EUR,1281150.0,https://linkedopendata.eu/entity/Q7525620,"55.166666666667,11.833333333333",,,,,PO04,Social Europe,ESO4.5,ESO4.5,ESF+,European Social Fund Plus,2021DK05SFPR001,Education and Skills - DK - ESF+,,,,,Region Zealand,,,DK02,,2021-2027,"#BIO2ME ... ""An education for the green transition is right for me!""""#BIO2ME"" motivates and gives skills boost to unskilled & skilled workers, so that they train to graduate engineer in biotechnology or mechanical technology in Region Zealand - which with the business lighthouse ""Biosolutions"" has an increasing need for qualified labour.Come up the CompetenceTrappen!Participants use the ""CompetenceTrappen"", where they in several steps get 1:1 advice, real competence check and courses at VUC, Erhvervshus Sjælland and Professionhøjskolen Absalon.Participants will be affiliated with regional mentor SMEs, which then get relations with candidates in the food chain. A follow-up group assures the quality of the project; BiotekByen, C25 companies and SMEs, employers' organisations, the Regional Labour Market Council and others.","#BIO2ME ... ""En uddannelse til den grønne omstilling passer til mig!""""#BIO2ME"" motiverer og giver kompetenceløft til ufaglærte & faglærte, så de uddanner sig til diplomingeniør i bioteknologi eller maskinteknologi i Region Sjælland - som med erhvervsfyrtårnet ""Biosolutions"" har stigende behov for kvalificeret arbejdskraft.Kom med op ad KompetenceTrappen!Deltagerne bruger ""KompetenceTrappen"", hvor de på flere trin får 1:1 rådgivning, realkompetencetjek og forløb hos VUC, Erhvervshus Sjælland og Professionshøjskolen Absalon.Deltagerne bliver tilknyttet regionale mentor SMV'er, der så får relationer til kandidater i fødekæden. En følgegruppe kvalitetssikrer projektet; BiotekByen, C25 virksomheder og SMV'er, arbejdsgiverorganisationer, det regionale arbejdsmarkedsråd m.fl.",,,,,DK
https://linkedopendata.eu/entity/Q7525636,2021DK05SFPR001_SFSSO-25-0009,A holistic approach to the socially vulnerable homeless in Zealand and the islands,Helhedsorienteret indsats for socialt udsatte hjemløse på Sjælland og øerne,Denmark,24/06/2025,31/12/2027,90.0,548888.89,EUR,494000.0,https://linkedopendata.eu/entity/Q7525560,"55.166666666667,11.833333333333",,,,,PO04,Social Europe,ESO4.12,ESO4.12,ESF+,European Social Fund Plus,2021DK05SFPR001,Education and Skills - DK - ESF+,,,,,Region Zealand,,,DK02,,2021-2027,"The Church's Army of the Cross strengthens the efforts for homeless people across Zealand. Through six heating rooms and two mobile units, the project reaches out to citizens who fall outside existing assistance systems.The initiative offers health care, covers basic needs for food, clothing and bath, and builds bridges with municipalities and health services. Mobile heating rooms seek out homeless people in remote areas on Lolland-Falster/South Zealand and Holbæk-Odsherred. The aim is to stabilise the situation of citizens and pave the way to housing and lasting support through trust-based relationship work.","Kirkens Korshær styrker indsatsen for hjemløse på tværs af Sjælland. Gennem seks varmestuer og to mobile enheder når projektet ud til borgere, som falder uden for eksisterende hjælpesystemer.Indsatsen tilbyder sundhedshjælp, dækker basale behov for mad, tøj og bad, samt bygger bro til kommuner og sundhedsvæsen. Mobile varmestuer opsøger hjemløse i afsidesliggende områder på Lolland-Falster/Sydsjælland og Holbæk-Odsherred. Målet er at stabilisere borgernes situation og bane vejen til bolig og varig støtte gennem tillidsbaseret relationsarbejde.",,,,,DK
https://linkedopendata.eu/entity/Q7420753,2021EUIXXXXXXXX_EUI02-144,CULTIGEN,CULTIGEN,Denmark,01/12/2024,31/05/2028,80.0,4691761.6,EUR,3753409.28,https://linkedopendata.eu/entity/Q7420644,"55.6867243,12.5700724",,,,,PO05,Europe closer to citizens,,,ERDF,European Regional Development Fund,2021EUIXXXXXXXX,European Urban Initiative 2021-2027,,DK_101,København,,,Byen København,,,DK011,2021-2027,"With projections estimating 1.8 billion international tourists globally by 2030, Copenhagen faces the need for effective tourism management to prevent conflicts between locals and tourists. The project aims to co-develop new ways of measuring tourism impacts and a blueprint model for sustainable tourism governance, fostering a generative approach to tourism beyond traditional areas of the city centre. It recognizes the importance of diversifying cultural and leisure offerings in various neighbourhoods to enhance both the visitor experience and the well-being of locals. Proposing a transformative solution, the project introduces a digital Urban Listening Toolkit. This toolkit engages diverse local users and visitors, collecting, analysing, and visualizing data on urban experiences and concerns. The resulting data set contributes to sustainable tourism storytelling. The open-source codebase allows interaction and input from users. Furthermore, the project involves local ambassadors in co-creating interactive activities and stories, empowering stakeholders, businesses, and start-ups to develop innovative, sustainable tourism offerings. This approach enables urban planners and decision-makers to understand urban behaviours and values, fostering inclusive, collaborative, and open decision-making processes.","Med fremskrivninger, der estimerer 1,8 milliarder internationale turister globalt i 2030, står København over for behovet for effektiv turismestyring for at forhindre konflikter mellem lokale og turister. Projektet har til formål i fællesskab at udvikle nye metoder til måling af turismens virkninger og en model for bæredygtig turismeforvaltning, der fremmer en generativ tilgang til turisme ud over de traditionelle områder i byens centrum. Den anerkender vigtigheden af at diversificere kultur- og fritidstilbud i forskellige kvarterer for at forbedre både besøgendes oplevelse og lokalbefolkningens trivsel. Med et forslag til en transformativ løsning introducerer projektet et digitalt Urban Listening Toolkit. Dette værktøjssæt engagerer forskellige lokale brugere og besøgende, indsamler, analyserer og visualiserer data om byoplevelser og bekymringer. Det resulterende datasæt bidrager til bæredygtig turismefortælling. Open source-kodebasen giver mulighed for interaktion og input fra brugerne. Desuden involverer projektet lokale ambassadører i fælles skabelse af interaktive aktiviteter og historier, der sætter interessenter, virksomheder og nystartede virksomheder i stand til at udvikle innovative, bæredygtige turismetilbud. Denne tilgang gør det muligt for byplanlæggere og beslutningstagere at forstå byernes adfærd og værdier og fremme inklusive, samarbejdsbaserede og åbne beslutningsprocesser.",,,,,DK
https://linkedopendata.eu/entity/Q7525737,2021DK05SFPR001_SF-22-0008,Qualified workforce for the green future,Kvalificeret arbejdskraft til den grønne fremtid,Denmark,13/06/2022,31/12/2024,40.0,356157.22,EUR,137782.89,https://linkedopendata.eu/entity/Q7525624,"57.18,9.67",,,,,PO04,Social Europe,ESO4.5,ESO4.5,ESF+,European Social Fund Plus,2021DK05SFPR001,Education and Skills - DK - ESF+,,,,,North Denmark Region,,,DK05,,2021-2027,"The project is a North Jutland project implemented in cooperation between University College UCN, TECHCOLLEGE and EUC Nord. The aim of the project is to upskill the target group for a formal qualifying education to support green transition in North Jutland SMEs. The formal education is combined with a handheld effort that ensures the participants' retention in education and contributes to strengthening the implementation of the green transition in the companies. There will be a close link with the business support system, so that existing schemes complement the efforts of the project.","Projektet er et nordjysk projekt, der implementeres i samarbejde mellem Professionshøjskolen UCN, TECHCOLLEGE og EUC Nord. Projektets formål er at opkvalificere målgruppen til en formel kompetencegivende uddannelse til understøttelse af grøn omstilling i nordjyske SMV'er.Projektet sætter i høj grad fokus på de nordjyske virksomhedernes behov for fremtidige kompetencer, så der sikres kvalificeret arbejdskraft og en fortsat positiv udvikling af Region Nordjylland. Den formelle uddannelse kombineres med en håndholdt indsats, der sikrer deltagernes fastholdelse i uddannelse samt medvirker til at styrke implementeringen af den grønne omstilling i virksomhederne. Der vil være en tæt kobling til erhvervsfremmesystemet, så eksisterende ordninger supplerer indsatsen i projektet.",,,,,DK
https://linkedopendata.eu/entity/Q7525677,2021DK16RFPR001_RF-23-0118,Implementation and scaling of digital training in the municipal rehabilitation and rehabilitation efforts,Implementering og skalering af digital træning i den kommunale rehabiliterings- og genoptræningsindsats,Denmark,01/12/2023,31/12/2025,15.0,1631919.2,EUR,247566.03,https://linkedopendata.eu/entity/Q7525589,"57.18,9.67",,,,,PO01,Smarter Europe,RSO1.3,RSO1.3,ERDF,European Regional Development Fund,2021DK16RFPR001,Smart green and digital transition of enterprises - DK – ERDF,,,,,North Denmark Region,,,DK05,,2021-2027,"In a public-private innovation collaboration (OPI), Thisted Municipality, Haderslev Municipality and ExorLive will implement the use of labour-saving welfare technology in the municipal rehabilitation and rehabilitation efforts in the elderly area with a view to accommodating the municipalities' demographic challenges and increasing ExorLive's opportunities for scaling nationally as well as internationally. Through an iterative implementation, it will be possible to adapt the welfare technology solution along the way, based on acquired experience from the project municipalities. At the end of the project, ExorLive will therefore have built up knowledge and experience to qualify marketing material that will be able to form the basis for increased turnover in the Danish and international market.","I et offentligt-privat innovationssamarbejde (OPI) vil Thisted Kommune, Haderslev Kommune og ExorLive implementere brugen af arbejdskraftbesparende velfærdsteknologi i den kommunale rehabiliterings- og genoptræningsindsats på ældreområdet med henblik på at imødekommende kommunernes demografiske udfordringer samt øge ExorLives muligheder for skalering nationalt såvel som internationalt.I projektet vil Thisted Kommune og Haderslev Kommune implementere og lokalt skalere ExorLives Kommunepakke ""Fagpersonpakken"". Gennem en iterativ implementering bliver der mulighed for at tilpasse den velfærdsteknologiske løsning undervejs, baseret på indhentede erfaringer fra projektkommunerne. Ved projektafslutning vil ExorLive derfor have opbygget viden og erfaring til kvalificering af markedsføringsmateriale, der vil kunne danne grundlag for en øget omsætning på det danske og internationale marked.",,,,,DK
https://linkedopendata.eu/entity/Q7525632,2021DK16JTPR001_FRO-24-0104,Carbon Transformation Energy Control Hub (C-TECH),Carbon Transformation & Energy Control Hub (C-TECH),Denmark,24/09/2025,24/09/2028,80.0,3618608.83,EUR,2894887.06,https://linkedopendata.eu/entity/Q7525561,"55.333333333333,9.6666666666667",,,,,PO08,Just Transition,JTF,JTF,JTF,Just Transition Fund,2021DK16JTPR001,Green technologies and skills - DK - JTF,,,,,Southern Denmark,,,DK03,,2021-2027,"The aim of the project is to create a modular testing platform to establish a CCUS and PtX ecosystem where each container solution can be operated independently or as a connected system. The test centre will accelerate existing and innovative technologies and enable competency development, where competency-oriented initiatives will deliver future engineers and know-how to the CCUS and PtX industries, as well as establish a strong collaboration with local companies and public institutions in South Jutland. In continuation of this, Aalborg University will hold workshops and matchmaking between companies and students, as well as high schools and primary schools.","Formålet med projektet er at skabe en modulær testplatform for at etablere et CCUS- og PtX-økosystem, hvor hver containerløsning kan opereres selvstændigt eller som et forbundet system. Testcenteret skal fremskynde eksisterende og innovative teknologier og muliggøre kompetenceudvikling, hvor kompetencerettede indsatser vil levere fremtidens ingeniører og knowhow til CCUS- og PtX-industrien, samt etablere et stærkt samarbejde med lokale virksomheder og offentlige institutioner i Sydjylland. I forlængelse af dette vil Aalborg Universitet afholde workshops og matchmaking mellem virksomheder og studerende, samt gymnasier og folkeskoler.",,,,,DK
https://linkedopendata.eu/entity/Q7525735,2021DK05SFPR001_SF-22-0030,NextGen All Inclusive,NextGen All Inclusive,Denmark,14/06/2022,31/03/2026,38.0,3580628.18,EUR,1360638.71,https://linkedopendata.eu/entity/Q7525592,"55.333333333333,9.6666666666667",,,,,PO04,Social Europe,ESO4.8,ESO4.8,ESF+,European Social Fund Plus,2021DK05SFPR001,Education and Skills - DK - ESF+,,,,,Southern Denmark,,,DK03,,2021-2027,"All Inclusive is about:Getting citizens on the edge of the labour market developed for employment, through cooperation between job centers, companies, Ballisager, and organizations in NextGen RoboticsAchieving substitution, so that citizens on the edge of the labour market release time with highly specialized laborAt helping companies develop and implement concepts that make use of citizens on the edge in the development of the companyAt creating a concept for and coherence between job centers, companies, and organizations across the geography of Funen, and a lasting effectAt supporting the green transition and sustainability, including the sustainability objective Fyn2030The project is written into the government's partnership agreement with the lighthouse in the decentralized business promotion strategy for Funen.","All Inclusive handler om:At få borgere på kanten af arbejdsmarkedet udviklet til beskæftigelse, gennem samarbejde mellem jobcentre, virksomheder, Ballisager, og organisationer i NextGen RoboticsAt opnå substitution, så borgere på kanten af arbejdsmarkedet frigiver tid hos højt specialiseret arbejdskraftAt hjælpe virksomheder med at udarbejde og implementere koncepter, der gør brug af borgere på kanten i udvikling af virksomhedenAt skabe et koncept for og sammenhæng mellem jobcentre, virksomheder, og organisationer på tværs af den fynske geografi, og en blivende effektAt understøtte den grønne omstilling og bæredygtighed, bl.a. bæredygtighedsmålsætningen Fyn2030Projektet er skrevet ind i regeringens partnerskabsaftale med fyrtårnet i den decentrale erhvervsfremmestrategi for Fyn.",,,,,DK
https://linkedopendata.eu/entity/Q7525706,2021DK16RFPR001_RF-23-0057,Sustainable development of the living and tourism city of Juelsminde,Bæredygtig udvikling af levebyen og turismebyen Juelsminde,Denmark,22/05/2023,01/06/2027,40.0,6229011.94,EUR,2491604.77,https://linkedopendata.eu/entity/Q7525606,"56.166666666667,9.5",,,,,PO04,Social Europe,RSO4.6,RSO4.6,ERDF,European Regional Development Fund,2021DK16RFPR001,Smart green and digital transition of enterprises - DK – ERDF,,,,,Central Denmark,,,DK04,,2021-2027,"The project aims to renew the harbour area and the urban large beach in Juelsminde, so it inspires activity and stay and connects the harbour, city centre and beach better together. This makes the port area more attractive and improves the tourism product. The project is part of the municipality's development plan for the port area, which opens up for private investment in new building fields and development areas in and around the port. The harbour square will inspire play and recreation, including a maritime playground and crab bridges. The second element of the project will strengthen the physical and visual connection between the city centre and the port area, creating a better flow of visitors between the city's most attractive areas. In practice, physical barriers such as planks, hedges and outbuildings must be removed, thereby connecting the new harbour square to the city centre. In order to strengthen the visual coherence, a uniform coating, lighting, planting and urban fixtures are established. Finally, a beach park will be created with a number of recreational initiatives on the urban large beach, which will be established in connection with a parallel high-water protection project under the auspices of Juelsminde Digelag. The beach park must contain sunbeds, coastal terraces, urban space fixtures and an open-air support point with public facilities such as toilets, changing rooms, outdoor showers, shower chairs for the disabled, etc.","Projektet har til formål at forny havneområdet og den bynære storstrand i Juelsminde, så det inspirerer til aktivitet og ophold og binder havn, bymidte og strand bedre sammen. Herved gøres havneområdet mere attraktivt og turismeproduktet forbedres. Projektet indgår som en del af kommunens udviklingsplan for havneområdet, hvori der rundt om projektet åbnes for private investeringer i nye byggefelter og udviklingsarealer i og omkring havnen.Projektets hovedelement er etableringen af et nyt havnetorv på et areal, der hidtil har været parkerings- og bådopbevaringsareal. Havnetorvet skal inspirere til leg og ophold og bl.a. indeholde maritim legeplads og krabbebroer. Projektets andet element vil styrke den fysiske og visuelle sammenhæng mellem bymidten og havneområdet, så der skabes et bedre flow af besøgende mellem byens mest attraktive områder. I praksis skal de fysiske barrierer fjernes såsom plankeværk, hæk og udhuse, hvorved det nye havnetorv kobler sig på bymidten. For at styrke den visuelle sammenhæng etableres en ensartet belægning, belysning, beplantning og byrumsinventar. Endelig skal der laves en strandpark med en række rekreative tiltag på den bynære storstrand, som etableres i tilknytning til et sideløbende højvandssikringsprojekt i regi af Juelsminde Digelag. Strandparken skal indeholde solurplads, kystterrasser, byrumsinventar og et friluftstøttepunkt med offentlige faciliteter såsom toiletter, omklædning, udendørs bruser, badestole til handicappede mm.",,,,,DK
https://linkedopendata.eu/entity/Q7525724,2021DK05SFPR001_SFHS-22-0003,"At FGU, I'm welcome at the club. That's why I'm coming!",På FGU er jeg velkommen i klubben. Derfor kommer jeg!,Denmark,31/08/2022,01/06/2026,40.0,1040000.0,EUR,416000.0,https://linkedopendata.eu/entity/Q7525615,"55.8616018,12.3137969",,,,,PO04,Social Europe,ESO4.6,ESO4.6,ESF+,European Social Fund Plus,2021DK05SFPR001,Education and Skills - DK - ESF+,,,,,Capital Region of Denmark,,,DK01,,2021-2027,"The aim of the project is to develop initiatives that can increase well-being and mental health at FGU in order to prevent absenteeism and ensure completed education. The project consists of four main activities: Frequent well-being measurements that ensure the necessary data so that FGU institutions can make concrete and past well-being efforts.Teaching activities based on the approach ""ABC for mental health"".Development of employee skills in well-being and young people's mental health as well as sparring and supervision.""Trives on the school curriculum"" creates dialogue with students about what it takes for them to thrive in their schooling.Results:Measurable results that can be read positively in both well-being measurements, absence and drop-out statistics.","Projektets formål er at udvikle indsatser, der kan øge trivslen og den mentale sundhed på FGU for derigennem at forebygge fravær og sikre gennemførte uddannelser.Målgruppe:Unge i målgruppen for FGU.Aktiviteter: Projektet består af fire hovedaktiviteter:Hyppige trivselsmålinger, der sikrer den nødvendige data, så FGU-institutionerne kan gøre konkrete og tidligere trivselsindsatser.Undervisningsaktiviteter med udgangspunkt i tilgangen ""ABC for mental sundhed"".Udvikling af medarbejderkompetencer i trivsel og unges mentale sundhed samt sparring og supervision.""Trivsel på skoleskemaet"" skaber dialog med eleverne om, hvad der skal til, for at de trives i deres skolegang.Resultater:Målbare resultater, der kan aflæses positivt i både trivselsmålinger, fraværs- og frafaldsstatistikker.",,,,,DK
https://linkedopendata.eu/entity/Q7525739,2021DK05SFPR001_SFMJ-22-0005,"Complementum - Enhancing implementation through strengthening learning, communities and transitions","Complementum - øget gennemførelse gennem styrkelse af læring, fællesskaber og overgange",Denmark,01/06/2022,31/12/2025,40.0,1820000.0,EUR,728000.0,https://linkedopendata.eu/entity/Q7525626,"56.166666666667,9.5",,,,,PO04,Social Europe,ESO4.5,ESO4.5,ESF+,European Social Fund Plus,2021DK05SFPR001,Education and Skills - DK - ESF+,,,,,Central Denmark,,,DK04,,2021-2027,"In the Central Denmark Region, the five SOSU schools have joined forces to work on increased implementation of welfare education. The project will develop, implement and implement competency development at the five SOSU schools in Central Denmark Region, focusing on the very diverse student group, where language, culture and relational skills are important themes. The better the students thrive, the greater their opportunities for learning and thus the completion of the education. 5 schools, 100 teachers and 800 students will be directly involved in the project.","I Region Midtjylland er de 5 SOSU-skoler gået sammen om at arbejde med øget gennemførelse på velfærdsuddannelserne. Projektet vil udvikle, implementere og gennemføre kompetenceudvikling på de fem SOSU-skoler i Region Midtjylland med fokus på den meget diverse elevgruppe, hvor bl.a. sprog, kultur og relationskompetencer er vigtige temaer.Derudover skal der udvikles, afprøves og implementeres særlige udviklede støtteindsatser målrettet eleverne på de fem skoler. Jo bedre eleverne trives, jo større er deres muligheder for læring og dermed gennemførelse af uddannelsen. 5 skoler, 100 undervisere og 800 elever bliver direkte involveret i projektet.",,,,,DK
https://linkedopendata.eu/entity/Q7525683,2021DK16RFPR001_RFO-23-0008,Biosolutions Zealand II - More SMEs in the value chain,Biosolutions Zealand II - Flere SMV'er i værdikæden,Denmark,01/09/2023,31/08/2026,60.0,1137110.0,EUR,682266.0,https://linkedopendata.eu/entity/Q7525555,"55.166666666667,11.833333333333",,,,,PO01,Smarter Europe,RSO1.3,RSO1.3,ERDF,European Regional Development Fund,2021DK16RFPR001,Smart green and digital transition of enterprises - DK – ERDF,,,,,Region Zealand,,,DK02,,2021-2027,"The project is part of an overall effort, the purpose of which is to further develop an international industrial beacon within biosolutions based in Region Zealand. This is done by developing more SMEs to enter into symbiosis and value chain collaborations with companies within biosolutions.Through the project, the symbiosis potential within biosolutions in Zealand is identified, and on this basis, Zealand SMEs with the potential to enter into biosolutions value chain or symbiosis collaborations are identified. 20 of them will be helped to adapt their business model and establish new business partnerships with biosolutions companies.The effort contributes to a broader, more resource-efficient lighthouse, where residues are used and used optimally, and which contributes to the green transition.","Projektet er en del af en samlet indsats, hvis formål er at videreudvikle et internationalt erhvervsfyrtårn inden for biosolutions med udgangspunkt i region Sjælland. Det sker ved at udvikle flere SMV'er til at indgå i symbiose- og værdikædesamarbejder med virksomheder inden for biosolutions.Gennem projektet afdækkes symbiosepotentialet inden for biosolutions på Sjælland, og på den baggrund identificeres sjællandske SMV'er med potentiale til at indgå i biosolutions værdikæde- eller symbiosesamarbejder. 20 af dem får hjælp til at tilpasse deres forretningsmodel og etablere nye forretningssamarbejder med biosolutions virksomheder.Indsatsen bidrager til et bredere, mere ressourceefficient fyrtårn, hvor restprodukter udnyttes og anvendes optimalt, og som bidrager til den grønne omstilling.",,,,,DK
https://linkedopendata.eu/entity/Q7525665,2021DK05SFPR001_SFHS-24-0008,Inclusive learning environments for the youth of the future,Inkluderende læringsmiljøer for fremtidens unge,Denmark,02/04/2024,30/06/2027,40.0,1037351.95,EUR,414940.78,https://linkedopendata.eu/entity/Q7525593,"55.8616018,12.3137969",,,,,PO04,Social Europe,ESO4.6,ESO4.6,ESF+,European Social Fund Plus,2021DK05SFPR001,Education and Skills - DK - ESF+,,,,,Capital Region of Denmark,,,DK01,,2021-2027,"Inclusive forms of learning for the young people of the future are developed in an extended team collaboration that works more closely and committedly together on the students' academic, social and emotional well-being. The aim of the project is to develop the students' ability to set goals, act and be able to live up to the schools' expectations of participating in positive communities. Inclusive forms of learning include professional courses, forms of work and feedback forms that give all students the opportunity to contribute positively to the learning community in class and the communities at the school.The teamwork, mentoring role and the inclusive professional courses, forms of work and feedback forms stimulate students' desire to complete an education, strengthen their motivation and create an attractive educational environment at the schools.","Inkluderende læringsformer for fremtidens unge udvikles i et udvidet teamsamarbejde, der arbejder tættere og forpligtende sammen om elevernes faglige, sociale og emotionelle trivsel. Projektets mål er, at udvikle elevernes evne til at sætte mål, handle og kunne leve op til skolernes forventninger om at deltage i positive fællesskaber. Vi udvikler et redskab og værktøjer til meningsfuld samtale, der kan støtte eleven i sin udvikling.Inkluderende læringsformer omfatter faglige forløb, arbejdsformer og feedbackformer, der giver alle elever muligheden for at bidrage positivt til læringsfællesskabet i klassen og fællesskaberne på skolen.Teamsamarbejdet, mentorrollen og de inkluderende faglige forløb, arbejdsformer og feedbackformer stimulerer elevernes lyst til at gennemføre en uddannelse, styrker deres motivation og skaber et attraktivt uddannelsesmiljø på skolerne.",,,,,DK
https://linkedopendata.eu/entity/Q7525714,2021DK05SFPR001_SFSS-22-0003,Compass The Cross Army of the Church - Social Inclusion for Homeless EU Migrants,Kompasset Kirkens Korshær - Social inklusion for hjemløse EU-migranter,Denmark,08/12/2022,31/12/2025,90.0,895198.77,EUR,805678.78,https://linkedopendata.eu/entity/Q7525611,"55.8616018,12.3137969",,,,,PO04,Social Europe,ESO4.12,ESO4.12,ESF+,European Social Fund Plus,2021DK05SFPR001,Education and Skills - DK - ESF+,,,,,Capital Region of Denmark,,,DK01,,2021-2027,"The project supports unregistered EU migrants who are homeless or at high risk of becoming homeless through a holistic, two-track approach. The aim is to ensure successful social and economic integration in Denmark as part of the European labour market: from chaotic living to structured daily life through basic life-sustaining efforts; accommodation, bath, food and clothing that directly and immediately improve the living conditions of the citizens.From unregistered to the register in Denmark through intensive counselling and concrete assistance with registration, so that migrants can take up work, get wages and pay taxes. Once the registration process has been completed, they can use other existing offers in Denmark.","Projektet støtter uregistrerede EU-migranter, som er hjemløse eller i høj risiko for at blive hjemløse, gennem en helhedsorienteret indsats i to spor. Indsatsen skal sikre vellykket social og økonomisk integration i Danmark som en del af det europæiske arbejdsmarked:Fra kaotisk livsførelse til struktureret dagligdag gennem basale livsopretholdende indsatser; overnatning, bad, mad og tøj, der direkte og øjeblikkeligt forbedrer borgernes livsvilkår.Fra uregistreret til registret i Danmark gennem intensivt rådgivningsforløb og konkret bistand til registrering, så migranterne kan tage arbejde, få løn og betale skat. Når registreringsprocessen er gennemført, kan de benytte andre eksisterende tilbud i Danmark.",,,,,DK
https://linkedopendata.eu/entity/Q7525715,2021DK05SFPR001_SFSL-22-0005,Active Introduction to Vocational Education and Training,Aktiv indføring til Erhvervsuddannelse,Denmark,02/11/2022,30/09/2024,57.0,533324.9,EUR,294742.09,https://linkedopendata.eu/entity/Q7525570,"55.166666666667,11.833333333333",,,,,PO04,Social Europe,ESO4.5,ESO4.5,ESF+,European Social Fund Plus,2021DK05SFPR001,Education and Skills - DK - ESF+,,,,,Region Zealand,,,DK02,,2021-2027,"The overall objective of the project is to increase the number of young people entering vocational training and thereby also increase the number of skilled workers in Region Zealand. Specifically, the project calculates an increased student intake of 300 as a result of the project.The project is based on four main activities:Searching young people also outside the project partners' primary area of coverage (education cities)Educational guidance carried out as a hackathon courseVisibility of future employment and job opportunities for the youth group via company representation - as well as Follow-up guidance and support offered by partner schools and collaborating companies.The project is carried out in cooperation with Roskilde Technical School, EUC Zealand and ZBC (project manager) in the period between January 2023 and December 2024.","Projektets overordnede mål er at øge antallet af unge, der påbegynder en erhvervsuddannelse og dermed også øge antallet af faglærte i Region Sjælland. Konkret kalkuleres med et - via projektet - øget elevoptag på 300 som følge af projektet.Projektet bygger på fire hovedaktiviteter:Opsøgning af unge også uden for projektpartnernes primære dækningsområde (uddannelsesbyer)Uddannelsesvejledning gennemført som hackathonforløbSynliggørelse af fremtidige beskæftigelses- og jobmuligheder for ungegruppen via virksomhedsrepræsentation - samtOpfølgende vejledning og støtte tilbudt af partnerskolerne og samarbejdende virksomheder.Projektet gennemføres i et samarbejde med Roskilde Tekniske Skole, EUC Sjælland og ZBC (projektansvarlig) i perioden mellem januar 2023 og december 2024.",,,,,DK
https://linkedopendata.eu/entity/Q7525762,2021DK16RFPR001_RFPRO-22-0002,Innovation power 23-24: Advanced Production - Corporate Commitments,Innovationskraft 23-24: Avanceret produktion - Virksomhedstilsagn,Denmark,25/05/2022,31/05/2025,40.0,2934238.58,EUR,1166574.56,https://linkedopendata.eu/entity/Q7525567,"55.8616018,12.3137969",,,,,PO01,Smarter Europe,RSO1.1,RSO1.1,ERDF,European Regional Development Fund,2021DK16RFPR001,Smart green and digital transition of enterprises - DK – ERDF,,,,,Capital Region of Denmark,,,DK01,,2021-2027,"The aim of the project is to get more SMEs to work with the use of new technology, digitalisation and green transition in their production. The project uses new knowledge from MADE's research platform in innovation activities, which with different formats are based on the needs and development height of SMEs. The projects are carried out with and between production companies, knowledge institutions and other clusters. In order to get the cluster's activities and knowledge out to more production companies throughout Denmark, the activities will be strongly locally anchored in cooperation with other business support actors.","Projektets formål er at få flere SMV'er til at arbejde med anvendelse af ny teknologi, digitalisering og grøn omstilling i deres produktion. I projektet anvendes ny viden fra MADE's forskningsplatform i innovationsaktiviteter, som med forskellige formater tager udgangspunkt i SMV'ernes behov og udviklingshøjde.Forskellige typer af samarbejdsprojekter skal facilitere, at virksomhederne implementerer produktions- og procesinnovation i praksis. Projekterne udføres med og mellem produktionsvirksomheder, vidensinstitutioner og andre klynger. For at få klyngens aktiviteter og viden ud til flere produktionsvirksomheder i hele Danmark vil aktiviteterne blive kraftigt lokalt forankret i samarbejde med andre erhvervsfremmeaktører.",,,,,DK
https://linkedopendata.eu/entity/Q7525669,2021DK05SFPR001_SFSD-23-0002,Well-being in Professional Learning Communities,Trivsel i Faglige Læringsfællesskaber,Denmark,15/01/2024,30/09/2026,40.0,2307500.0,EUR,923000.0,https://linkedopendata.eu/entity/Q7525584,"55.333333333333,9.6666666666667",,,,,PO04,Social Europe,ESO4.5,ESO4.5,ESF+,European Social Fund Plus,2021DK05SFPR001,Education and Skills - DK - ESF+,,,,,Southern Denmark,,,DK03,,2021-2027,"The project strengthens the students' social well-being in the academic part of the teaching, which requires a different didactics. Didactic Knowledge Personnel (DVP) facilitates the updating of well-being strategy and the transformation of teaching into well-being-enhancing professional learning communities (TFLs) in schools and actively participates in anchoring in teaching through increased knowledge, observation and sparring to teachers. TFL develops students' interpersonal skills, self-awareness, strength sides, initiative and courage to act and enables them to experience that learning happens through training of the imperfect with room for constructive, professional uncertainty, thereby creating professional pride. In addition, the transition from elementary school to elementary school and on to the main course, as well as the schools' SPS efforts, will be strengthened.The project comprises approximately 50 courses on elementary school 1 and 2 at a total of 12 partner schools.","Projektet styrker elevernes sociale trivsel i den faglige del af undervisningen, hvilket kræver en anden didaktik. Didaktiske VidenPersoner (DVP) faciliterer opdatering af trivselsstrategi og omlægning af undervisningen til trivselsfremmende faglige læringsfællesskaber (TFL) på skolerne og deltager aktivt i forankring i undervisningen gennem øget viden, observation og sparring til lærerne.Grundelementerne er relationen mellem elev og lærer og problembaserede, praksisnære cases relateret til faget. TFL udvikler elevernes samarbejdsevner, selvindsigt, styrkesider, initiativ og handlemod og gør det muligt for dem at opleve, at læring sker gennem træning af det uperfekte med plads til konstruktiv, faglig usikkerhed, hvorved faglig stolthed skabes. Desuden styrkes overgangen fra grundskole til grundforløb og videre til hovedforløb samt skolernes SPS-indsats.Projektet omfatter ca. 50 uddannelser på grundforløb 1 og 2 hos i alt 12 partnerskoler.",,,,,DK
https://linkedopendata.eu/entity/Q7525651,2021DK16JTPR001_FRO-24-0071,FiBrane: A UPW solution for offshore green H2,FiBrane: A UPW solution for offshore green H2,Denmark,01/01/2025,31/12/2027,80.0,1100495.42,EUR,880396.33,https://linkedopendata.eu/entity/Q7525561,"57.18,9.67",,,,,PO08,Just Transition,JTF,JTF,JTF,Just Transition Fund,2021DK16JTPR001,Green technologies and skills - DK - JTF,,,,,North Denmark Region,,,DK05,,2021-2027,"The project “FiBrane: A UPW Solution for Offshore Green H2 Production"" aims to further develop a new membrane technology that can effectively purify seawater into ultrapure water, which is used in electrolysis processes. Ultra pure water serves as the primary raw material for green hydrogen production and helps to ensure the optimal performance of the electrolyser. The project thus addresses the challenge of the PtX value chain requiring water, as abundant water is a prerequisite for realizing the potential of PtX. The project is a classic research and development project in which membrane technology must be raised from Technology Readiness Level (TRL) level 4 to TRL level 6 during the project period. The project has achieved TRL level 4 with support from Horizon 2020, Spin-outs Denmark and Innovation Fund Denmark and is now seeking support to bring membrane technology from laboratory scale to pilot plant scale.","Projektet ""FiBrane: A UPW Solution for Offshore Green H2 Production"" har til formål at videreudvikle en ny membranteknologi, der effektivt kan rense havvand til ultrarent vand, som anvendes i elektrolyseprocesser.Vand til Power-to-X (PtX) skal være ultrarent. Ultrarent vand fungerer som det primære råmateriale til grøn brintproduktion og er med til at sikre elektrolysatorens optimale ydeevne. Projektet adresserer således udfordringen i, at PtX-værdikæden kræver vand, da rigelige mængder vand er forudsætning for, at potentialet i PtX kan realiseres.Projektet er et klassisk forskning- og udviklingsprojekt, hvor membranteknologien skal løftes fra Technology Readiness Level (TRL)-niveau 4 til TRL-niveau 6 i projektperioden. Projektet har opnået TRL-niveau 4 med støtte fra Horizon 2020, Spin-outs Denmark og Innovationsfonden og søger nu støtte til at bringe membranteknologien fra laboratorieskala til pilotanlægsskala.",,,,,DK
https://linkedopendata.eu/entity/Q7525664,2021DK05SFPR001_SFHS-24-0012,Professional teaching at hf,Professionsrettet undervisning på hf,Denmark,03/04/2024,30/06/2027,40.0,937476.54,EUR,374990.62,https://linkedopendata.eu/entity/Q7525581,"55.8616018,12.3137969",,,,,PO04,Social Europe,ESO4.5,ESO4.5,ESF+,European Social Fund Plus,2021DK05SFPR001,Education and Skills - DK - ESF+,,,,,Capital Region of Denmark,,,DK01,,2021-2027,"HF students at STX schools to a lesser extent experience that their education is professional despite the fact that this was the intention of the 2017 upper secondary school reform. As the aim of the reform was to make HF a short route to short and medium-term higher education, this means that the students' path to e.g. welfare education is made more difficult. This is because teachers are used to teaching at STX and take this form of teaching with them at HF, and that teachers find it difficult to understand how and why to teach professionally at HF. The project therefore focuses on retraining the teachers of the participating upper secondary schools to teach professionally and develop concrete teaching materials for their subjects, which are shared on a common platform.","HF-elever på STX-skoler oplever i mindre grad, at deres uddannelse er professionsrettet på trods af, at det var hensigten med gymnasiereformen i 2017. Da reformen havde til formål at gøre HF til en kort vej til korte og mellemlange videregående uddannelser, betyder det, at elevernes vej til fx velfærdsuddannelserne bliver besværliggjort.Det skyldes, at lærerne er vant til at undervise på STX og tager den undervisningsform med på HF, og at lærerne har svært ved at forstå, hvordan og hvorfor man underviser professionsrettet på HF. Projektet har derfor fokus på at efteruddanne de medvirkende gymnasiers lærere til at undervise professionsrettet og udvikle konkret undervisningsmateriale til deres fag, som deles på en fælles platform.Vi håber dermed at bidrage til en HF, hvor eleverne føler en større grad af identitet på deres uddannelse, og hvor eleverne bliver undervist i retning af de påtænkte uddannelser, så de fortsætter i dem.",,,,,DK
https://linkedopendata.eu/entity/Q7525749,2021DK16RFPR001_RFPRO-22-0016,"Innovation power 23-24: Animation, Games and Movies - Cluster Pledges","Innovationskraft 23-24: Animation, spil og film - Klyngetilsagn",Denmark,30/05/2022,31/12/2024,39.0,1708742.85,EUR,663818.3,https://linkedopendata.eu/entity/Q7525629,"55.8616018,12.3137969",,,,,PO01,Smarter Europe,RSO1.1,RSO1.1,ERDF,European Regional Development Fund,2021DK16RFPR001,Smart green and digital transition of enterprises - DK – ERDF,,,,,Capital Region of Denmark,,,DK01,,2021-2027,"Games, film, television, animation and the new creative and advanced digital technologies such as virtual reality and XR technology are a Danish position of strength and a rapidly growing industry. Through the Innovation Power Programme, Vision Denmark works with this industry. The cluster works with six main activities focusing on, among other things, green and digital transformation in the digital visual industry and in the rest of the business community. With the grant from the Danish Business Promotion Board and the EU, the Vision Denmark cluster will ensure that Denmark gets maximum innovation and value from a Danish position of strength within advanced creative technology in an international and digital world.","Spil, film, tv, animation og de nye kreative og avancerede digitale teknologier som virtual reality og XR-teknologi er en dansk styrkeposition og en industri i hastig vækst. Gennem Innovationskraftprogrammet arbejder Vision Denmark klyngen med denne industri. Klyngen arbejder med seks hovedaktiviteter med fokus på bl.a. grøn og digital omstilling i den digitale visuelle industri og i det øvrige erhvervsliv. Med bevillingen fra Danmarks Erhvervsfremmebestyrelse og EU vil Vision Denmark klyngen sikre, at Danmark får maksimal innovation og værdi fra en dansk styrkeposition inden for avanceret kreativ teknologi i en international og digital verden.",,,,,DK
https://linkedopendata.eu/entity/Q7525650,2021DK16JTPR001_FRO-24-0056,Competitive PtX,Konkurrencedygtig PtX,Denmark,01/02/2025,31/01/2027,65.0,4723261.09,EUR,3079735.69,https://linkedopendata.eu/entity/Q7525557,"55.333333333333,9.6666666666667",,,,,PO08,Just Transition,JTF,JTF,JTF,Just Transition Fund,2021DK16JTPR001,Green technologies and skills - DK - JTF,,,,,Southern Denmark,,,DK03,,2021-2027,"The main objective of the project is the development of a modular, standardised and scalable production facility for hydrogen (""HydroGen2""), and support for competence development within PtX in South Jutland.The HydroGen2 concept uses standardised and industrialised electrolysers and develops a complete infrastructure based on the same industrial principles. The result will be that hydrogen can be produced significantly cheaper than is possible now.The competence building part is anchored in medium and long-term education in South Jutland and in concrete competence development of welders in industry. Master of Mechanical Engineering students gain access to test facilities at the programme, at SDU and Stiesdal Hydrogen, and SDU contributes to the optimization of the HydroGen2 concept with associated training materials, etc.","Projektet hovedformål er udvikling af et modulopbygget, standardiseret og skalerbart produktionsanlæg til brint (""HydroGen2""), og understøtning af kompetenceudvikling inden for PtX i Sydjylland.I HydroGen2-konceptet anvendes standardiserede og industrialiserede elektrolyseapparater, og der udvikles en komplet infrastruktur baseret på de samme industrielle principper. Resultatet vil være, at brint kan produceres væsentligt billigere, end det er muligt nu.Den kompetenceopbyggende del er forankret i mellemlange og lange uddannelser i Sydjylland og i konkret kompetenceudvikling af svejsere i industrien. Maskinmesterstuderende får adgang til test-anlæg på uddannelsen, ved SDU og Stiesdal Hydrogen, og SDU bidrager til optimering af HydroGen2-konceptet med tilhørende uddannelsesmaterialer mm.",,,,,DK
https://linkedopendata.eu/entity/Q7525741,2021DK05SFPR001_SFMJ-22-0006,"(B)STEM competences with SDGs, sustainability and teaching practices","(B)STEM-kompetencer med verdensmålene, bæredygtighed og praksis i undervisningen",Denmark,01/06/2022,30/06/2025,40.0,650000.0,EUR,260000.0,https://linkedopendata.eu/entity/Q7525628,"56.166666666667,9.5",,,,,PO04,Social Europe,ESO4.5,ESO4.5,ESF+,European Social Fund Plus,2021DK05SFPR001,Education and Skills - DK - ESF+,,,,,Central Denmark,,,DK04,,2021-2027,"The project works to strengthen the good and inspiring STEM teaching and it is done through a practice-oriented, inquiry-based, application- and problem-oriented, possible interdisciplinary and educational teaching. The project will create new knowledge about how we can strengthen the framework and conditions for competence development, so that there is time, space and competences for the good and inspiring STEM teaching. Develop and adapt the framework and conditions for teaching and teachers so that they to a greater extent create opportunities for good and inspiring STEM teaching. Develop and renew courses and/or offers that work to create good and inspiring STEM teaching.","Projektet arbejder med at styrke den gode og inspirerende STEM-undervisning og det gøres gennem en praksisnær, undersøgelsesbaseret, anvendelses og problemorienteret, mulig tværfaglig og lærerig undervisning. Projektet vil skabe ny viden om hvordan vi kan styrke rammer og vilkår for kompetenceudviklingen, så der er tid, rum og kompetencer til den gode og inspirerende STEM-undervisning. Udvikle og tilpasse rammer og vilkår for undervisningen og underviserne, så de i højere grad skaber mulighed for god og inspirerende STEM-undervisning. Udvikle og forny undervisningsforløb og/eller tilbud, der arbejder med at skabe god og inspirerende STEM-undervisning.",,,,,DK
https://linkedopendata.eu/entity/Q7525689,2021DK16JTPR001_FRO-23-0023,CO2Vision NeXt,CO2Vision NeXt,Denmark,24/08/2023,30/04/2027,48.0,12793435.92,EUR,6155486.17,https://linkedopendata.eu/entity/Q7525572,"57.18,9.67",,,,,PO08,Just Transition,JTF,JTF,JTF,Just Transition Fund,2021DK16JTPR001,Green technologies and skills - DK - JTF,,,,,North Denmark Region,,,DK05,,2021-2027,"The third phase of the North Jutland lighthouse project, CO2Vision NeXt, follows up on the initiatives initiated in the first two phases of the project. In CO2Vision NeXt, a number of companies and organizations will work dedicated to the establishment of three new mini lighthouses to test and demonstrate new CCUS solutions. In addition to the establishment of new mini lighthouses, CO2Vision NeXt also includes a number of other CCUS-promoting activities, including the facilitation of an industry-specific knowledge panel to prepare a strategic raodmap for CO2Vision efforts, a research and development project focusing on the development of networked business models for CCUS value chains, an acceleration course for start-ups, internationalization activities, as well as SME-oriented networking activities.","Tredje fase af det nordjyske fyrtårnsprojekt, CO2Vision NeXt, følger op på de tiltag, der blev igangsat i projektets første to faser. I CO2Vision NeXt vil en række virksomheder og organisationer arbejde dedikeret med etableringen af tre nye minifyrtårne, der skal teste og demonstrere nye CCUS-løsninger. Udover etableringen af nye minifyrtårne indeholder CO2Vision NeXt også en række andre CCUS-fremmende aktiviteter, herunder faciliteringen af et branchespecifikt videnspanel, der skal udarbejde et strategisk raodmap for CO2Vision indsatser, et forsknings- og udviklingsprojekt med fokus på udviklingen af netværksbaserede forretningsmodeller til CCUS-værdikæder, et accelerationsforløb for start-up virksomheder, internationaliseringsaktiviteter, samt SMV-rettede netværksaktiviteter.",,,,,DK
https://linkedopendata.eu/entity/Q7525729,2021DK05SFPR001_SF-22-0038,Training for green jobs,Uddannelse til grønne job,Denmark,15/06/2022,31/12/2025,40.0,2641548.0,EUR,1056619.2,https://linkedopendata.eu/entity/Q7525619,"56.166666666667,9.5",,,,,PO04,Social Europe,ESO4.5,ESO4.5,ESF+,European Social Fund Plus,2021DK05SFPR001,Education and Skills - DK - ESF+,,,,,Central Denmark,,,DK04,,2021-2027,"The secretariat ""Projektet imidt"" develops - in collaboration with a number of actors - ""Education for green jobs"", which is an inter-municipal project in the Central Denmark Region under the European Social Fund.The project is carried out over a 3-year period, and the aim is to develop and implement additional initiatives that individually and in context ensure that more pupils in the preparatory basic education (FGU) between the ages of 18-25 years continue their education in vocational education and training (VET). This is to promote a workforce that - in the long run - supports the green transition of companies. In the project, an additional model is developed and tested, where the young person is followed in a coherent, handheld process from search to FGU and to retention on VET.","Sekretariatet ""Projektet imidt"" udvikler - i samarbejde med en række aktører - ""Uddannelse til grønne job"", som er et tværkommunalt projekt i Region Midtjylland under den Europæiske Socialfond.Projektet gennemføres over en 3-årig periode, og formålet er at udvikle og gennemføre additionelle indsatser, der hver for sig og i sammenhæng sikrer, at flere elever på Den forberedende grunduddannelse (FGU) i alderen 18-25 år videreuddanner sig på en erhvervsuddannelse (EUD). Dette for at fremme en arbejdsstyrke, der - på den lange bane - understøtter virksomhedernes grønne omstilling. I projektet udvikles og afprøves en additionel model, hvor den unge følges i et sammenhængende, håndholdt forløb fra visitering til FGU og til fastholdelse på EUD.",,,,,DK
https://linkedopendata.eu/entity/Q7525732,2021DK05SFPR001_SF-22-0012,Green transition - a key element for social inclusion,Grøn omstilling - en nøglebrik til social inklusion,Denmark,15/06/2022,30/04/2025,23.0,3750509.46,EUR,870738.66,https://linkedopendata.eu/entity/Q7525578,"56.166666666667,9.5",,,,,PO04,Social Europe,ESO4.8,ESO4.8,ESF+,European Social Fund Plus,2021DK05SFPR001,Education and Skills - DK - ESF+,,,,,Central Denmark,,,DK04,,2021-2027,"Green transition – a key element for social sustainability; equips companies to recruit unemployed people on the edge for green job functions. The project develops a mapping tool to identify green tasks in the participating companies that can be solved by unemployed people from the edge of the labour market. Existing tools and offers for companies and unemployed people are supplemented and further developed with a focus on being able to contribute to the green transition. In order to ensure high quality, coordination and innovation, all good forces are gathered by the fact that the project takes place in close cooperation between companies, business organisations, vocational schools, municipalities and Cabi.","Grøn omstilling- en nøglebrik til social bæredygtighed; klæder virksomheder på til at rekruttere ledige på kanten til grønne jobfunktioner. Projektet udvikler et mapping-værktøj til at identificere grønne opgaver i de deltagende virksomheder, som kan løses af ledige fra kanten af arbejdsmarkedet.Med dette afsæt matches ledige med virksomhederne, og der designes et individuelt grønt inklusionsforløb. Eksisterende værktøjer og tilbud til virksomheder og ledige suppleres og videreudvikles med fokus på at kunne bidrage til grøn omstilling. For at sikre høj kvalitet, koordinering og nytænkning samles alle gode kræfter ved, at projektet foregår i et tæt samarbejde mellem virksomheder, erhvervsorganisationer, erhvervsskoler, kommuner og Cabi.",,,,,DK
https://linkedopendata.eu/entity/Q7525686,2021DK16RFPR001_RF-23-0039,Business Lighthouse South Phase 2 - Action Area 1.1,Erhvervsfyrtårn Syd Fase 2 - Indsatsområde 1.1,Denmark,01/09/2023,31/08/2026,40.0,2949633.41,EUR,1165164.35,https://linkedopendata.eu/entity/Q7525557,"55.333333333333,9.6666666666667",,,,,PO01,Smarter Europe,RSO1.1,RSO1.1,ERDF,European Regional Development Fund,2021DK16RFPR001,Smart green and digital transition of enterprises - DK – ERDF,,,,,Southern Denmark,,,DK03,,2021-2027,"The South Jutland Lighthouse Project has been established around the objective that the region should assume a key role in the green transition of the energy sector. The vision is to make the South Jutland region a showcase for solutions for green energy and sector coupling - not only nationally, but also internationally. In other words, Phase 2 contributes to further operationalizing the business lighthouse and the Partnership Agreement's five aims. Phase 2 the application continues research and innovation projects from Phase 1, initiates new projects and takes national leadership in green energy and sector coupling. In addition, Phase 2 is further developing the research centre with broad knowledge-building in the field of green energy and sector coupling. A next step in Phase 2 is to build a research identity for the centre. A total of 4 research and innovation projects will be carried out in the Phase 2 application.","Det sydjyske fyrtårnsprojekt er etableret omkring den målsætning, at landsdelen skal påtage sig en hovedrolle i den grønne omstilling af energisektoren. Visionen er at gøre den sydjyske region til et udstillingsvindue for løsninger til grøn energi og sektorkobling - ikke bare på nationalt, men også på internationalt plan. Med andre ord bidrager fase 2 til yderligere at operationalisere erhvervsfyrtårnet og Partnerskabsaftalens fem sigtelinje.Fase 2 ansøgningen viderefører forsknings- og innovationsprojekter fra fase 1, igangsætter nye projekter og tager nationalt lederskab inden for grøn energi og sektorkobling. Endvidere videreudvikler fase 2 forskningscenteret med videnopbygning bredt inden for grøn energi og sektorkobling. Et næste skridt i fase 2 er at opbygge en forskningsmæssige identitet for centeret. I alt gennemføres 4 forsknings- og innovationsprojekter i fase 2 ansøgningen.",,,,,DK
https://linkedopendata.eu/entity/Q7525740,2021DK05SFPR001_SFMJ-22-0004,Professionalisation of FGU's inclusive learning practices,Professionalisering af FGUs inkluderende læringspraksis,Denmark,01/06/2022,01/01/2025,32.0,1687515.21,EUR,543400.0,https://linkedopendata.eu/entity/Q7525627,"56.166666666667,9.5",,,,,PO04,Social Europe,ESO4.6,ESO4.6,ESF+,European Social Fund Plus,2021DK05SFPR001,Education and Skills - DK - ESF+,,,,,Central Denmark,,,DK04,,2021-2027,The project develops new methods and a pedagogical practice that strengthens FGU's lifting capacity in relation to the most vulnerable students in the target group for FGU. The project develops participatory and inclusive methods and practices to strengthen students' qualified self-determination through support for students' personal recovery and empowerment. The resource persons contribute to the formulation of concrete initiatives targeted at the students and in parallel establish a practice-oriented learning space for the staff.Personnel competence is developed within the recovery and rehabilitation approach and on this basis implements student courses with the purpose of maintaining our students in education.,"I projektet udvikles nye metoder og en pædagogisk praksis, der styrker FGUs løfteevne i forhold til de mest udsatte elever i målgruppen for FGU. Projektet udvikler involverende og inkluderende metoder og praksisser til styrkelse af elevernes kvalificerede selvbestemmelse gennem understøttelse af elevernes personlige recovery og empowerment.Udviklingen af nye metoder sker via projektansættelse af ressourcepersoner med viden om recovery- og rehabiliteringstilgange. Ressourcepersonerne bidrager til formulering af konkrete indsatser målrettet eleverne og parallelt hermed etablerer et praksisnært læringsrum for personalet.Personale kompetenceudvikles inden for recovery- og rehabiliteringstilgangen og gennemfører på baggrund heraf elevforløb med formålet om at fastholde af vores elever i uddannelse.",,,,,DK
https://linkedopendata.eu/entity/Q7525660,2021DK16RFPR001_RF-24-0139,The People's Park on the Peninsula in Ebeltoft,Folkeparken på Halvøen i Ebeltoft,Denmark,14/08/2024,31/12/2028,33.0,4924140.0,EUR,1621478.78,https://linkedopendata.eu/entity/Q7525577,"56.166666666667,9.5",,,,,PO04,Social Europe,RSO4.6,RSO4.6,ERDF,European Regional Development Fund,2021DK16RFPR001,Smart green and digital transition of enterprises - DK – ERDF,,,,,Central Denmark,,,DK04,,2021-2027,"The People's Park on the peninsula is a long-lasting transformation of an important tourism area. In the project, physical quality improvement, stronger cohesion, increased biodiversity and present aesthetics will together create growth potential for national and international tourism and at the same time secure the area against future climate challenges.The park will inspire stays, events and other activities that support an economically as well as environmentally, socially and culturally sustainable growth in the area's tourism.After a period of lagging behind strategic-physical investments in tourism infrastructure, the City Council of Syddjurs Municipality has adopted an ambitious comprehensive plan for the transformation of the port areas. The People's Park is the project's opening feature for future tourism investments.","Folkeparken på Halvøen er en langtidsholdbar transformation af et vigtigt turismeområde. I projektet vil fysiske kvalitetsløft, stærkere sammenhængskraft, øget biodiversitet og nærværende æstetik tilsammen skabe vækstpotentiale for national og international turisme og samtidig sikre området mod fremtidens klimaudfordringer.Folkeparken skal inspirere til ophold, events og andre aktiviteter som understøtter en økonomisk samt miljømæssig, socialt og kulturelt bæredygtig vækst i områdets turisme.Efter en periode med efterslæb på strategisk-fysiske investeringer i turisme infrastruktur, har byrådet i Syddjurs Kommune vedtaget en ambitiøs helhedsplan for transformation af havnearealerne. Folkeparken er projektets åbningstræk for fremtidige turismeinvesteringer.",,,,,DK
https://linkedopendata.eu/entity/Q7525718,2021DK05SFPR001_SFSD-22-0001,Green transition,Grøn omstilling,Denmark,15/09/2022,31/08/2026,40.0,1950000.0,EUR,780000.0,https://linkedopendata.eu/entity/Q7525584,"55.333333333333,9.6666666666667",,,,,PO04,Social Europe,ESO4.5,ESO4.5,ESF+,European Social Fund Plus,2021DK05SFPR001,Education and Skills - DK - ESF+,,,,,Southern Denmark,,,DK03,,2021-2027,"The project helps the business community to recruit skilled workers with skills for the green transition. The green value chain is implemented in all educational activities on an equal footing with the economic value chain. Vocational education and training teachers lack competences for this, due to the rapid development of materials, processes and products, as well as legislation. They need knowledge and a better overview of the complexity when decisions are also to be based on assessment of climate impact. The new knowledge is implemented in the teaching of core subjects and thereby strengthens the students' competencies for the green transition. The project includes 22 basic and main courses.","Projektet bidrager til, at erhvervslivet kan rekruttere faglærte med kompetencer til den grønne omstilling. Den grønne værdikæde implementeres i alle undervisningsaktiviteter på lige fod med den økonomiske værdikæde. Lærerne på erhvervsuddannelser mangler kompetencer til dette, grundet den hastige udvikling i materialer, processer og produkter samt lovgivning. De har brug for viden og et bedre overblik over kompleksiteten, når beslutninger også skal baseres på vurdering af klimabelastning.Projektet indledes med kompetenceløft af lærerne, både ift. deres generelle overblik og deres fagspecifikke viden. Den nye viden implementeres i undervisningen i kernefagene og styrker derved elevernes kompetencer til den grønne omstilling. Projektet omfatter 22 uddannelser på grundforløb og hovedforløb.",,,,,DK
https://linkedopendata.eu/entity/Q7525666,2021DK05SFPR001_SFHS-24-0007,New bridges for more skilled workers - a collaboration between VUCs and SOSU schools in Region H,Nye broer til flere faglærte - et samarbejde mellem VUC'er og SOSU-skoler i Region H,Denmark,02/04/2024,31/07/2027,40.0,2610461.31,EUR,1044184.52,https://linkedopendata.eu/entity/Q7525582,"55.8616018,12.3137969",,,,,PO04,Social Europe,ESO4.5,ESO4.5,ESF+,European Social Fund Plus,2021DK05SFPR001,Education and Skills - DK - ESF+,,,,,Capital Region of Denmark,,,DK01,,2021-2027,"The project ""New bridges for more skilled workers"" is a collaboration between eight SOSU and VUC schools in the Capital Region of Denmark. The aim is to develop and test new tools, methods and processes with two long-term objectives: To attract more adults to start a vocational welfare education to increase the implementation of the vocational welfare educations, including strengthening the transition between basic and main courses The project's four main activities are carefully selected and designed on the basis of a knowledge and development cooperation with the organization Raido.","Projektet ""Nye broer til flere faglærte"" er et samarbejde mellem otte SOSU- og VUC-skoler i Region Hovedstaden. Formålet er at udvikle og afprøve nye værktøjer, metoder og forløb med to langsigtede mål: at tiltrække flere voksne til at starte på en erhvervsfaglig velfærdsuddannelseat øge gennemførslen på de erhvervsfaglige velfærdsuddannelser, inkl. styrke overgangen mellem grundforløb og hovedforløb Projektets fire hovedaktiviteter er nøje udvalgte og designet pba. af et videns- og udviklingssamarbejde med organisationen Raido.",,,,,DK
https://linkedopendata.eu/entity/Q7525634,2021DK16JTPR001_FRO-24-0097,PytoX - Advanced Pyrolysis Products,PytoX - Avancerede pyrolyseprodukter,Denmark,01/08/2025,31/01/2028,63.0,2599284.19,EUR,1635441.04,https://linkedopendata.eu/entity/Q7525557,"55.333333333333,9.6666666666667",,,,,PO08,Just Transition,JTF,JTF,JTF,Just Transition Fund,2021DK16JTPR001,Green technologies and skills - DK - JTF,,,,,Southern Denmark,,,DK03,,2021-2027,"Agricultural residue pyrolysis is considered a cost-competitive and scalability solution for the production of carbon-negative biofuels. While Stiesdal SkyClean has matured the pyrolysis technology to produce safe and stable biochar, hot pyrolysis gas is not a commodity and it limits the deployment of the technology on a large scale. This project is aimed at developing a biofuel for the industrial sector from the condensable bio-oil fraction of the gas and biomethane, i.e. green natural gas using biological methanisation technology from Biogasclean from the dry part of pyrolysis gas. In order to expand the applications of biochar, biochar products for building materials are being developed in collaboration with Saint-Gobain Isover.","Pyrolyse af landbrugsrester betragtes som en omkostningskonkurrencedygtig og skalerbarhedsløsning til produktion af kulstofnegative biobrændstoffer. Mens Stiesdal SkyClean har modnet pyrolyseteknologien til at producere sikkert og stabilt biokul, er varm pyrolysegas ikke en vare, og det begrænser udrulningen af teknologien i stor skala. Dette projekt er rettet mod udvikling af et biobrændstof til industrisektoren fra den kondenserbare bio-oliefraktion af gassen og biometan, dvs. grøn naturgas ved hjælp af biologisk metaniseringsteknologi fra Biogasclean fra den tørre del af pyrolysegas. For at udvide anvendelsesmulighederne for biokul, udvikles der, i samarbejde med Saint-Gobain Isover, biokul produkter til byggematerialer.",,,,,DK
https://linkedopendata.eu/entity/Q7525704,2021DK16RFPR001_RF-23-0074,Investments in infrastructure for more sustainable visits to Denmark's largest natural park,Investeringer i infrastruktur til flere bæredygtige besøg i Danmarks største naturpark,Denmark,23/05/2023,31/12/2026,18.0,12415471.35,EUR,2261069.44,https://linkedopendata.eu/entity/Q7525604,"55.333333333333,9.6666666666667",,,,,PO04,Social Europe,RSO4.6,RSO4.6,ERDF,European Regional Development Fund,2021DK16RFPR001,Smart green and digital transition of enterprises - DK – ERDF,,,,,Southern Denmark,,,DK03,,2021-2027,"Lillebælt Nature Park is Denmark's largest nature park and offers a wealth of qualities and experiences. The natural park has the potential to become an attractive tourism product, a reason-to-go that attracts more visitors to the area for the benefit of local businesses, citizens and guests. But this requires investment in the natural park's basic infrastructure and facilities. The aim of the project is therefore to initiate a development that can improve the tourism infrastructure in the Lillebælt Nature Park and create the basis for positive knock-on effects for citizens, guests and businesses, especially the local tourism industry. At the same time, the aim is for the investments to bring the natural park's tourism infrastructure to a level that attracts additional private investment to the area.The project consists of a series of investments in tourism infrastructure spread over three locations in the natural park. The project's budget is divided into just over half for a renewal of Middelfart Marina in the form of a new activity grounds and boat bridge, tax and parkour area, new communal house and picnic terraces, etc. Almost 1/4 of the budget is divided between investments in Museumsgaarden Kringsminde near Fredericia, among other things through the construction of a new service building and the renovation of archaic obsolete buildings, as well as an investment in the area around Skamlingsbanken in Kolding municipality in the form of a viewing tower in the trees and a tidal bridge at Binderup Strand. The last 1/4 of the budget is used for investments in infrastructure in the Lillebælt Nature Park, more specifically the construction of several paths between hotspots in the park, the establishment of shelter space and better toilet conditions at several locations in the nature park.","Naturpark Lillebælt er Danmarks største naturpark og byder på et væld af kvaliteter og oplevelser. Naturparken har potentiale til at blive et attraktivt turismeprodukt, en reason-to-go, der tiltrækker flere gæster til området til gavn for det lokale erhvervsliv, borgere og gæster. Men det kræver investeringer i naturparkens grundlæggende infrastruktur og faciliteter. Det er derfor målet med projektet at igangsætte en udvikling, som kan forbedre turismeinfrastrukturen i Naturpark Lillebælt og skabe afsæt for positive afledte effekter for borgere, gæster og erhvervsliv, herunder især det lokale turismeerhverv. Samtidig er det målet, at investeringerne skal bringe naturparkens turismeinfrastruktur op på et niveau, der tiltrækker yderligere private investeringer til området.Projektet består af en række investeringer i turismeinfrastruktur fordelt på tre lokationer i naturparken. Projektets budget fordeler sig med godt halvdelen til en fornyelse af Middelfart Marina i form af bl.a. en ny aktivitetsbrygge og badebro, skater- og parkourområde, nyt fælleshus og picnicterrasser mm. Knap 1/4 af budgettet fordeler sig mellem investeringer i Museumsgaarden Kringsminde ved Fredericia, bl.a. gennem opførsel af en ny servicebygning samt renovering af øvirge forældede bygninger, samt en investering i området omkring Skamlingsbanken i Kolding kommune i form af et udsigtstårn i træerne og en tidevandsbro ved Binderup Strand. Den sidste ca. 1/4 af budgettet anvendes til investeringer i infrastruktur i Naturpark Lillebælt, nærmere bestemt anlægning af flere stier mellem hotspots i parken, etablering af shelterplads og bedre toiletforhold på flere lokationer i naturparken.",,,,,DK
https://linkedopendata.eu/entity/Q7525690,2021DK16JTPR001_FRO-23-0026,BeyondFossil: Lighthouse for Green Energy and Sector Coupling,BeyondFossil: Fyrtårn for Grøn Energi og Sektorkobling,Denmark,24/08/2023,31/12/2026,50.0,13689027.66,EUR,6844513.83,https://linkedopendata.eu/entity/Q7525557,"55.333333333333,9.6666666666667",,,,,PO08,Just Transition,JTF,JTF,JTF,Just Transition Fund,2021DK16JTPR001,Green technologies and skills - DK - JTF,,,,,Southern Denmark,,,DK03,,2021-2027,"BeyondFossil Project: Lighthouse for Green Energy and Sector Coupling aims to help mitigate the negative consequences associated with the transition from oil and gas to green energy in South Jutland. Through investments in new green technologies through concrete innovation projects, and by exploiting business potential among SMEs, the project will ensure effective knowledge development that supports the green transition of the energy sector. Common to the companies is the need for transformation of the necessary skills, which the project addresses through concrete activities.The project's basic philosophy is to turn transformational consequences into growth and new opportunities for the companies in South Jutland. Actions build on existing initiatives and partnerships.","Projektet BeyondFossil: Fyrtårn for Grøn Energi og Sektorkobling har til formål at bidrage til at afbøde de negative konsekvenser der er forbundet med omstillingen fra olie- og gas til grøn energi i det sydjyske. Projektet vil via investeringer i nye grønne teknologier gennem konkrete innovationsprojekter, og ved at udnytte forretningspotentialer blandt SMV'erne, sikre en effektiv vidensudvikling, som understøtter den grønne omstilling af energisektoren. Fælles for virksomhederne er behovet for omstilling af de nødvendige kompetencer, hvilket projektet adresserer gennem konkrete aktiviteter.Projektets grundfilosofi er at vende omstillingskonsekvenser til vækst og nye muligheder for de sydjyske virksomheder. Indsatserne bygger videre på eksisterende initiativer og partnerskaber.",,,,,DK
https://linkedopendata.eu/entity/Q7525736,2021DK05SFPR001_SFPRO-22-0009,Other opportunities in the green transition,Andre Muligheder I Grøn Omstilling,Denmark,14/06/2022,31/12/2025,33.0,1217307.0,EUR,397872.8,https://linkedopendata.eu/entity/Q7525570,"55.166666666667,11.833333333333",,,,,PO04,Social Europe,ESO4.5,ESO4.5,ESF+,European Social Fund Plus,2021DK05SFPR001,Education and Skills - DK - ESF+,,,,,Region Zealand,,,DK02,,2021-2027,"The project has the programme-specific objective of recruiting an additional 900 employed and unemployed (young) unskilled workers for vocational training. Throughout the project, the focus is on supporting the green transition of SMEs. The main project-specific activities are:Business outreach initiatives aimed at articulating employee competence as an important prerequisite for the green transitionCompetence clarification and motivational one-to-one guidance of the target groups in relation to the vocational education systemCompetence clarification, guidance and educational motivation of a group of adult young unemployed - as well as Real education implementation with toning towards green transition.The project, which is carried out in cooperation between 18 vocational schools, has a duration of 3 years.","Projektet har som programspecifikt mål at rekruttere yderligere 900 beskæftigede og ledige (unge) ufaglærte til en erhvervsuddannelse. I hele projektet er der fokus på at understøtte SMV-virksomheders grønne omstilling. De væsentligste projektspecifikke aktiviteter er:Virksomhedsopsøgende indsatser med henblik på at italesætte medarbejdernes kompetence som en vigtig forudsætning for den grønne omstillingKompetenceafklaring og motiverende en-til-en vejledning af målgrupperne i forhold til erhvervsuddannelsessystemetKompetenceafklaring, vejledning og uddannelsesmotivation af en gruppe af voksne unge ledige - samtEgentlig uddannelsesgennemførelse med toning mod grøn omstilling.Projektet, som gennemføres i samarbejde mellem 18 erhvervsskoler, har en varighed af 3 år.",,,,,DK
https://linkedopendata.eu/entity/Q7525695,2021DK16RFPR001_RFPRO-23-0062,Business Lighthouse Life Science - Scaling health and welfare solutions,Erhvervsfyrtårn Life Science - Skalering af sundheds- og velfærdsløsninger,Denmark,01/08/2023,31/08/2026,42.0,2589828.15,EUR,1087524.39,https://linkedopendata.eu/entity/Q7525565,"55.8616018,12.3137969",,,,,PO01,Smarter Europe,RSO1.3,RSO1.3,ERDF,European Regional Development Fund,2021DK16RFPR001,Smart green and digital transition of enterprises - DK – ERDF,,,,,Capital Region of Denmark,,,DK01,,2021-2027,"""Business Lighthouse Life Science - Scaling Health and Welfare Solutions"" aims to help companies scale their health and welfare solutions in the Danish and international markets. The project offers two tracks of activities aimed at national and international scaling and provides companies with good conditions for engaging in dialogue and cooperation with public and private actors in the health and welfare area. The project's activities will lead to 125 companies receiving support, 90 companies strengthening their conditions for national and international scaling and 75 companies drawing up a national or international scaling plan. The project's partner group consists of Danish Life Science Cluster, Erhvervshus Hovedstaden, Erhvervshus Sjælland, DI and The Trade Council, and has the support of several private actors within the health sector. The project has a total budget of DKK 19.9 million.","""Erhvervsfyrtårn Life Science - Skalering af sundheds- og velfærdsløsninger"" har til formål at hjælpe virksomheder med at skalere deres sundheds- og velfærdsløsninger på det danske- og internationale marked. Projektet tilbyder to spor af aktiviteter, der retter sig mod national og international skalering og giver virksomhederne gode forudsætninger for at gå i dialog og samarbejde med offentlige og private aktører på sundheds- og velfærdsområdet. Projektets aktiviteter vil føre til, at 125 virksomheder modtager støtte, 90 virksomheder styrker deres forudsætninger for national og international skalering og 75 virksomheder udarbejder en national eller international skaleringsplan. 60 virksomheder forventes at opnå større omsætning.Projektets partnerkreds består af Danish Life Science Cluster, Erhvervshus Hovedstaden, Erhvervshus Sjælland, DI og The Trade Council, og har opbakning fra flere private aktører inden for sundhedsområdet. Projektet har et samlet budget på 19,9 mio. kr.",,,,,DK
https://linkedopendata.eu/entity/Q7525658,2021DK16RFPR001_RFO-24-0049,Destination South Falster - Development of Gedser harbours,Destination Sydfalster - Udvikling af Gedsers havne,Denmark,14/08/2024,31/12/2027,39.0,2032334.46,EUR,798416.33,https://linkedopendata.eu/entity/Q7525576,"55.166666666667,11.833333333333",,,,,PO04,Social Europe,RSO4.6,RSO4.6,ERDF,European Regional Development Fund,2021DK16RFPR001,Smart green and digital transition of enterprises - DK – ERDF,,,,,Region Zealand,,,DK02,,2021-2027,"The overall purpose of the project is to realise several strategic initiatives from development plans for Destination Sydfalster and Gedser Erhvervshavn. The project focuses on strengthening the local tourism-related commercial activities in Destination Sydfalster with a special focus on Gedser. The project's primary target group is the local and potentially new entrepreneurs and investors, who will benefit from the increased number of visitors that the project is expected to result in. The project's construction activities are expected to result in better infrastructure and thereby create the conditions for increased business activity and new private investments, especially at Gedser Erhvervshavn and Gedser Lystbådehavn, where new facilities and potentials for use of the areas will be created. The project's most important activities concern the upgrading of Gedser Marina, where a connection will be established between the marina and the commercial harbour, and work will be carried out on information and communication for pedestrians, cyclists and sailors. At the marina, new campervan sites will be built, a new facility building will be built, the harbour promenade will be beautified, and a new activity house will be built. At the commercial port, an information house will be built, a safe and visible path connection will be established over the E55 between the marina and the commercial ports, and then you will work with wayfinding in the area both in the form of route markings, signage and pictograms.","Det overordnede formål med projektet er at realisere flere strategiske indsatser fra udviklingsplaner for henholdsvis Destination Sydfalster og Gedser Erhvervshavn. Projektet har fokus på at styrke de lokale turismerelaterede kommercielle aktiviteter i Destination Sydfalster med særligt fokus på Gedser. Projektets primære målgruppe er de lokale og potentielt nye erhvervsdrivende og investorer, som vil få gavn af det øgede besøgstal, som projektet forventeligt vil medføre. Projektets anlægsaktiviteter vil forventeligt medføre en bedre infrastruktur og hermed skabe forudsætninger for øget erhvervsaktivitet og nye private investeringer særligt ved Gedser Erhvervshavn og Gedser Lystbådehavn, hvor der vil blive skabt nye faciliteter og potentialer for benyttelse af områderne. Projektets vigtigste aktiviteter omhandler opgradering af Gedser Lystbådehavn, hvor der skal skabes forbindelse mellem lystbådehavnen og erhvervshavnen, og der skal arbejdes med information og formidling til gående, cyklende og sejlende. På lystbådehavnen skal der bl.a. skal anlægges nye autocamperpladser, opføres en ny facilitetsbygning, havnepromenaden skal forskønnes, og der skal opføres et nyt aktivitetshus med tilhørende aktivitetsplads. På erhvervshavnen skal der opføres et informationshus, etableres en sikker og synlig stiforbindelse over E55 mellem lystbådehavnen og erhvervshavnene, og så vil man arbejde med wayfinding i området både i form af rutemarkeringer, skiltning og piktogrammer.",,,,,DK
https://linkedopendata.eu/entity/Q7525734,2021DK05SFPR001_SF-22-0037,The Green Wave in the Middle,Den Grønne Bølge i Midt,Denmark,15/06/2022,30/06/2026,40.0,929061.12,EUR,371624.45,https://linkedopendata.eu/entity/Q7525623,"56.166666666667,9.5",,,,,PO04,Social Europe,ESO4.8,ESO4.8,ESF+,European Social Fund Plus,2021DK05SFPR001,Education and Skills - DK - ESF+,,,,,Central Denmark,,,DK04,,2021-2027,"The aim of the project is to support SMEs' need for qualified labour for the green transition in the Central Denmark Region. As part of the project, the needs of SMEs are identified in relation to sustainable development, after which unemployed people on the margins of the labour market are matched with companies. The unemployed participants in the project undergo nine weeks of motivational and green education, which consists of a combination of school education and internship. Participants are supported by retention activities when they enter companies.The expectation is that participants will be able to free up resources from the existing employees of SMEs. This also frees up resources for green training of existing employees - the green wave. SMEs thus achieve an increased level of competence in terms of sustainability, while unemployed people at the margins of the labour market find jobs.","Projektets formål er at understøtte SMV'eres behov for kvalificeret arbejdskraft til den grønne omstilling i Region Midtjylland. Som led i projektet behovsafdækkes SMV'erne i forhold til bæredygtig udvikling, hvorefter ledige, der er på kanten af arbejdsmarkedet, matches med virksomhederne. De ledige deltagere i projektet gennemgår ni ugers motiverende og grøn uddannelse, der består af en kombination af skoleundervisning og praktik. Deltagerne understøttes med fastholdelsesaktiviteter, når de kommer ud i virksomhederne.Forventningen er at deltagerne kan frigøre ressourcer hos SMV'ernes eksisterende medarbejdere. Herved frigøres der også ressourcer til grøn efteruddannelse af de eksisterende medarbejdere - den grønne bølge. SMV'erne opnår således et øget kompetenceniveau vedr. bæredygtighed samtidigt med, at ledige på kanten af arbejdsmarkedet kommer i job.",,,,,DK
https://linkedopendata.eu/entity/Q7525663,2021DK05SFPR001_SFHS-24-0014,Education Island Bornholm,Uddannelses-Ø Bornholm,Denmark,03/04/2024,31/12/2027,40.0,1500807.1,EUR,600322.84,https://linkedopendata.eu/entity/Q7525580,"55.8616018,12.3137969",,,,,PO04,Social Europe,ESO4.5,ESO4.5,ESF+,European Social Fund Plus,2021DK05SFPR001,Education and Skills - DK - ESF+,,,,,Capital Region of Denmark,,,DK01,,2021-2027,"The purpose of the project is to attract and retain students to educational programmes on Bornholm through the development of attractive educational environments and well-being. The project will create a new recruitment model targeted at young people and adults without jobs or education, both on and off Bornholm, to promote participation in vocational and higher education. By collaborating with educational institutions, job centres and companies, the project aims to create stronger ties to education, reduce drop-out rates and make it attractive to live and work on Bornholm. The focus is particularly on industries such as sustainability, green transition and STEM subjects. The goal is to attract 100 new students to the Campus Community over three years, including through hybrid teaching and improved study environment.","Formålet med projektet er at tiltrække og fastholde elever til uddannelser på Bornholm gennem udvikling af attraktive uddannelsesmiljøer og trivsel. Projektet vil skabe en ny rekrutteringsmodel målrettet unge og voksne uden job eller uddannelse, både på og udenfor Bornholm, for at fremme deltagelse i erhvervs- og videregående uddannelser. Ved at samarbejde med uddannelsesinstitutioner, jobcentre og virksomheder skal projektet skabe stærkere tilknytning til uddannelserne, mindske frafald og gøre det attraktivt at bo og arbejde på Bornholm. Fokus er især på brancher som bæredygtighed, grøn omstilling og STEM-fag. Målet er at tiltrække 100 nye elever til Campus Fællesskabet over tre år, blandt andet gennem hybridundervisning og forbedret studiemiljø.",,,,,DK
https://linkedopendata.eu/entity/Q7525688,2021DK16JTPR001_FRO-23-0028,Development of Oxy-Fuel pyrolysis for daily conversion of 30 T biomass and sludge to energy and CO2 capture during simultaneous elimination of PFAS,Udvikling af nordjysk Oxy-Fuel pyrolyse for daglig omdannelse af 30 T biomasse og slam til energi og CO2-capture under samtidig eliminering af PFAS,Denmark,29/08/2023,30/06/2026,49.0,10013250.0,EUR,4893525.0,https://linkedopendata.eu/entity/Q7525596,"57.18,9.67",,,,,PO08,Just Transition,JTF,JTF,JTF,Just Transition Fund,2021DK16JTPR001,Green technologies and skills - DK - JTF,,,,,North Denmark Region,,,DK05,,2021-2027,"The focal point of the project is the development of a complete flash pyrolysis plant that integrates with parallel functions in the value chain - from biomass to coal and gas utilization but, as something new on a larger scale, with an integrated oxygen supply (Oxy-Fuel). In this way, the overall goal of the project is to create capacity for 30 tonnes of daily pyrolysis in order to be able to supply gas and electricity to the supply networks and carbon capture, respectively, in the form of biochar.The project plant will operate with pyrolysis of biomass from its own biogas plant and with sewage sludge from Hjørring Vandselskab. The project's research efforts will focus on the possibilities of controlling and reducing the content of PFAS in sewage sludge by means of pyrolysis and on enhancing the utilisation rate of biochar in agriculture by exploiting the properties of the coal as a potential carrier of organic nutrients.","Projektets omdrejningspunkt er udviklingen af et komplet flash pyrolyseanlæg, der integreres med sideordnede funktioner i værdikæden - fra biomasse til kul- og gasudnyttelse men, som noget nyt i større skala, med en integreret ilttilførsel (Oxy-Fuel). Herved er det projektets overordnede mål at skabe kapacitet for 30 tons daglig pyrolysering for i fremtiden at kunne levere hhv. gas og el til forsyningsnettene samt carbon capture, i form af biokul.Projektanlægget vil operere med pyrolysering af biomasse fra eget biogasanlæg og med spildevandsslam fra Hjørring Vandselskab. Projektets forskningsindsats vil sætte fokus på mulighederne for at kontrollere og reducere indholdet af PFAS i spildevandsslam ved hjælp af pyrolyse samt på at forstærke udnyttelsesgraden af biokul i landbruget ved at udnytte kullets egenskaber som potentielt bærer af organiske næringsstoffer.",,,,,DK
https://linkedopendata.eu/entity/Q7525635,2021DK16JTPR001_FRO-24-0081,E-CH4 Booster,E-CH4 Booster,Denmark,01/07/2025,30/09/2027,70.0,4577920.98,EUR,3205226.05,https://linkedopendata.eu/entity/Q7525556,"55.333333333333,9.6666666666667",,,,,PO08,Just Transition,JTF,JTF,JTF,Just Transition Fund,2021DK16JTPR001,Green technologies and skills - DK - JTF,,,,,Southern Denmark,,,DK03,,2021-2027,"E-CH4-BOOSTER will scale and industrialise an integrated solution for CCU (e-methane from biogenic CO2). Pura Futura, EMS and AU will further develop and industrialise the CCU technology. The project will reduce e-methane costs by improving both CAPEX and OPEX, including by ensuring improved dynamic operation and integration.A demonstration plant will be built that is large enough to test and optimize the operational dynamics, which is based on the same architecture as a full-scale solution.FMS and Rybners will identify the need and develop new courses/trainings that ensure that the right competencies are present for the biogas industry to operate this type of PtX plant.","E-CH4-BOOSTER vil skalere og industrialisere en integreret løsning for CCU (e-metan fra biogen CO2). Pura Futura, EMS og AU vil videreudvikle og industrialisere CCU teknologien. Projektet vil reducere e-metan omkostningerne ved både at forbedre CAPEX og OPEX, bl.a. ved at sikre forbedret dynamisk drift og integration.Der bliver bygget et demonstrationsanlæg, der er stort nok til at teste og optimere driftsdynamikken, som er baseret på samme arkitektur som en full-skala løsning.FMS og Rybners vil afdække behovet og udvikle nye kurser/uddannelser, som sikrer, at de rette kompetencer er til stede til at biogasindustrien kan drifte denne type PtX anlæg.",,,,,DK
https://linkedopendata.eu/entity/Q7525656,2021DK16RFPR001_RFO-24-0046,The viable port of experience and learning of the future,Fremtidens levedygtige oplevelses- og læringshavn,Denmark,15/08/2024,30/06/2027,48.0,3091896.32,EUR,1489475.52,https://linkedopendata.eu/entity/Q7525573,"55.166666666667,11.833333333333",,,,,PO04,Social Europe,RSO4.6,RSO4.6,ERDF,European Regional Development Fund,2021DK16RFPR001,Smart green and digital transition of enterprises - DK – ERDF,,,,,Region Zealand,,,DK02,,2021-2027,"The project will develop Klintholm Harbour through the establishment and development of a ""Havhus"", a jetty and a promenade with living and learning spaces. In addition, stakeholder and citizen-involving activities are planned. The project has a consistent focus on maritime biodiversity and offshore wind energy. The development of the Port of Klintholm will, among other things, create the framework for communicating the two themes. The overall purpose of the project is to attract strong, nature-oriented tourists to the area, also during the shoulder season, and thereby create better conditions for running sustainable tourism activities in Klintholm Harbour. The project will provide new facilities that can be used for commercial activities that do not exist in the area today. It is expected that the project will enable commercial activities in areas such as sauna experiences, winter bathing, guided tours, training courses and strengthening conditions for tour boats. In addition to attracting more investments and guests, the project also aims to create a better framework for settlement in the local area through the upgrading of the port.","Projektet vil udvikle Klintholm Havn gennem etablering og udvikling af et ""Havhus"", en anløbsbro og en promenade med opholds- og læringsrum. Der planlægges desuden aktør- og borgerinddragende aktiviteter. Projektet har et gennemgående fokus på maritim biodiversitet og havvindenergi. Udviklingen af Klintholm Havn skal bl.a. skabe rammerne for formidling af de to temaer. Projektets overordnede formål er at tiltrække købestærke, naturorienterede turister til området, også i skuldersæsonen, og dermed skabe bedre forudsætninger for at drive bæredygtig turismevirksomhed i Klintholm Havn. Projektet skal bidrage med nye faciliteter, som kan bruges til kommercielle aktiviteter, som ikke findes i området i dag. Det forventes, at projektet muliggør kommercielle aktiviteter inden for bl.a. saunaoplevelser, vinterbadning, guidede ture, undervisningsforløb samt styrkelse af forholdene for turbåde. Udover tiltrækning af flere investeringer og gæster ønsker projektet gennem opgraderingen af havnen også at skabe bedre rammer for bosætning i lokalområdet.",,,,,DK
https://linkedopendata.eu/entity/Q7525687,2021DK16JTPR001_FRO-23-0030,Greenport Scandinavia (GPS),Greenport Scandinavia (GPS),Denmark,30/08/2023,31/03/2025,47.0,4466154.7,EUR,2120827.47,https://linkedopendata.eu/entity/Q7525557,"57.18,9.67",,,,,PO08,Just Transition,JTF,JTF,JTF,Just Transition Fund,2021DK16JTPR001,Green technologies and skills - DK - JTF,,,,,North Denmark Region,,,DK05,,2021-2027,"In 2026, the project expects to have established a CO2 intermediate storage with a capacity of 200,000 tonnes of biogenic CO2 per year from North Jutland biogas plants. At the same time, preliminary analyses are being carried out with the aim of increasing capacity to 800,000 tonnes by 2028 from new CO2 sources. On a full scale, the project is expected to be developed into an international CO2 import/export terminal, with capacity of many million tonnes per year. In parallel, feasibility studies are being carried out for the construction of piped CO2 infrastructure from Aalborg to Hirtshals, as well as the exploration of CO2 capture potentials and infrastructure solutions in Himmerland, with the aim of expanding the CO2 infrastructure south of Aalborg. The project also develops and implements courses directly related to the North Jutland CCUS value chains that can help the workforce adapt to the new CCUS industry.","Projektet forventer i 2026 at have etableret et CO2-mellemlager med en kapacitet på 200.000 tons biogen CO2 pr. år fra nordjyske biogasanlæg. Samtidig gennemføres foranalyser med det mål at øge kapaciteten til 800.000 tons i 2028 fra nye CO2 kilder. I fuld skala forventes projektet udviklet til en international CO2 import/eksport terminal, med kapacitet på mange mio. tons pr. år. Parallelt udføres forundersøgelser for etablering af rørført CO2-infrastruktur fra Aalborg til Hirtshals samt afsøgning af CO2-fangstpotentialer og infrastrukturløsninger i Himmerland, med det formål at udbygge CO2-infrastrukturen syd for Aalborg. Projektet udvikler og gennemfører også kurser direkte relateret til de nordjyske CCUS værdikæder, der kan hjælpe arbejdsstyrken med at tilpasse sig den nye CCUS-industri.",,,,,DK
https://linkedopendata.eu/entity/Q7525733,2021DK05SFPR001_SFO-22-0002,Towards jobs and education,Mod job og uddannelse,Denmark,15/06/2022,31/12/2025,60.0,3380052.0,EUR,2028000.0,https://linkedopendata.eu/entity/Q7525622,"55.166666666667,11.833333333333",,,,,PO04,Social Europe,ESO4.8,ESO4.8,ESF+,European Social Fund Plus,2021DK05SFPR001,Education and Skills - DK - ESF+,,,,,Region Zealand,,,DK02,,2021-2027,"The project ""Towards jobs and education"" will, through a hand-held effort, help companies meet the labour needs they have in connection with the green transition, by simultaneously supporting unemployed citizens against jobs or education. In collaboration with relevant business fora, we will identify which labour is needed, which skills are needed, including which opportunities there are for support and which trade-offs are possible.A handheld holistic effort will be offered to a wide group of unemployed citizens on the edge of the labour market across age and benefit. This is in an effort to help as many people as possible gain a foothold in the labour market or in education.","Projektet ""Mod job og uddannelse"" vil gennem en håndholdt indsats bidrage til, at virksomhederne får opfyldt det arbejdskraftbehov, de har i forbindelse med den grønne omstilling, ved samtidig at understøtte ledige borgere mod job eller uddannelse.Virksomheder, der arbejder med den grønne omstilling og mangler arbejdskraft vil blive opsøgt af projektet. I samarbejde med relevante erhvervsfora, vil vi afdække hvilken arbejdskraft der er brug for, hvilke kompetencer er nødvendige, herunder hvilke muligheder der er for støtte og hvilke kompromiser der er mulige.En håndholdt helhedsfokuseret indsats vil blive tilbudt en bred gruppe af ledige borgere på kanten af arbejdsmarkedet på tværs af alder og ydelse. Dette i en bestræbelse på at hjælpe så mange som muligt med og få fodfæste på arbejdsmarkedet eller i uddannelse.",,,,,DK
https://linkedopendata.eu/entity/Q7525667,2021DK05SFPR001_SFHS-23-0006,the Education Bridge Bornholm,Uddannelses-Broen Bornholm,Denmark,01/04/2024,31/03/2026,40.0,332605.0,EUR,133042.0,https://linkedopendata.eu/entity/Q7525580,"55.8616018,12.3137969",,,,,PO04,Social Europe,ESO4.6,ESO4.6,ESF+,European Social Fund Plus,2021DK05SFPR001,Education and Skills - DK - ESF+,,,,,Capital Region of Denmark,,,DK01,,2021-2027,"The purpose of the project ""Education Bridge Bornholm"" is to increase the number of students in vocational education and training within Horesta, HK Detail/Office and the Sosu area, who have a shortage of qualified labour. The project develops new methods for recruitment and retention of students to ensure companies qualified employees. Work is underway on comprehensive solutions combining education and employment with social initiatives. The project includes collaboration with at least 30 local companies that commit to employing and supporting students in education. The focus is on young people and adults without education or jobs. The aim is to create a close network between companies and educational institutions and attract new inhabitants to Bornholm.","Formålet med projektet ""Uddannelses-Broen Bornholm"" er at øge antallet af elever på erhvervsuddannelser indenfor Horesta, HK Detail/kontor og Sosu-området, som har mangel på kvalificeret arbejdskraft. Projektet udvikler nye metoder til rekruttering og fastholdelse af elever for at sikre virksomhederne kvalificerede medarbejdere. Der arbejdes på helhedsløsninger, der kombinerer uddannelse og beskæftigelse med sociale initiativer. Projektet inkluderer samarbejde med mindst 30 lokale virksomheder, der forpligter sig til at ansætte og støtte elever under uddannelse. Fokus er på unge og voksne uden uddannelse eller job. Målet er at skabe et tæt netværk mellem virksomheder og uddannelsesinstitutioner og tiltrække nye indbyggere til Bornholm.",,,,,DK
https://linkedopendata.eu/entity/Q7525717,2021DK05SFPR001_SFNJ-22-0002,From FGU to EUD,Fra FGU til EUD,Denmark,16/09/2022,30/04/2026,40.0,3232918.26,EUR,1289934.39,https://linkedopendata.eu/entity/Q7525613,"57.18,9.67",,,,,PO04,Social Europe,ESO4.6,ESO4.6,ESF+,European Social Fund Plus,2021DK05SFPR001,Education and Skills - DK - ESF+,,,,,North Denmark Region,,,DK05,,2021-2027,"The project is established in a collaboration between North Jutland vocational schools and preparatory basic education (FGU). The aim of the project is to strengthen the transition from FGU to VET with more preparatory and supportive efforts and thereby increase the opportunities for young people to start and stay in vocational education and training.Focus will be on activities across FGU and VET institutions so that students get a better knowledge of the vocational school before school start, but also employees across employees get to know each other's teaching methods and pedagogical approaches. This includes job-hadowing, joint competence development in relation to didactics, pedagogy, coaching and guidance, as well as the development and testing of new methods and approaches that support an easier transition from FGU to VET.","Projektet etableres i et samarbejde mellem nordjyske erhvervsskoler og forberedende grunduddannelser (FGU). Det er projektets formål at styrke overgangen fra FGU til EUD med flere forberedende og støttende indsatser og derved øge de unges muligheder for at starte på og fastholdes i en erhvervsuddannelse.Fokus vil være på aktiviteter på tværs af FGU- og EUD-institutioner således at eleverne får et bedre kendskab til erhvervsskolen før skolestart, men også medarbejderne på tværs får kendskab til hinandens undervisningsmetoder og pædagogiske tilgange. Dette inkluderer jobshadowing, fælles kompetenceudvikling ift. didaktik, pædagogik, coaching og vejledning samt udviklingen og afprøvning af nye metoder og tilgange, der understøtter en lettere overgang fra FGU til EUD.",,,,,DK
https://linkedopendata.eu/entity/Q7525716,2021DK05SFPR001_SFSL-22-0003,The wise hands of the future,Fremtidens kloge hænder,Denmark,31/10/2022,31/12/2025,60.0,3142652.37,EUR,1885000.0,https://linkedopendata.eu/entity/Q7525612,"55.166666666667,11.833333333333",,,,,PO04,Social Europe,ESO4.5,ESO4.5,ESF+,European Social Fund Plus,2021DK05SFPR001,Education and Skills - DK - ESF+,,,,,Region Zealand,,,DK02,,2021-2027,"The project will increase the number of skilled workers through recruitment and retention. Based on well-being, motivation and increased knowledge, the project will extend beyond elementary school, VET and municipal initiatives. The project is carried out by the three vocational schools CELF, ZBC and Nordvestsjællands Erhvervs- og Gymnasieuddannelse. primary school pupils)Increased EUD implementation (target group: pupils and apprentices)More young unskilled people in education and training (target group: young unskilled adults/students).The project will address declining adolescence, low search for VET and skills shortages. It is expected that the project will contribute to more skilled workers through the project's efforts.","Projektet vil øge antallet af faglærte gennem rekruttering og fastholdelse. Med udgangspunkt i trivsel, motivation og øget viden vil projektet række ud over grundskole, EUD og kommunale indsatser. Projektet gennemføres af de tre erhvervsskoler CELF, ZBC og Nordvestsjællands Erhvervs- og Gymnasieuddannelser.Der er tre overordnede indsatsområder:Motivation og øget viden om EUD i grundskolen (målgruppe: elever i grundskolen)Øget gennemførelse på eud (målgruppe: elever og lærlinge)Flere unge ufaglærte i uddannelse (målgruppe: unge ufaglærte voksne/studenter).Projektet vil adressere faldende ungdomsårgange, lav søgning til EUD og mangel på kvalificeret arbejdskraft. Det forventes, at projektet medvirker til flere faglærte gennem projektets indsatser.",,,,,DK
https://linkedopendata.eu/entity/Q7525652,2021DK16JTPR001_FRO-24-0059,HYFLEX - Flexible Hydrogen Storage for Power-to-X and Grid Optimization,HYFLEX - Flexible Hydrogen Storage for Power-to-X and Grid Optimization,Denmark,01/01/2025,31/12/2027,48.0,9433209.08,EUR,4491612.06,https://linkedopendata.eu/entity/Q7525575,"55.333333333333,9.6666666666667",,,,,PO08,Just Transition,JTF,JTF,JTF,Just Transition Fund,2021DK16JTPR001,Green technologies and skills - DK - JTF,,,,,Southern Denmark,,,DK03,,2021-2027,"The project ""HYFLEX - Flexible Hydrogen Storage for Power-to-X and Grid Optimization"" will build on European Energy's existing PtX plant at Kassø in Aabenraa Municipality, establish a hydrogen storage and related hydrogen compressors with a storage capacity of 10 tonnes (500 MWh), and expand the existing methanol plant with 10MW of new electrolysis capacity. At the same time, the project will ensure an optimal balancing of the plant in relation to the public electricity grid. Specifically, the project will create the basis for a partial decoupling of the PtX plant's operation from the current electricity production, which contributes to reducing the energy costs associated with large-scale electrolysis in Denmark.","Projektet ""HYFLEX - Flexible Hydrogen Storage for Power-to-X and Grid Optimization"" vil med afsæt i European Energys eksisterende PtX-anlæg ved Kassø i Aabenraa Kommune, etablere et brintlager og tilhørende brintkompresser med en lagerkapacitet på 10 tons (500 MWh), samt udvide det eksisterende metanolanlæg med 10MW ny elektrolysekapacitet.Formålet med projektet er at optimere driften af PtX-anlægget, ved at demonstrere højere udnyttelsesgrad af strømproduktionen fra den allerede eksisterende solcellepak, Solar Park Kassø. Samtidigt vil projektet sikre en optimal balancering af anlægget i forhold til det offentlige elnet. Konkret vil projektet skabe grundlag for en delvis afkobling af PtX-anlæggets drift fra den øjeblikkelige elproduktion, hvilket bidrager til at nedbringe energiomkostningerne forbundet med storskala elektrolyse i Danmark.Med henblik på at sikre, at de sydjyske virksomheder inden for grøn energi er i besiddelse af de nødvendige kompetencer, omfatter projektet også kompetencerettede aktiviteter.",,,,,DK
https://linkedopendata.eu/entity/Q7420752,2021EUIXXXXXXXX_EUI01-207,ImperfectCity,ImperfectCity,Denmark,01/03/2024,31/08/2027,80.0,6248690.4,EUR,4998952.32,https://linkedopendata.eu/entity/Q7420636,"56.162374560942,10.156906406718",,,,,PO05,Europe closer to citizens,,,ERDF,European Regional Development Fund,2021EUIXXXXXXXX,European Urban Initiative 2021-2027,,DK_751,Aarhus,,,East Jutland,,,DK042,2021-2027,"Aarhus’ project proposal unconventionally combines two seemingly different challenges - revitalization of brutalist buildings and youth mental health – into one integrated NEB approach. Historical buildings associated to ‘brutalism’ are often considered unattractive leading to a lack of support for preservation. Simultaneously, growing stress about failure, uncertainty about their future, puts a number of young urban people‘s mental health at risk (anxiety, loneliness, depression) in today’s society. The project imagines and co-creates a sustainable and inclusive future strongly grounded in the needs of today by not eradicating, but uplifting today’s imperfectness. The project aims to recover the ‘Kulthurus Bunkeren’ a former school and ‘brutalist’ building saved from demolition and adapt it to reflect NEB aesthetics’ principles while playing a cohesive role in the neighbourhood by hosting social and employment services, as well as training facilities targeting young mental disordering patients. ImperfectCity will implement a unique methodology to enable the cultural heritage appreciation of brutalist architecture and connect the city’s built environment with mental health to “embrace imperfectness” and “put creativity and inclusion” at centre stage.","Aarhus' projektforslag kombinerer ukonventionelt to tilsyneladende forskellige udfordringer – revitalisering af brutale bygninger og unges mentale sundhed – i én integreret tilgang til det nye europæiske Bauhaus. Historiske bygninger, der er forbundet med ""brutalisme"", betragtes ofte som uattraktive, hvilket fører til manglende støtte til bevarelse. Samtidig bringer stigende stress over fiasko og usikkerhed om deres fremtid en række unge byboeres mentale sundhed i fare (angst, ensomhed, depression) i dagens samfund. Projektet forestiller sig og skaber i fællesskab en bæredygtig og inklusiv fremtid, der er stærkt baseret på nutidens behov, ved ikke at udrydde, men opløfte nutidens ufuldkommenhed. Projektet har til formål at genoprette ""Kulthurus Bunkeren"", en tidligere skole og ""brutalistisk"" bygning, der er reddet fra nedrivning, og tilpasse den, så den afspejler æstetikprincipperne for det nye europæiske Bauhaus, samtidig med at den spiller en sammenhængende rolle i nabolaget ved at huse sociale tjenester og arbejdsformidlinger samt uddannelsesfaciliteter rettet mod unge patienter med mentale forstyrrelser. ImperfectCity vil indføre en unik metode til at gøre det muligt at værdsætte den brutalistiske arkitekturs kulturarv og forbinde byens bebyggede miljø med mental sundhed for at ""omfavne ufuldkommenhed"" og ""sætte kreativitet og inklusion"" i centrum.",,,,,DK
https://linkedopendata.eu/entity/Q7525633,2021DK16JTPR001_FRO-24-0102,PytoN - Full-scale pyrolysis at the next level,PytoN - Fuldskalapyrolyse på næste niveau,Denmark,01/08/2025,31/07/2028,63.0,5520071.49,EUR,3469916.94,https://linkedopendata.eu/entity/Q7525557,"55.333333333333,9.6666666666667",,,,,PO08,Just Transition,JTF,JTF,JTF,Just Transition Fund,2021DK16JTPR001,Green technologies and skills - DK - JTF,,,,,Southern Denmark,,,DK03,,2021-2027,"PytoN - Full-scale pyrolysis at the next level continues and accelerates the development of Stiesdal's SkyClean pyrolysis technology, demonstrated at the first full-scale plant in Vrå, inaugurated in 2024. The plant, which uses wet biomass, is one of the world's largest pyrolysis plants and has high energy efficiency through advanced heat integration. The project focuses on further development of the plant's components and optimisation to reduce operating costs and improve efficiency so that the technology can become commercially relevant. In addition, training is being developed for operators and the building up of Danish certification competencies. In addition, there are developments within biogas, pyrolysis sub-suppliers and agricultural consultants. How to strengthen green transition and job creation in North and South Jutland.","PytoN - Fuldskalapyrolyse på næste niveau fortsætter og accelererer udviklingen af Stiesdals SkyClean-pyrolyseteknologi, som er demonstreret på det første fuldskala-anlæg i Vrå, indviet i 2024. Anlægget, der benytter våd biomasse, er et af verdens største pyrolyseanlæg og har høj energieffektivitet gennem avanceret varmeintegration. Projektet fokuserer på yderligere udvikling af anlæggets komponenter og optimering for at reducere driftsomkostninger og forbedre effektiviteten, så teknologien kan blive kommercielt relevant. Desuden udvikles en uddannelse for operatører og opbygning af danske certificeringskompetencer. Herudover er der udviklings inden for biogas, pyrolyseunderleverandører og landbrugskonsulenter. Sådan styrkes grøn omstilling og jobskabelse i Nord- og Sydjylland.",,,,,DK
