Operation_Unique_Identifier,Operation_Local_Identifier,Operation_Name_English,Operation_Name_Programme_Language,Country,Operation_Start_Date,Operation_End_Date,Cofinancing_Rate,Total_Eligible_Expenditure_amount,Total_Eligible_Expenditure_Currency,Project_EU_Budget,Beneficiary_Unique_Identifier,Location_Indicator_latitude_longitude,Category_Of_Intervention,Category_Label,Thematic_Objective_ID,Thematic_Objective_Label,Policy_Objective_ID,Policy_Objective_Label,Specific_Objective_ID,Specific_Objective_Label,Fund_Code,Fund_Name,Programme_Code,Programme_Name,Postal_Code,LAU_IDs,LAU_Labels,NUTS1_Label,NUTS2_Label,NUTS3_Label,NUTS1_Code,NUTS2_Code,NUTS3_Code,Programming_Period,Operation_Summary_English,Operation_Summary_Programme_Language,ManagingAuthority,Image_URL,InfoRegio_ID,InfoRegio_URL,CountryCode
https://linkedopendata.eu/entity/Q7361374,2021IE16JTPR001_41694,Tourism Learning Network Programme,Tourism Learning Network Programme,Ireland,08/01/2024,31/10/2026,50.0,0.0,EUR,0.0,https://linkedopendata.eu/entity/Q7361272,"53.176199987311,-6.947392978892|53.5577902,-7.3478558|52.9984575,-7.3980338|53.750748873561,-7.8038658267196|53.1361722,-7.8103408|52.4734839,-8.1614446|53.728973746337,-8.3626566419304|53.2744122,-9.0490601",21,"SME business development and internationalisation, including productive investments",,,PO08,Just Transition,JTF,JTF,JTF,Just Transition Fund,2021IE16JTPR001,Just Transition - IE – JTF,,IE_13190401|IE_01360421|IE_13210404|IE_01380404|IE_13100401|IE_13130402|IE_13180400|IE_13230403,Roscommon|Galway City Central|Cashel-Tipperary|Kildare|Portlaoise|Longford|Birr|Mullingar,,,"Mid-West Region|Midlands Region|West Region, Ireland|Mid-East Region, Ireland",,,IE051|IE012|IE063|IE042|IE062,2021-2027,Tourism Learning Network,Tourism Learning Network,,,,,IE
https://linkedopendata.eu/entity/Q7361313,2021IE16JTPR001_40995,Migrant Traineeship and English language to meet Construction Skills Gaps,Migrant Traineeship and English language to meet Construction Skills Gaps,Ireland,01/04/2024,28/02/2026,50.0,999791.0,EUR,499895.5,https://linkedopendata.eu/entity/Q7361225,"52.4734839,-8.1614446",169,"Territorial development initiatives, including preparation of territorial strategies",,,PO08,Just Transition,JTF,JTF,JTF,Just Transition Fund,2021IE16JTPR001,Just Transition - IE – JTF,,IE_13210404,Cashel-Tipperary,,,Mid-West Region,,,IE051,2021-2027,"To fund Migrant Traineeship and English language to meet Construction Skills Gaps. The applicant will develop a Pre-Apprenticeship programme to respond to construction skills shortages. The applicant will train the workforce that is available through the International Protection and Beneficiaries of Temporary protection (BoTP) that are resident in the Just Transition Area of Thurles MD and Carrick-on-Suir MD. Training programmes will include ESOL English language and construction traineeship which includes wrap around support of mentoring and job placement. The project is being led by the Tipperary Education Board in partnership with Tipperary County Council, and in consultation with the Construction Industry Federation of Ireland and North Tipperary Development Company (NTDC).","To fund Migrant Traineeship and English language to meet Construction Skills Gaps. The applicant will develop a Pre-Apprenticeship programme to respond to construction skills shortages. The applicant will train the workforce that is available through the International Protection and Beneficiaries of Temporary protection (BoTP) that are resident in the Just Transition Area of Thurles MD and Carrick-on-Suir MD. Training programmes will include ESOL English language and construction traineeship which includes wrap around support of mentoring and job placement. The project is being led by the Tipperary Education Board in partnership with Tipperary County Council, and in consultation with the Construction Industry Federation of Ireland and North Tipperary Development Company (NTDC).",,,,,IE
https://linkedopendata.eu/entity/Q7361395,2021IE16RFPR002_32032,CREDIT,CREDIT,Ireland,01/05/2023,31/12/2029,40.0,1941866.0,EUR,776746.4,https://linkedopendata.eu/entity/Q2531998,"53.3979685,-7.0276759",12,"Research and innovation activities in public research centres, higher education and centres of competence including networking (industrial research, experimental development, feasibility studies)",,,PO01,Smarter Europe,RSO1.1,RSO1.1,ERDF,European Regional Development Fund,2021IE16RFPR002,"Southern, Eastern and Midland - IE – ERDF",,,,,Eastern and Midland,,,IE06,,2021-2027,"The CREDIT Technology Gateway is a Wind & Distributed Energy, Zero Carbon & Energy Optimisation and Energy Integration research group that applies emerging technologies, expertise and specialist knowledge across the energy and renewables sector to help innovative businesses and companies succeed in the introduction of new and improved processes, products and services. This operation will fund personnel in the Gateway whose role it is to increase the level of engagement with industry.","The CREDIT Technology Gateway is a Wind & Distributed Energy, Zero Carbon & Energy Optimisation and Energy Integration research group that applies emerging technologies, expertise and specialist knowledge across the energy and renewables sector to help innovative businesses and companies succeed in the introduction of new and improved processes, products and services. This operation will fund personnel in the Gateway whose role it is to increase the level of engagement with industry.",,,,,IE
https://linkedopendata.eu/entity/Q7361352,2021IE16JTPR001_42436,Greenway Animation and Interpretation - Royal Canal Greenway,Greenway Animation and Interpretation - Royal Canal Greenway,Ireland,01/07/2024,01/08/2026,50.0,487500.0,EUR,243750.0,https://linkedopendata.eu/entity/Q7361259,"53.176199987311,-6.947392978892|53.750748873561,-7.8038658267196",21,"SME business development and internationalisation, including productive investments",,,PO08,Just Transition,JTF,JTF,JTF,Just Transition Fund,2021IE16JTPR001,Just Transition - IE – JTF,,IE_01380404|IE_13130402,Kildare|Longford,,,"Midlands Region|Mid-East Region, Ireland",,,IE012|IE063|IE062,2021-2027,"The project is for the enhancement of 130km the Royal Canal Greenway from Maynooth to Longford town and Cloondara covering four counties, three of which are in the JTF territory*. This project will build on the previous €12m investment, to provide interpretation signage, signature points, and waymarking, differentiating it from other greenways","The project is for the enhancement of 130km the Royal Canal Greenway from Maynooth to Longford town and Cloondara covering four counties, three of which are in the JTF territory*. This project will build on the previous €12m investment, to provide interpretation signage, signature points, and waymarking, differentiating it from other greenways",,,,,IE
https://linkedopendata.eu/entity/Q7361458,2021IE16RFPR002_44006,Greentech HQ SMART Regions Stream 3,Greentech HQ SMART Regions Stream 3,Ireland,18/11/2024,18/11/2027,40.0,992000.0,EUR,396800.0,https://linkedopendata.eu/entity/Q7361303,"53.41291,-8.24389",26,"Support for innovation clusters including between businesses, research organisations and public authorities and business networks primarily benefiting SMEs",,,PO01,Smarter Europe,RSO1.3,RSO1.3,ERDF,European Regional Development Fund,2021IE16RFPR002,"Southern, Eastern and Midland - IE – ERDF",,,,,Southern,,,IE05,,2021-2027,To deliver business development programmes to support SMEs in the Southeast to implement growth and sustainability strategies,To deliver business development programmes to support SMEs in the Southeast to implement growth and sustainability strategies,,,,,IE
https://linkedopendata.eu/entity/Q7361494,2021IE16RFPR001_42951,Leitrim Economic Growth and Capital Development,Leitrim Economic Growth and Capital Development,Ireland,25/09/2024,25/09/2025,60.0,32400.0,EUR,19440.0,https://linkedopendata.eu/entity/Q7361479,"53.963472222222,-7.3574444444444",26,"Support for innovation clusters including between businesses, research organisations and public authorities and business networks primarily benefiting SMEs",,,PO01,Smarter Europe,RSO1.3,RSO1.3,ERDF,European Regional Development Fund,2021IE16RFPR001,Northern and Western - IE – ERDF,,,,,,Border Region,,,IE041,2021-2027,To undertake Feasibility Study to examine potential for development of a state-of-the-art Smart Technology Platform at Carrick on Shannon Business Campus,To undertake Feasibility Study to examine potential for development of a state-of-the-art Smart Technology Platform at Carrick on Shannon Business Campus,,,,,IE
https://linkedopendata.eu/entity/Q7361321,2021IE16JTPR001_41182,Rathcroghan Heritage Farming Project,Rathcroghan Heritage Farming Project,Ireland,01/05/2024,31/03/2026,50.0,886634.0,EUR,443317.0,https://linkedopendata.eu/entity/Q7361231,"53.728973746337,-8.3626566419304",169,"Territorial development initiatives, including preparation of territorial strategies",,,PO08,Just Transition,JTF,JTF,JTF,Just Transition Fund,2021IE16JTPR001,Just Transition - IE – JTF,,IE_13190401,Roscommon,,,"West Region, Ireland",,,IE042,2021-2027,"Rathcroghan is a world class archaeological landscape situated in County Roscommon with 240 archaeological monuments, 70 of which are national monuments and is one of the best-preserved Royal landscapes in Ireland. The site is currently part of a serial nomination for inscription to the UNESCO World Heritage Site (WHS) list.","Rathcroghan is a world class archaeological landscape situated in County Roscommon with 240 archaeological monuments, 70 of which are national monuments and is one of the best-preserved Royal landscapes in Ireland. The site is currently part of a serial nomination for inscription to the UNESCO World Heritage Site (WHS) list.",,,,,IE
https://linkedopendata.eu/entity/Q7361424,2021IE16RFPR002_41047,"John's Quay, Kilkenny - THRIVE Strand One","John's Quay, Kilkenny - THRIVE Strand One",Ireland,01/06/2024,30/06/2025,40.0,200000.0,EUR,80000.0,https://linkedopendata.eu/entity/Q7361280,"53.41291,-8.24389",169,"Territorial development initiatives, including preparation of territorial strategies",,,PO05,Europe closer to citizens,RSO5.1,RSO5.1,ERDF,European Regional Development Fund,2021IE16RFPR002,"Southern, Eastern and Midland - IE – ERDF",,,,,Southern,,,IE05,,2021-2027,"Kilkenny County Council was awarded €200,000 under THRIVE Strand 1. This funding will be utilised to create a new integrated urban strategy for John’s Quay/John Street Kilkenny, to identify a pipeline of projects for regeneration and to bring one project to a stage of readiness to be included in a THRIVE Strand 2 application. A Town Team will be established for Kilkenny and stakeholder and citizen engagement will align with the Town Centre First framework which will be multi-disciplinary, participatory and community led. Buildings surveys, underground utility survey, conservation and heritage surveys, traffic & parking survey, archaeological impact assessment, environmental impact assessment and appropriate assessment screening will be conducted for a selected heritage building project to ensure this project is investment ready and can be included within a THRIVE Strand 2 application.","Kilkenny County Council was awarded €200,000 under THRIVE Strand 1. This funding will be utilised to create a new integrated urban strategy for John’s Quay/John Street Kilkenny, to identify a pipeline of projects for regeneration and to bring one project to a stage of readiness to be included in a THRIVE Strand 2 application. A Town Team will be established for Kilkenny and stakeholder and citizen engagement will align with the Town Centre First framework which will be multi-disciplinary, participatory and community led. Buildings surveys, underground utility survey, conservation and heritage surveys, traffic & parking survey, archaeological impact assessment, environmental impact assessment and appropriate assessment screening will be conducted for a selected heritage building project to ensure this project is investment ready and can be included within a THRIVE Strand 2 application.",,,,,IE
https://linkedopendata.eu/entity/Q7361402,2021IE16RFPR002_33767,SETU KT Boost,SETU KT Boost,Ireland,01/01/2024,31/12/2027,40.0,1591067.0,EUR,636426.8,https://linkedopendata.eu/entity/Q7361276,"53.41291,-8.24389",28,"Technology transfer and cooperation between enterprises, research centres and higher education sector",,,PO01,Smarter Europe,RSO1.1,RSO1.1,ERDF,European Regional Development Fund,2021IE16RFPR002,"Southern, Eastern and Midland - IE – ERDF",,,,,Southern,,,IE05,,2021-2027,"To further the development of the capacity and capability in South East Technological University to support knowledge and technology transfer and associated outcomes, increase knowledge transfer outcomes within the sector and enhance associated operational quality across the sector.","To further the development of the capacity and capability in South East Technological University to support knowledge and technology transfer and associated outcomes, increase knowledge transfer outcomes within the sector and enhance associated operational quality across the sector.",,,,,IE
https://linkedopendata.eu/entity/Q7361393,2021IE16RFPR002_32035,CREST,CREST,Ireland,01/05/2023,31/12/2029,40.0,2163000.0,EUR,865200.0,https://linkedopendata.eu/entity/Q7361277,"53.3979685,-7.0276759",12,"Research and innovation activities in public research centres, higher education and centres of competence including networking (industrial research, experimental development, feasibility studies)",,,PO01,Smarter Europe,RSO1.1,RSO1.1,ERDF,European Regional Development Fund,2021IE16RFPR002,"Southern, Eastern and Midland - IE – ERDF",,,,,Eastern and Midland,,,IE06,,2021-2027,"The CREST Gateway, based in TU Dublin, delivers coatings innovation solutions for industry in the engineering, construction, healthcare and biomedical industries. This operation will fund personnel in the Gateway whose role it is to increase the level of engagement with industry.","The CREST Gateway, based in TU Dublin, delivers coatings innovation solutions for industry in the engineering, construction, healthcare and biomedical industries. This operation will fund personnel in the Gateway whose role it is to increase the level of engagement with industry.",,,,,IE
https://linkedopendata.eu/entity/Q7361434,2021IE16RFPR002_40864,"Ennis, Co. Clare - THRIVE Strand One","Ennis, Co. Clare - THRIVE Strand One",Ireland,01/06/2024,30/06/2025,40.0,194472.5,EUR,77789.0,https://linkedopendata.eu/entity/Q7361285,"53.41291,-8.24389",169,"Territorial development initiatives, including preparation of territorial strategies",,,PO05,Europe closer to citizens,RSO5.1,RSO5.1,ERDF,European Regional Development Fund,2021IE16RFPR002,"Southern, Eastern and Midland - IE – ERDF",,,,,Southern,,,IE05,,2021-2027,"Clare County Council was awarded €194,472.50 under THRIVE Strand 1. This funding will be utilised to create a new integrated urban strategy for Ennis Town, County Clare and to create a pipeline of investment-ready built heritage regeneration projects. This new integrated urban strategy will be community-led and will use the Town Centre First approach, incorporating the values and principles of the New European Bauhaus. Participative workshops, community meetings, public consultations and feedback sessions for citizens and stakeholders will be used to co create the integrated urban strategy.","Clare County Council was awarded €194,472.50 under THRIVE Strand 1. This funding will be utilised to create a new integrated urban strategy for Ennis Town, County Clare and to create a pipeline of investment-ready built heritage regeneration projects. This new integrated urban strategy will be community-led and will use the Town Centre First approach, incorporating the values and principles of the New European Bauhaus. Participative workshops, community meetings, public consultations and feedback sessions for citizens and stakeholders will be used to co create the integrated urban strategy.",,,,,IE
https://linkedopendata.eu/entity/Q7361346,2021IE16JTPR001_41941,Carrick on Suir Riverside Regeneration,Carrick on Suir Riverside Regeneration,Ireland,01/07/2024,30/06/2025,50.0,185027.0,EUR,92513.5,https://linkedopendata.eu/entity/Q7361230,"52.4734839,-8.1614446",21,"SME business development and internationalisation, including productive investments",,,PO08,Just Transition,JTF,JTF,JTF,Just Transition Fund,2021IE16JTPR001,Just Transition - IE – JTF,,IE_13210404,Cashel-Tipperary,,,Mid-West Region,,,IE051,2021-2027,Design of the Dillon Bridge arches for use as a canoe launch base; and a masterplan and feasibility study for the Goldcrop site.,Design of the Dillon Bridge arches for use as a canoe launch base; and a masterplan and feasibility study for the Goldcrop site.,,,,,IE
https://linkedopendata.eu/entity/Q7361341,2021IE16JTPR001_41654,Digital That Delivers,Digital That Delivers,Ireland,01/08/2023,31/10/2026,50.0,4260000.0,EUR,2130000.0,https://linkedopendata.eu/entity/Q7361255,"53.176199987311,-6.947392978892|53.5577902,-7.3478558|52.9984575,-7.3980338|53.750748873561,-7.8038658267196|53.1361722,-7.8103408|52.4734839,-8.1614446|53.728973746337,-8.3626566419304|53.2744122,-9.0490601",13,"Digitising SMEs (including e-Commerce, e-Business and networked business processes, digital innovation hubs, living labs, web entrepreneurs and ICT start-ups, B2B)",,,PO08,Just Transition,JTF,JTF,JTF,Just Transition Fund,2021IE16JTPR001,Just Transition - IE – JTF,,IE_13190401|IE_01360421|IE_13210404|IE_01380404|IE_13100401|IE_13130402|IE_13180400|IE_13230403,Roscommon|Galway City Central|Cashel-Tipperary|Kildare|Portlaoise|Longford|Birr|Mullingar,,,"Mid-West Region|Midlands Region|West Region, Ireland|Mid-East Region, Ireland",,,IE051|IE012|IE063|IE042|IE062,2021-2027,"The Project will support private, public, and community-based tourism micro enterprises and SMEs in the Just Transition territory to drive a digital transformation in their business, improve their productivity, their processes and online presence, overall delivering a step-change in their digital maturity.","The Project will support private, public, and community-based tourism micro enterprises and SMEs in the Just Transition territory to drive a digital transformation in their business, improve their productivity, their processes and online presence, overall delivering a step-change in their digital maturity.",,,,,IE
https://linkedopendata.eu/entity/Q7361343,2021IE16JTPR001_41661,Blueway Bike Hire,Blueway Bike Hire,Ireland,13/09/2024,31/10/2024,50.0,47200.0,EUR,23600.0,https://linkedopendata.eu/entity/Q7361257,"52.4734839,-8.1614446",21,"SME business development and internationalisation, including productive investments",,,PO08,Just Transition,JTF,JTF,JTF,Just Transition Fund,2021IE16JTPR001,Just Transition - IE – JTF,,IE_13210404,Cashel-Tipperary,,,Mid-West Region,,,IE051,2021-2027,The project proposal aims increase the existing stock of bikes to provide a more accessible and inclusive offering to all types of visitors.,The project proposal aims increase the existing stock of bikes to provide a more accessible and inclusive offering to all types of visitors.,,,,,IE
https://linkedopendata.eu/entity/Q7361398,2021IE16RFPR002_32029,APT,APT,Ireland,01/05/2023,31/12/2029,40.0,3569000.0,EUR,1427600.0,https://linkedopendata.eu/entity/Q7361260,"53.3979685,-7.0276759",12,"Research and innovation activities in public research centres, higher education and centres of competence including networking (industrial research, experimental development, feasibility studies)",,,PO01,Smarter Europe,RSO1.1,RSO1.1,ERDF,European Regional Development Fund,2021IE16RFPR002,"Southern, Eastern and Midland - IE – ERDF",,,,,Eastern and Midland,,,IE06,,2021-2027,"The APT Gateway has a core focus on three applied technology areas it aims to transfer to industry: biomedical polymers, polymer recycling and composites. APT is a dedicated resource for the Irish polymer manufacturing industry in terms of research projects and regularly provides training and information dissemination, as well as production demonstration days for companies. This operation will fund personnel in the Gateway whose role it is to increase the level of engagement with industry.","The APT Gateway has a core focus on three applied technology areas it aims to transfer to industry: biomedical polymers, polymer recycling and composites. APT is a dedicated resource for the Irish polymer manufacturing industry in terms of research projects and regularly provides training and information dissemination, as well as production demonstration days for companies. This operation will fund personnel in the Gateway whose role it is to increase the level of engagement with industry.",,,,,IE
https://linkedopendata.eu/entity/Q7361435,2021IE16RFPR002_40861,"Longford, Co. Longford - THRIVE Strand One","Longford, Co. Longford - THRIVE Strand One",Ireland,01/06/2024,30/06/2025,40.0,199020.0,EUR,79608.0,https://linkedopendata.eu/entity/Q7361234,"53.3979685,-7.0276759",169,"Territorial development initiatives, including preparation of territorial strategies",,,PO05,Europe closer to citizens,RSO5.1,RSO5.1,ERDF,European Regional Development Fund,2021IE16RFPR002,"Southern, Eastern and Midland - IE – ERDF",,,,,Eastern and Midland,,,IE06,,2021-2027,"Longford County Council was awarded €199,020.00 under THRIVE Strand 1. This funding will be utilised to bring the Officers Building in Connolly Barracks, Longford Town, to a stage of readiness where it can be put forward for funding under THRIVE Strand 2. Citizen and stakeholder engagement will be undertaken through co-creation workshops to finalise the design of the Officers Building into a new library, county museum and cultural/community hub. In addition, planning permission for the redevelopment of the building will be put in place and environmental screening will be completed.","Longford County Council was awarded €199,020.00 under THRIVE Strand 1. This funding will be utilised to bring the Officers Building in Connolly Barracks, Longford Town, to a stage of readiness where it can be put forward for funding under THRIVE Strand 2. Citizen and stakeholder engagement will be undertaken through co-creation workshops to finalise the design of the Officers Building into a new library, county museum and cultural/community hub. In addition, planning permission for the redevelopment of the building will be put in place and environmental screening will be completed.",,,,,IE
https://linkedopendata.eu/entity/Q7361387,2021IE16RFPR002_32034,DESIGN,DESIGN,Ireland,01/05/2023,31/12/2029,40.0,1982172.0,EUR,792868.8,https://linkedopendata.eu/entity/Q7361276,"53.41291,-8.24389",12,"Research and innovation activities in public research centres, higher education and centres of competence including networking (industrial research, experimental development, feasibility studies)",,,PO01,Smarter Europe,RSO1.1,RSO1.1,ERDF,European Regional Development Fund,2021IE16RFPR002,"Southern, Eastern and Midland - IE – ERDF",,,,,Southern,,,IE05,,2021-2027,"The Design+ Gateway, based in SETU Carlow campus, applies industrial design capabilities for companies from the engineering, ICT & software and bio lifescience sectors nationally. This operation will fund personnel in the Gateway whose role it is to increase the level of engagement with industry.","The Design+ Gateway, based in SETU Carlow campus, applies industrial design capabilities for companies from the engineering, ICT & software and bio lifescience sectors nationally. This operation will fund personnel in the Gateway whose role it is to increase the level of engagement with industry.",,,,,IE
https://linkedopendata.eu/entity/Q7361499,2021IE16RFPR001_40962,THRIVE - S1 Roscommon,THRIVE - S1 Roscommon,Ireland,01/06/2024,30/06/2025,60.0,200000.0,EUR,120000.0,https://linkedopendata.eu/entity/Q7361466,"53.669328,-8.9570134",169,"Territorial development initiatives, including preparation of territorial strategies",,,PO05,Europe closer to citizens,RSO5.1,RSO5.1,ERDF,European Regional Development Fund,2021IE16RFPR001,Northern and Western - IE – ERDF,,,,,,"West Region, Ireland",,,IE042,2021-2027,"This THRIVE Strand 1 project will develop an Integrated Urban Strategy for Roscommon town, based on the Town Centre First Framework and will embrace the values of New European Bauhaus - sustainability, aesthetics, and inclusion. The project will focus two vacant & underutilised buildings and using a citizen-centred approach, identify a viable and sustainable end use for them. A multidisciplinary team will carry out consultations, designs, surveys, and secure planning permission with the aim of creating an investment-ready proposal for a THRIVE Strand 2 application for one of the buildings.","This THRIVE Strand 1 project will develop an Integrated Urban Strategy for Roscommon town, based on the Town Centre First Framework and will embrace the values of New European Bauhaus - sustainability, aesthetics, and inclusion. The project will focus two vacant & underutilised buildings and using a citizen-centred approach, identify a viable and sustainable end use for them. A multidisciplinary team will carry out consultations, designs, surveys, and secure planning permission with the aim of creating an investment-ready proposal for a THRIVE Strand 2 application for one of the buildings.",,,,,IE
https://linkedopendata.eu/entity/Q7361446,2021IE16RFPR002_43011,Instech Hub SMART Regions Stream 2,Instech Hub SMART Regions Stream 2,Ireland,03/04/2024,03/04/2027,40.0,1120200.0,EUR,448080.0,https://linkedopendata.eu/entity/Q7361291,"53.3979685,-7.0276759",26,"Support for innovation clusters including between businesses, research organisations and public authorities and business networks primarily benefiting SMEs",,,PO01,Smarter Europe,RSO1.3,RSO1.3,ERDF,European Regional Development Fund,2021IE16RFPR002,"Southern, Eastern and Midland - IE – ERDF",,,,,Eastern and Midland,,,IE06,,2021-2027,"Development, management and scaling of an Insurance Industry Innovation Cluster","Development, management and scaling of an Insurance Industry Innovation Cluster",,,,,IE
https://linkedopendata.eu/entity/Q7361309,2021IE05SFPR001_1004,Assistance to the most deprived,Assistance to the most deprived,Ireland,01/01/2021,31/12/2027,90.0,33700002.0,EUR,30330001.8,https://linkedopendata.eu/entity/Q7361222,,164,"Addressing material deprivation through food and/or material assistance to the most deprived, including accompanying measures",,,PO04,Social Europe,ESO4.13,ESO4.13,ESF+,European Social Fund Plus,2021IE05SFPR001,EIST – IE – ESF+,,,,,,,,,,2021-2027,The ESF+ Food and Basic Material Support aims to support those most deprived groups through the distribution of food packages and basic material assistance.,The ESF+ Food and Basic Material Support aims to support those most deprived groups through the distribution of food packages and basic material assistance.,,,,,IE
https://linkedopendata.eu/entity/Q7361353,2021IE16JTPR001_42437,Roscrea Castle Street and Public Realm,Roscrea Castle Street and Public Realm,Ireland,01/07/2024,31/12/2025,50.0,581687.0,EUR,290843.5,https://linkedopendata.eu/entity/Q7361230,"52.4734839,-8.1614446",21,"SME business development and internationalisation, including productive investments",,,PO08,Just Transition,JTF,JTF,JTF,Just Transition Fund,2021IE16JTPR001,Just Transition - IE – JTF,,IE_13210404,Cashel-Tipperary,,,Mid-West Region,,,IE051,2021-2027,Preparation of a detailed design and planning for the regeneration of Castle Street in Roscrea. The delivery phase is not the subject of this application.,Preparation of a detailed design and planning for the regeneration of Castle Street in Roscrea. The delivery phase is not the subject of this application.,,,,,IE
https://linkedopendata.eu/entity/Q7361389,2021IE16RFPR002_32040,WiSAR TU Dublin,WiSAR TU Dublin,Ireland,01/05/2023,31/12/2029,40.0,459846.0,EUR,183938.4,https://linkedopendata.eu/entity/Q7361277,"53.3979685,-7.0276759",12,"Research and innovation activities in public research centres, higher education and centres of competence including networking (industrial research, experimental development, feasibility studies)",,,PO01,Smarter Europe,RSO1.1,RSO1.1,ERDF,European Regional Development Fund,2021IE16RFPR002,"Southern, Eastern and Midland - IE – ERDF",,,,,Eastern and Midland,,,IE06,,2021-2027,"The WiSAR Gateway, based at the Atlantic Technological University, provides solutions to Irish industry for the Internet of Things (IoT) using expertise in wireless, embedded systems and power electronics. This operation will fund personnel in the Gateway whose role it is to increase the level of engagement with industry.","The WiSAR Gateway, based at the Atlantic Technological University, provides solutions to Irish industry for the Internet of Things (IoT) using expertise in wireless, embedded systems and power electronics. This operation will fund personnel in the Gateway whose role it is to increase the level of engagement with industry.",,,,,IE
https://linkedopendata.eu/entity/Q7361425,2021IE16RFPR002_41039,"Clonmel, Co. Tipperary - THRIVE Strand One","Clonmel, Co. Tipperary - THRIVE Strand One",Ireland,01/06/2024,30/06/2025,40.0,181632.5,EUR,72653.0,https://linkedopendata.eu/entity/Q7361230,"53.41291,-8.24389",169,"Territorial development initiatives, including preparation of territorial strategies",,,PO05,Europe closer to citizens,RSO5.1,RSO5.1,ERDF,European Regional Development Fund,2021IE16RFPR002,"Southern, Eastern and Midland - IE – ERDF",,,,,Southern,,,IE05,,2021-2027,"Tipperary County Council was awarded €181,632.50 under THRIVE Strand 1. The Council aims to redevelop the Military Chapel, Kickham Barracks, Clonmel, into a new arts and cultural performance venue. This funding will be utilised to bring this heritage building project to a stage of readiness to be included in a THRIVE Strand 2 application. Stakeholders and citizens will co-create and co-design the new arts and cultural performance venue. A measured building survey, utilities survey, site investigation report, cultural heritage impact assessment report, archaeological assessment report, concept design, project supervisor design report, detailed design report for planning permission and environmental impact and appropriate assessment screening reports will be undertaken to ensure the project is investment ready.","Tipperary County Council was awarded €181,632.50 under THRIVE Strand 1. The Council aims to redevelop the Military Chapel, Kickham Barracks, Clonmel, into a new arts and cultural performance venue. This funding will be utilised to bring this heritage building project to a stage of readiness to be included in a THRIVE Strand 2 application. Stakeholders and citizens will co-create and co-design the new arts and cultural performance venue. A measured building survey, utilities survey, site investigation report, cultural heritage impact assessment report, archaeological assessment report, concept design, project supervisor design report, detailed design report for planning permission and environmental impact and appropriate assessment screening reports will be undertaken to ensure the project is investment ready.",,,,,IE
https://linkedopendata.eu/entity/Q7361330,2021IE16JTPR001_41636,Sphagnum Farming,Sphagnum Farming,Ireland,01/07/2024,31/03/2026,50.0,300000.0,EUR,150000.0,https://linkedopendata.eu/entity/Q7361240,"53.750748873561,-7.8038658267196",169,"Territorial development initiatives, including preparation of territorial strategies",,,PO08,Just Transition,JTF,JTF,JTF,Just Transition Fund,2021IE16JTPR001,Just Transition - IE – JTF,,IE_13130402,Longford,,,Midlands Region,,,IE012|IE063,2021-2027,"To fund the development of a sphagnum farm in Co. Longford Sphagnum will be produced as a sustainable substitute for peat in horticulture, in addition to assisting in the restoration and regeneration of cutaway peatlands.","To fund the development of a sphagnum farm in Co. Longford Sphagnum will be produced as a sustainable substitute for peat in horticulture, in addition to assisting in the restoration and regeneration of cutaway peatlands.",,,,,IE
https://linkedopendata.eu/entity/Q7361489,2021IE16RFPR001_43140,Future Cast,Future Cast,Ireland,07/05/2024,07/05/2026,60.0,632000.0,EUR,379200.0,https://linkedopendata.eu/entity/Q7361480,"53.963472222222,-7.3574444444444",26,"Support for innovation clusters including between businesses, research organisations and public authorities and business networks primarily benefiting SMEs",,,PO01,Smarter Europe,RSO1.3,RSO1.3,ERDF,European Regional Development Fund,2021IE16RFPR001,Northern and Western - IE – ERDF,,,,,,Border Region,,,IE041,2021-2027,"Industry Programme Support Scheme to deliver impact on construction and quarry industry through support in Energy, Environmental, Geological Material Science and Circularity","Industry Programme Support Scheme to deliver impact on construction and quarry industry through support in Energy, Environmental, Geological Material Science and Circularity",,,,,IE
https://linkedopendata.eu/entity/Q7361493,2021IE16RFPR001_43008,Bealach Nua Cuideachta Faoi Theorainn Ráthaíochta,Bealach Nua Cuideachta Faoi Theorainn Ráthaíochta,Ireland,29/04/2024,29/04/2025,60.0,29440.0,EUR,17664.0,https://linkedopendata.eu/entity/Q7361478,"53.669328,-8.9570134",26,"Support for innovation clusters including between businesses, research organisations and public authorities and business networks primarily benefiting SMEs",,,PO01,Smarter Europe,RSO1.3,RSO1.3,ERDF,European Regional Development Fund,2021IE16RFPR001,Northern and Western - IE – ERDF,,,,,,"West Region, Ireland",,,IE042,2021-2027,To develop a feasible business model and plan for a commercial Virtual Production studio’- which will support the Createch sector in the West and North-West regions.,To develop a feasible business model and plan for a commercial Virtual Production studio’- which will support the Createch sector in the West and North-West regions.,,,,,IE
https://linkedopendata.eu/entity/Q7361312,2021IE16JTPR001_40989,Regional Skills Horizon and Pathways to Employment (ReSHAPE),Regional Skills Horizon and Pathways to Employment (ReSHAPE),Ireland,01/04/2024,31/03/2026,50.0,4154602.09,EUR,2077301.04,https://linkedopendata.eu/entity/Q4384945,"53.5577902,-7.3478558|52.9984575,-7.3980338|53.750748873561,-7.8038658267196|53.1361722,-7.8103408",169,"Territorial development initiatives, including preparation of territorial strategies",,,PO08,Just Transition,JTF,JTF,JTF,Just Transition Fund,2021IE16JTPR001,Just Transition - IE – JTF,,IE_13100401|IE_13130402|IE_13180400|IE_13230403,Portlaoise|Longford|Birr|Mullingar,,,Midlands Region,,,IE012|IE063,2021-2027,"To fund the ReSHAPE- Regional Skills Horizon And Pathways to Employment’ project to deliver education, training and skills development opportunities for the economic development and environmental sustainability of the Midlands region. This includes the development an intelligent Application (App) to produce a ‘live’ and dynamic aggregated skills map across the Region, the delivery of targeted educational and training programmes and the delivery of a series of masterclasses/workshops/innovation drives/Hackathons aimed at encouraging start-up activity in the green economy.","To fund the ReSHAPE- Regional Skills Horizon And Pathways to Employment’ project to deliver education, training and skills development opportunities for the economic development and environmental sustainability of the Midlands region. This includes the development an intelligent Application (App) to produce a ‘live’ and dynamic aggregated skills map across the Region, the delivery of targeted educational and training programmes and the delivery of a series of masterclasses/workshops/innovation drives/Hackathons aimed at encouraging start-up activity in the green economy.",,,,,IE
https://linkedopendata.eu/entity/Q7361348,2021IE16JTPR001_41995,Demonstrating high-value commercial bio-products at scale utilizing local agri-food waste streams at a circular peatland IMTA site in midlands Just Transition Territory,Demonstrating high-value commercial bio-products at scale utilizing local agri-food waste streams at a circular peatland IMTA site in midlands Just Transition Territory,Ireland,01/10/2024,30/09/2029,50.0,4917710.49,EUR,2458855.25,https://linkedopendata.eu/entity/Q2531698|https://linkedopendata.eu/entity/Q7361260|https://linkedopendata.eu/entity/Q7361261|https://linkedopendata.eu/entity/Q9069,"53.1361722,-7.8103408",30,"Research and innovation processes, technology transfer and cooperation between enterprises, focusing on circular economy",,,PO08,Just Transition,JTF,JTF,JTF,Just Transition Fund,2021IE16JTPR001,Just Transition - IE – JTF,,IE_13180400,Birr,,,Midlands Region,,,IE012|IE063,2021-2027,"CIRCULAR_IMTA_DEMO is an ambitious commercially-focused interdisciplinary bioeconomy demonstration project that harnesses use of a novel recirculating, peatland-based, integrated-multitrophic aquaculture/aquatech (IMTA) site at Mount Lucas. It will demonstrate value-chain products for new feeds/foods from cultivated-duckweed and macroalgae at scale that use fish-culture waste-streams.","CIRCULAR_IMTA_DEMO is an ambitious commercially-focused interdisciplinary bioeconomy demonstration project that harnesses use of a novel recirculating, peatland-based, integrated-multitrophic aquaculture/aquatech (IMTA) site at Mount Lucas. It will demonstrate value-chain products for new feeds/foods from cultivated-duckweed and macroalgae at scale that use fish-culture waste-streams.",,,,,IE
https://linkedopendata.eu/entity/Q7361488,2021IE05SFPR001_1011,ETB Training,ETB Training,Ireland,01/01/2024,31/12/2027,47.59,98750000.0,EUR,47000000.0,https://linkedopendata.eu/entity/Q7361175|https://linkedopendata.eu/entity/Q7361176|https://linkedopendata.eu/entity/Q7361177|https://linkedopendata.eu/entity/Q7361178|https://linkedopendata.eu/entity/Q7361179|https://linkedopendata.eu/entity/Q7361180|https://linkedopendata.eu/entity/Q7361181|https://linkedopendata.eu/entity/Q7361182|https://linkedopendata.eu/entity/Q7361183|https://linkedopendata.eu/entity/Q7361184|https://linkedopendata.eu/entity/Q7361185|https://linkedopendata.eu/entity/Q7361218|https://linkedopendata.eu/entity/Q7361219|https://linkedopendata.eu/entity/Q7361245|https://linkedopendata.eu/entity/Q7361459|https://linkedopendata.eu/entity/Q7361460,,134,Measures to improve access to employment,,,PO04,Social Europe,ESO4.1,ESO4.1,ESF+,European Social Fund Plus,2021IE05SFPR001,EIST – IE – ESF+,,,,,,,,,,2021-2027,The objective of this operation is to provide a range of training courses to meet the needs of unemployed persons and other jobseekers to enable them to seek meaningful employment.,The objective of this operation is to provide a range of training courses to meet the needs of unemployed persons and other jobseekers to enable them to seek meaningful employment.,,,,,IE
https://linkedopendata.eu/entity/Q7361495,2021IE16RFPR001_42876,Marine Institute,Marine Institute,Ireland,18/10/2024,18/10/2025,60.0,50000.0,EUR,30000.0,https://linkedopendata.eu/entity/Q7361464,"53.669328,-8.9570134",26,"Support for innovation clusters including between businesses, research organisations and public authorities and business networks primarily benefiting SMEs",,,PO01,Smarter Europe,RSO1.3,RSO1.3,ERDF,European Regional Development Fund,2021IE16RFPR001,Northern and Western - IE – ERDF,,,,,,"West Region, Ireland",,,IE042,2021-2027,Scoping the feasibility of transitioning the current Marine Industry Innovation Network to a cluster.,Scoping the feasibility of transitioning the current Marine Industry Innovation Network to a cluster.,,,,,IE
https://linkedopendata.eu/entity/Q7361447,2021IE16RFPR002_43065,Emerald Aero SMART Regions Stream 2,Emerald Aero SMART Regions Stream 2,Ireland,30/07/2024,30/07/2027,40.0,391095.0,EUR,156438.0,https://linkedopendata.eu/entity/Q7361293,"53.41291,-8.24389",26,"Support for innovation clusters including between businesses, research organisations and public authorities and business networks primarily benefiting SMEs",,,PO01,Smarter Europe,RSO1.3,RSO1.3,ERDF,European Regional Development Fund,2021IE16RFPR002,"Southern, Eastern and Midland - IE – ERDF",,,,,Southern,,,IE05,,2021-2027,To build awareness of Ireland as destination for Aerospace manufacturing,To build awareness of Ireland as destination for Aerospace manufacturing,,,,,IE
https://linkedopendata.eu/entity/Q7361381,2021IE16JTPR001_43370,Tipperary County Council Tourism Activator,Tipperary County Council Tourism Activator,Ireland,01/01/2024,31/12/2026,50.0,198278.0,EUR,99139.0,https://linkedopendata.eu/entity/Q7361230,"52.4734839,-8.1614446",21,"SME business development and internationalisation, including productive investments",,,PO08,Just Transition,JTF,JTF,JTF,Just Transition Fund,2021IE16JTPR001,Just Transition - IE – JTF,,IE_13210404,Cashel-Tipperary,,,Mid-West Region,,,IE051,2021-2027,Provide EU JTF funds to the amount specified to employ an EU JTF County Tourism Activator on a special-purpose 3-year fixed term contract and an operational budget.,Provide EU JTF funds to the amount specified to employ an EU JTF County Tourism Activator on a special-purpose 3-year fixed term contract and an operational budget.,,,,,IE
https://linkedopendata.eu/entity/Q7361408,2021IE16RFPR002_33972,TU Dublin KT Boost,TU Dublin KT Boost,Ireland,01/01/2024,31/12/2027,40.0,1933395.0,EUR,773358.0,https://linkedopendata.eu/entity/Q7361277,"53.3979685,-7.0276759",28,"Technology transfer and cooperation between enterprises, research centres and higher education sector",,,PO01,Smarter Europe,RSO1.1,RSO1.1,ERDF,European Regional Development Fund,2021IE16RFPR002,"Southern, Eastern and Midland - IE – ERDF",,,,,Eastern and Midland,,,IE06,,2021-2027,"To further the development of the capacity and capability in Technological University Dublin to support knowledge and technology transfer and associated outcomes, increase knowledge transfer outcomes within the sector and enhance associated operational quality across the sector.","To further the development of the capacity and capability in Technological University Dublin to support knowledge and technology transfer and associated outcomes, increase knowledge transfer outcomes within the sector and enhance associated operational quality across the sector.",,,,,IE
https://linkedopendata.eu/entity/Q7361487,2021IE16RFPR001_43070,Platform 94 - Stream 2,Platform 94 - Stream 2,Ireland,11/10/2024,11/10/2027,60.0,382572.0,EUR,229543.2,https://linkedopendata.eu/entity/Q7361473,"53.669328,-8.9570134",26,"Support for innovation clusters including between businesses, research organisations and public authorities and business networks primarily benefiting SMEs",,,PO01,Smarter Europe,RSO1.3,RSO1.3,ERDF,European Regional Development Fund,2021IE16RFPR001,Northern and Western - IE – ERDF,,,,,,"West Region, Ireland",,,IE042,2021-2027,To develop a formal network of companies in the West and North West Region in a cluster initiative – SCALE by Platform 94,To develop a formal network of companies in the West and North West Region in a cluster initiative – SCALE by Platform 94,,,,,IE
https://linkedopendata.eu/entity/Q7361333,2021IE16JTPR001_41641,Community Retrofit Coordination,Community Retrofit Coordination,Ireland,01/07/2024,31/03/2026,50.0,172152.0,EUR,86076.0,https://linkedopendata.eu/entity/Q7361247,"52.4734839,-8.1614446",169,"Territorial development initiatives, including preparation of territorial strategies",,,PO08,Just Transition,JTF,JTF,JTF,Just Transition Fund,2021IE16JTPR001,Just Transition - IE – JTF,,IE_13210404,Cashel-Tipperary,,,Mid-West Region,,,IE051,2021-2027,"To fund the appointment of 2 new staff to grow the business which is associated with insulation retro fitting to dwellings in the JTF territories of Carrick on Suir and Thurles (Tipperary). The project also involves the training of staff and costs associated with travel for the purposes of community engagement. The project costs include promotional activity and technical expertise to support staff development. Equipment costs specific to laptops, phones and a projector are also identified as necessary for project implementation. The project objectives are aligned to existing business expansion in Carrick on Suir and Thurles.","To fund the appointment of 2 new staff to grow the business which is associated with insulation retro fitting to dwellings in the JTF territories of Carrick on Suir and Thurles (Tipperary). The project also involves the training of staff and costs associated with travel for the purposes of community engagement. The project costs include promotional activity and technical expertise to support staff development. Equipment costs specific to laptops, phones and a projector are also identified as necessary for project implementation. The project objectives are aligned to existing business expansion in Carrick on Suir and Thurles.",,,,,IE
https://linkedopendata.eu/entity/Q7361336,2021IE16JTPR001_41644,Composting Bark for the Horticultural Market,Composting Bark for the Horticultural Market,Ireland,01/07/2024,31/03/2026,50.0,300000.0,EUR,150000.0,https://linkedopendata.eu/entity/Q7361250,"53.5577902,-7.3478558",169,"Territorial development initiatives, including preparation of territorial strategies",,,PO08,Just Transition,JTF,JTF,JTF,Just Transition Fund,2021IE16JTPR001,Just Transition - IE – JTF,,IE_13230403,Mullingar,,,Midlands Region,,,IE012|IE063,2021-2027,"To support an environmentally sustainable peat alternative product for supply to the horticulture market. The project will focus on the composting of bark to provide a stable and safe [does not compete with plants for nutrients] product for horticulture. The project involves expansion of composting activity by growing the production facility and achieving the RHP quality standard. To deliver the project, Ecochip will invest in staff salaries and training, a material turning machine and upgrades to the office and yard to support meeting the RHP quality standard for the product.","To support an environmentally sustainable peat alternative product for supply to the horticulture market. The project will focus on the composting of bark to provide a stable and safe [does not compete with plants for nutrients] product for horticulture. The project involves expansion of composting activity by growing the production facility and achieving the RHP quality standard. To deliver the project, Ecochip will invest in staff salaries and training, a material turning machine and upgrades to the office and yard to support meeting the RHP quality standard for the product.",,,,,IE
https://linkedopendata.eu/entity/Q7361439,2021IE16RFPR002_41856,Mallow Town Hall – THRIVE Strand Two,Mallow Town Hall – THRIVE Strand Two,Ireland,04/05/2024,30/12/2027,40.0,7000000.0,EUR,2800000.0,https://linkedopendata.eu/entity/Q7361281,"53.41291,-8.24389",168,Physical regeneration and security of public spaces,,,PO05,Europe closer to citizens,RSO5.1,RSO5.1,ERDF,European Regional Development Fund,2021IE16RFPR002,"Southern, Eastern and Midland - IE – ERDF",,,,,Southern,,,IE05,,2021-2027,"Refurbishment, renovation and adaptive reuse of Mallow Town Hall, a vacant or derelict heritage building owned by Cork County Council in Mallow, Co Cork to create a 200-seat theatre and multi-use arts centre that will have a positive and transformative impact on the urban centre and reduce vacancy and dereliction. • Mallow Town Hall was identified for regeneration in the Integrated Urban Strategy – Draft Mallow Town Framework Plan May 2020 and Cork County Development Plan 2022 – Volume Three North Cork. The regeneration of Mallow Town Hall will promote the values and working principles of the New European Bauhaus by ensuring the regeneration of Mallow Town Hall will be beautiful, sustainable and inclusive and was conceived and developed with a reinforced citizen and stakeholder involvement. • The regeneration of Mallow Town Hall will promote the implementation of circular economy principles and high-quality heritage-led regeneration and conservation outcomes in the built environment.","Refurbishment, renovation and adaptive reuse of Mallow Town Hall, a vacant or derelict heritage building owned by Cork County Council in Mallow, Co Cork to create a 200-seat theatre and multi-use arts centre that will have a positive and transformative impact on the urban centre and reduce vacancy and dereliction. • Mallow Town Hall was identified for regeneration in the Integrated Urban Strategy – Draft Mallow Town Framework Plan May 2020 and Cork County Development Plan 2022 – Volume Three North Cork. The regeneration of Mallow Town Hall will promote the values and working principles of the New European Bauhaus by ensuring the regeneration of Mallow Town Hall will be beautiful, sustainable and inclusive and was conceived and developed with a reinforced citizen and stakeholder involvement. • The regeneration of Mallow Town Hall will promote the implementation of circular economy principles and high-quality heritage-led regeneration and conservation outcomes in the built environment.",,,,,IE
https://linkedopendata.eu/entity/Q7361497,2021IE16RFPR001_42709,THRIVE - S2 Galway City,THRIVE - S2 Galway City,Ireland,31/10/2024,30/01/2026,60.0,3861745.0,EUR,2317047.0,https://linkedopendata.eu/entity/Q7361482,"53.669328,-8.9570134",168,Physical regeneration and security of public spaces,,,PO05,Europe closer to citizens,RSO5.1,RSO5.1,ERDF,European Regional Development Fund,2021IE16RFPR001,Northern and Western - IE – ERDF,,,,,,"West Region, Ireland",,,IE042,2021-2027,This THRIVE Strand 2 project will Renovate the existing Nun’s Island Theatre in Galway City and completely refurbish the vacant Church House to the rear of the site.,This THRIVE Strand 2 project will Renovate the existing Nun’s Island Theatre in Galway City and completely refurbish the vacant Church House to the rear of the site.,,,,,IE
https://linkedopendata.eu/entity/Q7361403,2021IE16RFPR002_33771,RCSI KT Boost,RCSI KT Boost,Ireland,01/01/2024,31/12/2027,40.0,1216490.0,EUR,486596.0,https://linkedopendata.eu/entity/Q2531609,"53.3979685,-7.0276759",28,"Technology transfer and cooperation between enterprises, research centres and higher education sector",,,PO01,Smarter Europe,RSO1.1,RSO1.1,ERDF,European Regional Development Fund,2021IE16RFPR002,"Southern, Eastern and Midland - IE – ERDF",,,,,Eastern and Midland,,,IE06,,2021-2027,"To further the development of the capacity and capability in the Royal College of Surgeons in Ireland to support knowledge and technology transfer and associated outcomes, increase knowledge transfer outcomes within the sector and enhance associated operational quality across the sector.","To further the development of the capacity and capability in the Royal College of Surgeons in Ireland to support knowledge and technology transfer and associated outcomes, increase knowledge transfer outcomes within the sector and enhance associated operational quality across the sector.",,,,,IE
https://linkedopendata.eu/entity/Q7361455,2021IE16RFPR002_42824,University College Cork iED Hub SMART Regions Stream 4 Feasibility,University College Cork iED Hub SMART Regions Stream 4 Feasibility,Ireland,26/04/2024,26/04/2025,40.0,35760.0,EUR,14304.0,https://linkedopendata.eu/entity/Q7361300,"53.41291,-8.24389",26,"Support for innovation clusters including between businesses, research organisations and public authorities and business networks primarily benefiting SMEs",,,PO01,Smarter Europe,RSO1.3,RSO1.3,ERDF,European Regional Development Fund,2021IE16RFPR002,"Southern, Eastern and Midland - IE – ERDF",,,,,Southern,,,IE05,,2021-2027,Feasibility to support the development of Life Science Enterprise Cluster organisation in the South-West.,Feasibility to support the development of Life Science Enterprise Cluster organisation in the South-West.,,,,,IE
https://linkedopendata.eu/entity/Q7361319,2021IE16JTPR001_41149,Biomethane for Carbon and Community,Biomethane for Carbon and Community,Ireland,01/04/2024,31/03/2026,50.0,993011.0,EUR,496505.5,https://linkedopendata.eu/entity/Q7361230,"52.4734839,-8.1614446",169,"Territorial development initiatives, including preparation of territorial strategies",,,PO08,Just Transition,JTF,JTF,JTF,Just Transition Fund,2021IE16JTPR001,Just Transition - IE – JTF,,IE_13210404,Cashel-Tipperary,,,Mid-West Region,,,IE051,2021-2027,"The ‘Biomethane for Carbon and Community’ (BCC) Project is centred on the National Bioeconomy Campus at Lisheen and the Tipperary Decarbonising Zone, both located within the EU Just Transition Fund area. This is Phase 1 of a larger biomethane development project, Phase 2 aims to deliver investment in biomethane plants in the locality and region (and beyond) while expanding and sustaining the services of the Biomethane Development Office as a key capacity building service.","The ‘Biomethane for Carbon and Community’ (BCC) Project is centred on the National Bioeconomy Campus at Lisheen and the Tipperary Decarbonising Zone, both located within the EU Just Transition Fund area. This is Phase 1 of a larger biomethane development project, Phase 2 aims to deliver investment in biomethane plants in the locality and region (and beyond) while expanding and sustaining the services of the Biomethane Development Office as a key capacity building service.",,,,,IE
https://linkedopendata.eu/entity/Q7361496,2021IE16RFPR001_42862,Donegal 2040 Strategic Development,Donegal 2040 Strategic Development,Ireland,26/01/2024,26/01/2025,60.0,25200.0,EUR,15120.0,https://linkedopendata.eu/entity/Q7361465,"53.963472222222,-7.3574444444444",26,"Support for innovation clusters including between businesses, research organisations and public authorities and business networks primarily benefiting SMEs",,,PO01,Smarter Europe,RSO1.3,RSO1.3,ERDF,European Regional Development Fund,2021IE16RFPR001,Northern and Western - IE – ERDF,,,,,,Border Region,,,IE041,2021-2027,A feasibility study to scope out & research the construction of an Innovation Centre in Letterkenny,A feasibility study to scope out & research the construction of an Innovation Centre in Letterkenny,,,,,IE
https://linkedopendata.eu/entity/Q7361485,2021IE05SFPR001_1007,Youthreach,Youthreach,Ireland,01/01/2021,31/12/2027,43.48,196751063.0,EUR,85538104.4,https://linkedopendata.eu/entity/Q7361175|https://linkedopendata.eu/entity/Q7361176|https://linkedopendata.eu/entity/Q7361177|https://linkedopendata.eu/entity/Q7361178|https://linkedopendata.eu/entity/Q7361179|https://linkedopendata.eu/entity/Q7361180|https://linkedopendata.eu/entity/Q7361181|https://linkedopendata.eu/entity/Q7361182|https://linkedopendata.eu/entity/Q7361183|https://linkedopendata.eu/entity/Q7361184|https://linkedopendata.eu/entity/Q7361185|https://linkedopendata.eu/entity/Q7361218|https://linkedopendata.eu/entity/Q7361219|https://linkedopendata.eu/entity/Q7361245|https://linkedopendata.eu/entity/Q7361459|https://linkedopendata.eu/entity/Q7361460,,163,"Promoting social integration of people at risk of poverty or social exclusion, including the most deprived and children",,,PO04,Social Europe,ESO4.12,ESO4.12,ESF+,European Social Fund Plus,2021IE05SFPR001,EIST – IE – ESF+,,,,,,,,,,2021-2027,"To engage early school leavers and unemployed and/or inactive young people, from disadvantaged groups and in or at risk of poverty and social exclusion in a process of learning and development.","To engage early school leavers and unemployed and/or inactive young people, from disadvantaged groups and in or at risk of poverty and social exclusion in a process of learning and development.",,,,,IE
https://linkedopendata.eu/entity/Q7361502,2021IE16RFPR001_40942,THRIVE - S1 Cavan,THRIVE - S1 Cavan,Ireland,01/06/2024,30/06/2025,60.0,199020.0,EUR,119412.0,https://linkedopendata.eu/entity/Q7361484,"53.963472222222,-7.3574444444444",169,"Territorial development initiatives, including preparation of territorial strategies",,,PO05,Europe closer to citizens,RSO5.1,RSO5.1,ERDF,European Regional Development Fund,2021IE16RFPR001,Northern and Western - IE – ERDF,,,,,,Border Region,,,IE041,2021-2027,"This THRIVE Strand 1 project will develop an Integrated Urban Strategy for the area West and Northwest of Farnham Street in Cavan town, based on the Town Centre First Framework and will embrace the values of New European Bauhaus - sustainability, aesthetics, and inclusion. The project will focus on five vacant & underutilised buildings and using a citizen-centred approach will identify a viable and sustainable end use for these publicly owned heritage buildings. A multidisciplinary team will carry out consultations, designs, surveys, and secure planning permission with the aim of creating an investment-ready proposal for a THRIVE Strand 2 application.","This THRIVE Strand 1 project will develop an Integrated Urban Strategy for the area West and Northwest of Farnham Street in Cavan town, based on the Town Centre First Framework and will embrace the values of New European Bauhaus - sustainability, aesthetics, and inclusion. The project will focus on five vacant & underutilised buildings and using a citizen-centred approach will identify a viable and sustainable end use for these publicly owned heritage buildings. A multidisciplinary team will carry out consultations, designs, surveys, and secure planning permission with the aim of creating an investment-ready proposal for a THRIVE Strand 2 application.",,,,,IE
https://linkedopendata.eu/entity/Q7361380,2021IE16JTPR001_43367,Roscommon County Council Tourism Activator,Roscommon County Council Tourism Activator,Ireland,01/01/2024,31/12/2026,50.0,290462.0,EUR,145231.0,https://linkedopendata.eu/entity/Q7361244,"53.728973746337,-8.3626566419304",21,"SME business development and internationalisation, including productive investments",,,PO08,Just Transition,JTF,JTF,JTF,Just Transition Fund,2021IE16JTPR001,Just Transition - IE – JTF,,IE_13190401,Roscommon,,,"West Region, Ireland",,,IE042,2021-2027,Provide EU JTF funds to the amount specified to employ an EU JTF County Tourism Activator on a special-purpose 3-year fixed term contract and an operational budget.,Provide EU JTF funds to the amount specified to employ an EU JTF County Tourism Activator on a special-purpose 3-year fixed term contract and an operational budget.,,,,,IE
https://linkedopendata.eu/entity/Q7361369,2021IE16JTPR001_43342,Roscrea Castle,Roscrea Castle,Ireland,07/01/2024,31/12/2026,50.0,2976548.0,EUR,1488274.0,https://linkedopendata.eu/entity/Q7361270,"52.4734839,-8.1614446",21,"SME business development and internationalisation, including productive investments",,,PO08,Just Transition,JTF,JTF,JTF,Just Transition Fund,2021IE16JTPR001,Just Transition - IE – JTF,,IE_13210404,Cashel-Tipperary,,,Mid-West Region,,,IE051,2021-2027,"Upgrade of interpretation and introduction of new exhibitions within Roscrea Castle, Damer_x000D_ House, Heritage Centre, and landscaping works to the castle courtyard and garden.","Upgrade of interpretation and introduction of new exhibitions within Roscrea Castle, Damer_x000D_ House, Heritage Centre, and landscaping works to the castle courtyard and garden.",,,,,IE
https://linkedopendata.eu/entity/Q7361378,2021IE16JTPR001_43333,Longford County Council Tourism Activator,Longford County Council Tourism Activator,Ireland,01/01/2024,31/12/2026,50.0,290462.0,EUR,145231.0,https://linkedopendata.eu/entity/Q7361234,"53.750748873561,-7.8038658267196",21,"SME business development and internationalisation, including productive investments",,,PO08,Just Transition,JTF,JTF,JTF,Just Transition Fund,2021IE16JTPR001,Just Transition - IE – JTF,,IE_13130402,Longford,,,Midlands Region,,,IE012|IE063,2021-2027,Provide EU JTF funds to the amount specified to employ an EU JTF County Tourism Activator on a special-purpose 3-year fixed term contract and an operational budget.,Provide EU JTF funds to the amount specified to employ an EU JTF County Tourism Activator on a special-purpose 3-year fixed term contract and an operational budget.,,,,,IE
https://linkedopendata.eu/entity/Q7361504,2021IE16RFPR001_40948,THRIVE S1 - Ballinasloe,THRIVE S1 - Ballinasloe,Ireland,01/06/2024,30/06/2025,60.0,131501.03,EUR,78900.62,https://linkedopendata.eu/entity/Q7361468,"53.669328,-8.9570134",169,"Territorial development initiatives, including preparation of territorial strategies",,,PO05,Europe closer to citizens,RSO5.1,RSO5.1,ERDF,European Regional Development Fund,2021IE16RFPR001,Northern and Western - IE – ERDF,,,,,,"West Region, Ireland",,,IE042,2021-2027,"This THRIVE Strand 1 project will develop a Town Centre First Plan (Integrated Urban Strategy) for Ballinasloe, using the Town Centre First Framework and will embrace the values of New European Bauhaus - sustainability, aesthetics, and inclusion. The project will engage a multi-disciplinary team to develop the Strategy for Ballinasloe and using a citizen-centred approach, will prepare a pipeline of regeneration projects for the town with identified funding possibilities and with a focus on deliverability.","This THRIVE Strand 1 project will develop a Town Centre First Plan (Integrated Urban Strategy) for Ballinasloe, using the Town Centre First Framework and will embrace the values of New European Bauhaus - sustainability, aesthetics, and inclusion. The project will engage a multi-disciplinary team to develop the Strategy for Ballinasloe and using a citizen-centred approach, will prepare a pipeline of regeneration projects for the town with identified funding possibilities and with a focus on deliverability.",,,,,IE
https://linkedopendata.eu/entity/Q7361450,2021IE16RFPR002_42883,Inner City Enterprise SMART Regions Stream 4 Feasibility,Inner City Enterprise SMART Regions Stream 4 Feasibility,Ireland,03/04/2024,03/04/2025,40.0,50000.0,EUR,20000.0,https://linkedopendata.eu/entity/Q7361296,"53.3979685,-7.0276759",26,"Support for innovation clusters including between businesses, research organisations and public authorities and business networks primarily benefiting SMEs",,,PO01,Smarter Europe,RSO1.3,RSO1.3,ERDF,European Regional Development Fund,2021IE16RFPR002,"Southern, Eastern and Midland - IE – ERDF",,,,,Eastern and Midland,,,IE06,,2021-2027,Feasibility to drive the development of a comprehensive business plan and a possible future application under Stream 1 of the Smart Regions Enterprise Scheme for ICE to deliver future enterprise services to potential entrepreneurs and start-ups.,Feasibility to drive the development of a comprehensive business plan and a possible future application under Stream 1 of the Smart Regions Enterprise Scheme for ICE to deliver future enterprise services to potential entrepreneurs and start-ups.,,,,,IE
https://linkedopendata.eu/entity/Q7361390,2021IE16RFPR002_31843,Imar/a IOT,Imar/a IOT,Ireland,01/05/2023,31/12/2029,40.0,2666500.0,EUR,1066600.0,https://linkedopendata.eu/entity/Q4384945,"53.41291,-8.24389",12,"Research and innovation activities in public research centres, higher education and centres of competence including networking (industrial research, experimental development, feasibility studies)",,,PO01,Smarter Europe,RSO1.1,RSO1.1,ERDF,European Regional Development Fund,2021IE16RFPR002,"Southern, Eastern and Midland - IE – ERDF",,,,,Southern,,,IE05,,2021-2027,"The IMaR Technology Gateway, based in MTU Kerry, applies its core expertise in electronics, mechatronics, automation technologies, software, IoT, RFID and data analytics to address process and product innovation requirements of enterprises. This operation will fund personnel in the Gateway whose role it is to increase the level of engagement with industry.","The IMaR Technology Gateway, based in MTU Kerry, applies its core expertise in electronics, mechatronics, automation technologies, software, IoT, RFID and data analytics to address process and product innovation requirements of enterprises. This operation will fund personnel in the Gateway whose role it is to increase the level of engagement with industry.",,,,,IE
https://linkedopendata.eu/entity/Q7361399,2021IE16RFPR002_32028,COMMAND,COMMAND,Ireland,01/05/2023,31/12/2029,40.0,2395000.0,EUR,958000.0,https://linkedopendata.eu/entity/Q7361260,"53.3979685,-7.0276759",12,"Research and innovation activities in public research centres, higher education and centres of competence including networking (industrial research, experimental development, feasibility studies)",,,PO01,Smarter Europe,RSO1.1,RSO1.1,ERDF,European Regional Development Fund,2021IE16RFPR002,"Southern, Eastern and Midland - IE – ERDF",,,,,Eastern and Midland,,,IE06,,2021-2027,"The COMMAND Gateway delivers industry-focused technology solutions for the software industry across multiple media platforms. COMAND concentrates on the research and development of prospective interactive media technologies focused on: cross-platform applications, mobile media cloud, 3D sensing, and the interoperability for the Internet of Things. This operation will fund personnel in the Gateway whose role it is to increase the level of engagement with industry.","The COMMAND Gateway delivers industry-focused technology solutions for the software industry across multiple media platforms. COMAND concentrates on the research and development of prospective interactive media technologies focused on: cross-platform applications, mobile media cloud, 3D sensing, and the interoperability for the Internet of Things. This operation will fund personnel in the Gateway whose role it is to increase the level of engagement with industry.",,,,,IE
https://linkedopendata.eu/entity/Q7361359,2021IE16JTPR001_42494,Hodson Bay,Hodson Bay,Ireland,01/10/2024,01/07/2025,50.0,1067722.0,EUR,533861.0,https://linkedopendata.eu/entity/Q7361244,"53.728973746337,-8.3626566419304",21,"SME business development and internationalisation, including productive investments",,,PO08,Just Transition,JTF,JTF,JTF,Just Transition Fund,2021IE16JTPR001,Just Transition - IE – JTF,,IE_13190401,Roscommon,,,"West Region, Ireland",,,IE042,2021-2027,"This current project proposal is for up to planning stage for a large-scale multifaceted project of the Hodson Bay waterfront area located 7km from Athlone.The proposal sets out an ambitious vision for the transformation of the Hodson Bay waterfront located on the banks of Lough Ree, to build on the existing regional asset and to expand its impact as key motivator to visit Ireland’s Hidden Heartlands.","This current project proposal is for up to planning stage for a large-scale multifaceted project of the Hodson Bay waterfront area located 7km from Athlone.The proposal sets out an ambitious vision for the transformation of the Hodson Bay waterfront located on the banks of Lough Ree, to build on the existing regional asset and to expand its impact as key motivator to visit Ireland’s Hidden Heartlands.",,,,,IE
https://linkedopendata.eu/entity/Q7361340,2021IE16JTPR001_41652,"Emily Square,Athy","Emily Square,Athy",Ireland,01/06/2024,31/05/2025,50.0,2735425.0,EUR,1367712.5,https://linkedopendata.eu/entity/Q7361254,"53.176199987311,-6.947392978892",21,"SME business development and internationalisation, including productive investments",,,PO08,Just Transition,JTF,JTF,JTF,Just Transition Fund,2021IE16JTPR001,Just Transition - IE – JTF,,IE_01380404,Kildare,,,"Mid-East Region, Ireland",,,IE062,2021-2027,"The Project is for the redevelopment and regeneration of Emily Square in Athy Town, Co. Kildare","The Project is for the redevelopment and regeneration of Emily Square in Athy Town, Co. Kildare",,,,,IE
https://linkedopendata.eu/entity/Q7361394,2021IE16RFPR002_32033,PMBRC,PMBRC,Ireland,01/05/2023,31/12/2029,40.0,1930600.0,EUR,772240.0,https://linkedopendata.eu/entity/Q7361276,"53.41291,-8.24389",12,"Research and innovation activities in public research centres, higher education and centres of competence including networking (industrial research, experimental development, feasibility studies)",,,PO01,Smarter Europe,RSO1.1,RSO1.1,ERDF,European Regional Development Fund,2021IE16RFPR002,"Southern, Eastern and Midland - IE – ERDF",,,,,Southern,,,IE05,,2021-2027,"The PMBRC Gateway, based in SETU Waterford, delivers industry solutions for the pharmaceuticals, medical device, food, ingredients, veterinary, ceramics, metallurgy and engineering sectors. This operation will fund personnel in the Gateway whose role it is to increase the level of engagement with industry.","The PMBRC Gateway, based in SETU Waterford, delivers industry solutions for the pharmaceuticals, medical device, food, ingredients, veterinary, ceramics, metallurgy and engineering sectors. This operation will fund personnel in the Gateway whose role it is to increase the level of engagement with industry.",,,,,IE
https://linkedopendata.eu/entity/Q7361413,2021IE16RFPR002_37296,UCD AgTech - Innovators Initiative,UCD AgTech - Innovators Initiative,Ireland,01/01/2024,31/12/2029,40.0,6984625.0,EUR,2793850.0,https://linkedopendata.eu/entity/Q2531710,"53.3979685,-7.0276759",12,"Research and innovation activities in public research centres, higher education and centres of competence including networking (industrial research, experimental development, feasibility studies)",,,PO01,Smarter Europe,RSO1.1,RSO1.1,ERDF,European Regional Development Fund,2021IE16RFPR002,"Southern, Eastern and Midland - IE – ERDF",,,,,Eastern and Midland,,,IE06,,2021-2027,AgTech/Food is an entrepreneurial education and training programme for mid-career professionals using design thinking-based methodologies coupled with immersion in relevant settings to identify and prioritise commercially significant needs with potential for further development in the agricultural technology and food sustainability sectors.,AgTech/Food is an entrepreneurial education and training programme for mid-career professionals using design thinking-based methodologies coupled with immersion in relevant settings to identify and prioritise commercially significant needs with potential for further development in the agricultural technology and food sustainability sectors.,,,,,IE
https://linkedopendata.eu/entity/Q7361388,2021IE16RFPR002_32027,ICS Technology Gateway @ Walton Institute,ICS Technology Gateway @ Walton Institute,Ireland,01/05/2023,31/12/2029,40.0,2165000.0,EUR,866000.0,https://linkedopendata.eu/entity/Q7361276,"53.41291,-8.24389",12,"Research and innovation activities in public research centres, higher education and centres of competence including networking (industrial research, experimental development, feasibility studies)",,,PO01,Smarter Europe,RSO1.1,RSO1.1,ERDF,European Regional Development Fund,2021IE16RFPR002,"Southern, Eastern and Midland - IE – ERDF",,,,,Southern,,,IE05,,2021-2027,"The ICS Technology Gateway connects Industry with advanced software Research and Innovation. The Gateway offers particular expertise in communications services, immersive technologies, artificial intelligence and machine learning, data analytics, future networks, digital platforms, internet of things and software technology solutions through collaboration on projects which are close to the market needs of Irish industry. This operation will fund personnel in the Gateway whose role it is to increase the level of engagement with industry.","The ICS Technology Gateway connects Industry with advanced software Research and Innovation. The Gateway offers particular expertise in communications services, immersive technologies, artificial intelligence and machine learning, data analytics, future networks, digital platforms, internet of things and software technology solutions through collaboration on projects which are close to the market needs of Irish industry. This operation will fund personnel in the Gateway whose role it is to increase the level of engagement with industry.",,,,,IE
https://linkedopendata.eu/entity/Q7361347,2021IE16JTPR001_41992,Lisheen Bioeconomy Scaleup Initiative,Lisheen Bioeconomy Scaleup Initiative,Ireland,01/10/2024,30/09/2030,50.0,4995704.0,EUR,2497852.0,https://linkedopendata.eu/entity/Q236521|https://linkedopendata.eu/entity/Q2531698|https://linkedopendata.eu/entity/Q2531710|https://linkedopendata.eu/entity/Q7361230|https://linkedopendata.eu/entity/Q7361260,"52.4734839,-8.1614446",30,"Research and innovation processes, technology transfer and cooperation between enterprises, focusing on circular economy",,,PO08,Just Transition,JTF,JTF,JTF,Just Transition Fund,2021IE16JTPR001,Just Transition - IE – JTF,,IE_13210404,Cashel-Tipperary,,,Mid-West Region,,,IE051,2021-2027,"For Ireland to fully achieve its bioeconomy potential, an integrated pathway to market for new technologies, processes and products is needed. BioScaleUp proposes the demonstration of 6 innovative biobased technologies at the national multipurpose bioeconomy pilot facility at Lisheen Thurles. Operating for up to Technology readiness level (TRL) 7 the facility will function as a platform for the collaboration between RPOs, SMEs and large industry for process development & scale-up of biobased products and processes, enabling conversion of renewable feedstocks into biobased chemicals, biobased materials, food ingredients, biofuels and other bioproducts by using technologies: biomass pretreatment, biocatalysis, fermentation, and downstream product recovery and purification.","For Ireland to fully achieve its bioeconomy potential, an integrated pathway to market for new technologies, processes and products is needed. BioScaleUp proposes the demonstration of 6 innovative biobased technologies at the national multipurpose bioeconomy pilot facility at Lisheen Thurles. Operating for up to Technology readiness level (TRL) 7 the facility will function as a platform for the collaboration between RPOs, SMEs and large industry for process development & scale-up of biobased products and processes, enabling conversion of renewable feedstocks into biobased chemicals, biobased materials, food ingredients, biofuels and other bioproducts by using technologies: biomass pretreatment, biocatalysis, fermentation, and downstream product recovery and purification.",,,,,IE
https://linkedopendata.eu/entity/Q7361327,2021IE16JTPR001_41627,Social Enterprise Exchange – a Regional Approach,Social Enterprise Exchange – a Regional Approach,Ireland,01/07/2024,31/03/2026,50.0,129966.0,EUR,64983.0,https://linkedopendata.eu/entity/Q7361237,"53.728973746337,-8.3626566419304",169,"Territorial development initiatives, including preparation of territorial strategies",,,PO08,Just Transition,JTF,JTF,JTF,Just Transition Fund,2021IE16JTPR001,Just Transition - IE – JTF,,IE_13190401,Roscommon,,,"West Region, Ireland",,,IE042,2021-2027,"To fund the Social Enterprise Exchange project which aims to contribute to economic diversification and new economic opportunities for social enterprise in the eligible JTF territory outlined through regional collaboration, networking, resource sharing and upskilling in order to support the social economy sector and help successfully access EU funds for the social economy in the area. It is proposed that 60 jobs could be created indirectly, and 40 participants will be upskilled as a result.","To fund the Social Enterprise Exchange project which aims to contribute to economic diversification and new economic opportunities for social enterprise in the eligible JTF territory outlined through regional collaboration, networking, resource sharing and upskilling in order to support the social economy sector and help successfully access EU funds for the social economy in the area. It is proposed that 60 jobs could be created indirectly, and 40 participants will be upskilled as a result.",,,,,IE
https://linkedopendata.eu/entity/Q7361345,2021IE16JTPR001_41693,Shannon Bridge Marina,Shannon Bridge Marina,Ireland,31/07/2024,31/12/2025,50.0,150000.0,EUR,75000.0,https://linkedopendata.eu/entity/Q7361259,"53.1361722,-7.8103408",21,"SME business development and internationalisation, including productive investments",,,PO08,Just Transition,JTF,JTF,JTF,Just Transition Fund,2021IE16JTPR001,Just Transition - IE – JTF,,IE_13180400,Birr,,,Midlands Region,,,IE012|IE063,2021-2027,"Shannonbridge Marina, operated by Waterways Ireland, currently offers 20 berths. It was installed in 2001 and has reached capacity during peak season, which resulted in boaters not being able to stop and the locality missing out on visitors. Waterways Ireland is seeking to increase the mooring capacity by 50% by installing a modern floating jetty approximately adding an additional 10 berths which will also provide access for recreational water sport activities and accessibility enhancements.","Shannonbridge Marina, operated by Waterways Ireland, currently offers 20 berths. It was installed in 2001 and has reached capacity during peak season, which resulted in boaters not being able to stop and the locality missing out on visitors. Waterways Ireland is seeking to increase the mooring capacity by 50% by installing a modern floating jetty approximately adding an additional 10 berths which will also provide access for recreational water sport activities and accessibility enhancements.",,,,,IE
https://linkedopendata.eu/entity/Q7361324,2021IE16JTPR001_41623,MARC (Mycelium and Recycled Cardboard),MARC (Mycelium and Recycled Cardboard),Ireland,01/07/2024,31/03/2026,50.0,249999.08,EUR,124999.54,https://linkedopendata.eu/entity/Q7361235,"53.1361722,-7.8103408",169,"Territorial development initiatives, including preparation of territorial strategies",,,PO08,Just Transition,JTF,JTF,JTF,Just Transition Fund,2021IE16JTPR001,Just Transition - IE – JTF,,IE_13180400,Birr,,,Midlands Region,,,IE012|IE063,2021-2027,"To fund Ethica Planet to become the the first company in Ireland to recycle waste cardboard at scale. The project will use Mycelium (Fungal root fibres) to grow on recovery Cardboard colleted from nearby food and drink producers, enhancing the end product while reducing the need to add virgin pulp to help the integrity of the final product. Mycelium also sequesters carbon which will reduce the Carbon Footprint of the process to near zero.","To fund Ethica Planet to become the the first company in Ireland to recycle waste cardboard at scale. The project will use Mycelium (Fungal root fibres) to grow on recovery Cardboard colleted from nearby food and drink producers, enhancing the end product while reducing the need to add virgin pulp to help the integrity of the final product. Mycelium also sequesters carbon which will reduce the Carbon Footprint of the process to near zero.",,,,,IE
https://linkedopendata.eu/entity/Q7361364,2021IE16JTPR001_42715,M&E Training and Employment Centre,M&E Training and Employment Centre,Ireland,01/05/2024,31/03/2026,50.0,793970.0,EUR,396985.0,https://linkedopendata.eu/entity/Q7361268,"53.728973746337,-8.3626566419304",169,"Territorial development initiatives, including preparation of territorial strategies",,,PO08,Just Transition,JTF,JTF,JTF,Just Transition Fund,2021IE16JTPR001,Just Transition - IE – JTF,,IE_13190401,Roscommon,,,"West Region, Ireland",,,IE042,2021-2027,"To fund M&E Training and Employment Centre. Future Cast is developing Industry training centre for Mechanical and Electrical engineering industry and industry employment assessment centre in Ballaghadereen, Co. Roscommon. This New Centre will educate, retrain, and upskill people from the peat industry, refugee community and international protection community in the midlands region into Mechanical and Electric industry fitters, specialise welders and operators. The centre will also be able to evaluate their skills and give them pathways in industry companies. The training to be provided is based on what Industry Leaders acknowledge as the current gap within the industry.","To fund M&E Training and Employment Centre. Future Cast is developing Industry training centre for Mechanical and Electrical engineering industry and industry employment assessment centre in Ballaghadereen, Co. Roscommon. This New Centre will educate, retrain, and upskill people from the peat industry, refugee community and international protection community in the midlands region into Mechanical and Electric industry fitters, specialise welders and operators. The centre will also be able to evaluate their skills and give them pathways in industry companies. The training to be provided is based on what Industry Leaders acknowledge as the current gap within the industry.",,,,,IE
https://linkedopendata.eu/entity/Q7361512,2021IE16RFPR001_31981,MET,MET,Ireland,01/05/2023,31/12/2029,60.0,2396445.0,EUR,1437867.0,https://linkedopendata.eu/entity/Q7361483,"53.669328,-8.9570134",12,"Research and innovation activities in public research centres, higher education and centres of competence including networking (industrial research, experimental development, feasibility studies)",,,PO01,Smarter Europe,RSO1.1,RSO1.1,ERDF,European Regional Development Fund,2021IE16RFPR001,Northern and Western - IE – ERDF,,,,,,"West Region, Ireland",,,IE042,2021-2027,"The MET Gateway, based at the Atlantic Technological University, offers cutting-edge, industry focused solutions for Start-Up’s, SMEs and larger organisations across the MedTech, Engineering, and Lifesciences food, beverage and sports technologies sectors. For examples of work done see technologygaetway.ie/case-studies","The MET Gateway, based at the Atlantic Technological University, offers cutting-edge, industry focused solutions for Start-Up’s, SMEs and larger organisations across the MedTech, Engineering, and Lifesciences food, beverage and sports technologies sectors. For examples of work done see technologygaetway.ie/case-studies",,,,,IE
https://linkedopendata.eu/entity/Q7361342,2021IE16JTPR001_41659,Development of Sustainable Visitor Experiences for the purchase of biking equipment Robert Crilly Tours,Development of Sustainable Visitor Experiences for the purchase of biking equipment Robert Crilly Tours,Ireland,31/08/2024,31/12/2024,50.0,25776.0,EUR,12888.0,https://linkedopendata.eu/entity/Q7361256,"53.750748873561,-7.8038658267196",21,"SME business development and internationalisation, including productive investments",,,PO08,Just Transition,JTF,JTF,JTF,Just Transition Fund,2021IE16JTPR001,Just Transition - IE – JTF,,IE_13130402,Longford,,,Midlands Region,,,IE012|IE063,2021-2027,"The project proposal aims to widen the range of potential visitors to the Clondara, area by increasing the tour options and routes. This is to be achieved by increasing the variety of the stock of bikes for different types of visitors or less experienced cyclists. The business offers a bike hire and collection service at a variety of locations and is looking to develop tours with local attractions such as Strokestown House & Famine Museum. The applicant wishes to build on existing partnerships with local businesses such as Center Parcs.","The project proposal aims to widen the range of potential visitors to the Clondara, area by increasing the tour options and routes. This is to be achieved by increasing the variety of the stock of bikes for different types of visitors or less experienced cyclists. The business offers a bike hire and collection service at a variety of locations and is looking to develop tours with local attractions such as Strokestown House & Famine Museum. The applicant wishes to build on existing partnerships with local businesses such as Center Parcs.",,,,,IE
https://linkedopendata.eu/entity/Q7361409,2021IE16RFPR002_34000,NUIM KT Boost,NUIM KT Boost,Ireland,01/01/2024,31/12/2027,40.0,2166614.0,EUR,866645.6,https://linkedopendata.eu/entity/Q2531566,"53.3979685,-7.0276759",28,"Technology transfer and cooperation between enterprises, research centres and higher education sector",,,PO01,Smarter Europe,RSO1.1,RSO1.1,ERDF,European Regional Development Fund,2021IE16RFPR002,"Southern, Eastern and Midland - IE – ERDF",,,,,Eastern and Midland,,,IE06,,2021-2027,"To further the development of the capacity and capability in Maynooth University to support knowledge and technology transfer and associated outcomes, increase knowledge transfer outcomes within the sector and enhance associated operational quality across the sector.","To further the development of the capacity and capability in Maynooth University to support knowledge and technology transfer and associated outcomes, increase knowledge transfer outcomes within the sector and enhance associated operational quality across the sector.",,,,,IE
https://linkedopendata.eu/entity/Q7361449,2021IE16RFPR002_43009,Partas SMART Regions Stream 1,Partas SMART Regions Stream 1,Ireland,05/07/2024,05/07/2039,40.0,1694781.0,EUR,677912.4,https://linkedopendata.eu/entity/Q7361295,"53.3979685,-7.0276759",26,"Support for innovation clusters including between businesses, research organisations and public authorities and business networks primarily benefiting SMEs",,,PO01,Smarter Europe,RSO1.3,RSO1.3,ERDF,European Regional Development Fund,2021IE16RFPR002,"Southern, Eastern and Midland - IE – ERDF",,,,,Eastern and Midland,,,IE06,,2021-2027,"The development of a co-working kitchen facility and ancillary support services, including dry, cold and frozen storage, together with a food academy for skills development and promotion of sustainable food practices in Tallaght, South Dublin.","The development of a co-working kitchen facility and ancillary support services, including dry, cold and frozen storage, together with a food academy for skills development and promotion of sustainable food practices in Tallaght, South Dublin.",,,,,IE
https://linkedopendata.eu/entity/Q7361401,2021IE16RFPR002_31842,NIMBUS,NIMBUS,Ireland,01/05/2023,31/12/2029,40.0,2415000.0,EUR,966000.0,https://linkedopendata.eu/entity/Q4384945,"53.41291,-8.24389",12,"Research and innovation activities in public research centres, higher education and centres of competence including networking (industrial research, experimental development, feasibility studies)",,,PO01,Smarter Europe,RSO1.1,RSO1.1,ERDF,European Regional Development Fund,2021IE16RFPR002,"Southern, Eastern and Midland - IE – ERDF",,,,,Southern,,,IE05,,2021-2027,"The Nimbus Gateway, based in MTU Cork, is the industry interface for the Nimbus group. The Gateway develops Internet of Things (IoT) and Cyber Physical System prototypes for a broad range of companies, connecting everyday objects and systems and making them?smart. This operation will fund personnel in the Gateway whose role it is to increase the level of engagement with industry.","The Nimbus Gateway, based in MTU Cork, is the industry interface for the Nimbus group. The Gateway develops Internet of Things (IoT) and Cyber Physical System prototypes for a broad range of companies, connecting everyday objects and systems and making them?smart. This operation will fund personnel in the Gateway whose role it is to increase the level of engagement with industry.",,,,,IE
https://linkedopendata.eu/entity/Q7361322,2021IE16JTPR001_41308,Ethical Tours Ltd. Purchase of Biking Equipment and Electric Vehicle,Ethical Tours Ltd. Purchase of Biking Equipment and Electric Vehicle,Ireland,14/06/2024,30/09/2024,50.0,135200.0,EUR,67600.0,https://linkedopendata.eu/entity/Q7361232,"53.750748873561,-7.8038658267196",21,"SME business development and internationalisation, including productive investments",,,PO08,Just Transition,JTF,JTF,JTF,Just Transition Fund,2021IE16JTPR001,Just Transition - IE – JTF,,IE_13130402,Longford,,,Midlands Region,,,IE012|IE063,2021-2027,"To fund the purchase of biking equipment and Electric Vehicle The project will create and promote unique cycling tours, rooted in regenerative tourism principles. It will showcase the authentic heritage and culture of the midlands. Ethical Tours will actively involve the community including partnerships with local businesses and cultural enterprises, ensuring that economic benefits are distributed fairly and that local businesses thrive.","To fund the purchase of biking equipment and Electric Vehicle The project will create and promote unique cycling tours, rooted in regenerative tourism principles. It will showcase the authentic heritage and culture of the midlands. Ethical Tours will actively involve the community including partnerships with local businesses and cultural enterprises, ensuring that economic benefits are distributed fairly and that local businesses thrive.",,,,,IE
https://linkedopendata.eu/entity/Q7361396,2021IE16RFPR002_32031,Shannon ABC (Limerick),Shannon ABC (Limerick),Ireland,01/05/2023,31/12/2029,40.0,1069034.0,EUR,427613.6,https://linkedopendata.eu/entity/Q7361260,"53.3979685,-7.0276759",12,"Research and innovation activities in public research centres, higher education and centres of competence including networking (industrial research, experimental development, feasibility studies)",,,PO01,Smarter Europe,RSO1.1,RSO1.1,ERDF,European Regional Development Fund,2021IE16RFPR002,"Southern, Eastern and Midland - IE – ERDF",,,,,Eastern and Midland,,,IE06,,2021-2027,"The Shannon ABC Gateway is a leader in bioresource research – detection, identification, characterisation and valorisation – and collaborates with industry and other research centres in order to deliver this expertise in applied settings. This operation will fund personnel in the Gateway at the TUS Limerick campus whose role it is to increase the level of engagement with industry.","The Shannon ABC Gateway is a leader in bioresource research – detection, identification, characterisation and valorisation – and collaborates with industry and other research centres in order to deliver this expertise in applied settings. This operation will fund personnel in the Gateway at the TUS Limerick campus whose role it is to increase the level of engagement with industry.",,,,,IE
https://linkedopendata.eu/entity/Q7361506,2021IE16RFPR001_40944,THRIVE S1 - Sligo,THRIVE S1 - Sligo,Ireland,01/06/2024,30/06/2025,60.0,200000.0,EUR,120000.0,https://linkedopendata.eu/entity/Q7361470,"53.963472222222,-7.3574444444444",169,"Territorial development initiatives, including preparation of territorial strategies",,,PO05,Europe closer to citizens,RSO5.1,RSO5.1,ERDF,European Regional Development Fund,2021IE16RFPR001,Northern and Western - IE – ERDF,,,,,,Border Region,,,IE041,2021-2027,"This THRIVE Strand 1 project will enhance the Sligo East City, Cranmore and Environs Masterplan (Integrated Urban Strategy) using the Town Centre First Framework and embracing the values of New European Bauhaus - sustainability, aesthetics, and inclusion. The project will focus on Sligo Gaol (old jail) and by using a citizen-centred approach, identify a viable and sustainable end use for this heritage building. A multidisciplinary team will carry out consultations, designs, surveys, and secure planning permission with the aim of creating an investment-ready proposal for a THRIVE Strand 2 application.","This THRIVE Strand 1 project will enhance the Sligo East City, Cranmore and Environs Masterplan (Integrated Urban Strategy) using the Town Centre First Framework and embracing the values of New European Bauhaus - sustainability, aesthetics, and inclusion. The project will focus on Sligo Gaol (old jail) and by using a citizen-centred approach, identify a viable and sustainable end use for this heritage building. A multidisciplinary team will carry out consultations, designs, surveys, and secure planning permission with the aim of creating an investment-ready proposal for a THRIVE Strand 2 application.",,,,,IE
https://linkedopendata.eu/entity/Q7361331,2021IE16JTPR001_41638,All About Trees Ltd,All About Trees Ltd,Ireland,01/07/2024,31/03/2026,50.0,296774.0,EUR,148387.0,https://linkedopendata.eu/entity/Q7361241,"53.176199987311,-6.947392978892",169,"Territorial development initiatives, including preparation of territorial strategies",,,PO08,Just Transition,JTF,JTF,JTF,Just Transition Fund,2021IE16JTPR001,Just Transition - IE – JTF,,IE_01380404,Kildare,,,"Mid-East Region, Ireland",,,IE062,2021-2027,"To fund a project that will support retention and renovation of old stone buildings to house a new office, training centre and two accommodation units for trainees and staff with a view to providing access to training and employment opportunities.","To fund a project that will support retention and renovation of old stone buildings to house a new office, training centre and two accommodation units for trainees and staff with a view to providing access to training and employment opportunities.",,,,,IE
https://linkedopendata.eu/entity/Q7361511,2021IE16RFPR001_33770,University of Galway KT Boost,University of Galway KT Boost,Ireland,01/01/2024,31/12/2027,60.0,3807969.0,EUR,2284781.4,https://linkedopendata.eu/entity/Q7361476,"53.669328,-8.9570134",28,"Technology transfer and cooperation between enterprises, research centres and higher education sector",,,PO01,Smarter Europe,RSO1.1,RSO1.1,ERDF,European Regional Development Fund,2021IE16RFPR001,Northern and Western - IE – ERDF,,,,,,"West Region, Ireland",,,IE042,2021-2027,"To further the development of the capacity and capability in University of Galway to support knowledge and technology transfer and associated outcomes, increase knowledge transfer outcomes within the sector and enhance associated operational quality across the sector.","To further the development of the capacity and capability in University of Galway to support knowledge and technology transfer and associated outcomes, increase knowledge transfer outcomes within the sector and enhance associated operational quality across the sector.",,,,,IE
https://linkedopendata.eu/entity/Q7361370,2021IE16JTPR001_43344,Emo Court & Estate Development,Emo Court & Estate Development,Ireland,07/01/2024,31/12/2025,50.0,187500.0,EUR,93750.0,https://linkedopendata.eu/entity/Q7361270,"52.9984575,-7.3980338",21,"SME business development and internationalisation, including productive investments",,,PO08,Just Transition,JTF,JTF,JTF,Just Transition Fund,2021IE16JTPR001,Just Transition - IE – JTF,,IE_13100401,Portlaoise,,,Midlands Region,,,IE012|IE063,2021-2027,"Concept and feasibility study to enhance the visitor experience at Emo Court &_x000D_ Estate, assessing how to further develop the site into a tourism hub, both through offerings provided_x000D_ directly by the OPW and licensed third-party providers.","Concept and feasibility study to enhance the visitor experience at Emo Court &_x000D_ Estate, assessing how to further develop the site into a tourism hub, both through offerings provided_x000D_ directly by the OPW and licensed third-party providers.",,,,,IE
https://linkedopendata.eu/entity/Q7361339,2021IE16JTPR001_41649,Making Tracks,Making Tracks,Ireland,01/07/2024,31/05/2025,50.0,250000.0,EUR,125000.0,https://linkedopendata.eu/entity/Q7361253,"52.9984575,-7.3980338",21,"SME business development and internationalisation, including productive investments",,,PO08,Just Transition,JTF,JTF,JTF,Just Transition Fund,2021IE16JTPR001,Just Transition - IE – JTF,,IE_13100401,Portlaoise,,,Midlands Region,,,IE012|IE063,2021-2027,"""To fund the development of a glamping and wagon accommodation experience on the site of an abandoned house on 1.5acres. The Barn conversion to include a large recreational area in the loft space with facilities on the ground floor. Main house – development of five hostel bedrooms (one on ground floor with four on first floor) and communal cooking, dining and lounge facilities.The accommodation will provide five unique glamping styles – wooden barrel cabin, log cabin, two tee pee cabins, an old train carriage, six horse wagons, plus a five-bedroom hostel with a total of 38 bedspaces.""","""To fund the development of a glamping and wagon accommodation experience on the site of an abandoned house on 1.5acres. The Barn conversion to include a large recreational area in the loft space with facilities on the ground floor. Main house – development of five hostel bedrooms (one on ground floor with four on first floor) and communal cooking, dining and lounge facilities.The accommodation will provide five unique glamping styles – wooden barrel cabin, log cabin, two tee pee cabins, an old train carriage, six horse wagons, plus a five-bedroom hostel with a total of 38 bedspaces.""",,,,,IE
https://linkedopendata.eu/entity/Q7361410,2021IE16RFPR002_34002,UCC KT Boost,UCC KT Boost,Ireland,01/01/2024,31/12/2027,40.0,4673206.0,EUR,1869282.4,https://linkedopendata.eu/entity/Q2531698,"53.41291,-8.24389",28,"Technology transfer and cooperation between enterprises, research centres and higher education sector",,,PO01,Smarter Europe,RSO1.1,RSO1.1,ERDF,European Regional Development Fund,2021IE16RFPR002,"Southern, Eastern and Midland - IE – ERDF",,,,,Southern,,,IE05,,2021-2027,"To further the development of the capacity and capability in University College Cork to support knowledge and technology transfer and associated outcomes, increase knowledge transfer outcomes within the sector and enhance associated operational quality across the sector.","To further the development of the capacity and capability in University College Cork to support knowledge and technology transfer and associated outcomes, increase knowledge transfer outcomes within the sector and enhance associated operational quality across the sector.",,,,,IE
https://linkedopendata.eu/entity/Q7361356,2021IE16JTPR001_42440,Clondra Village Enhancements Project,Clondra Village Enhancements Project,Ireland,25/06/2024,30/09/2026,50.0,370000.0,EUR,185000.0,https://linkedopendata.eu/entity/Q7361234,"53.750748873561,-7.8038658267196",21,"SME business development and internationalisation, including productive investments",,,PO08,Just Transition,JTF,JTF,JTF,Just Transition Fund,2021IE16JTPR001,Just Transition - IE – JTF,,IE_13130402,Longford,,,Midlands Region,,,IE012|IE063,2021-2027,"This is a multifaceted project to a) enhance the public realm and outdoor visitor facilities in Clondra village, as a trailhead on the Royal Canal Greenway and stop on the National Famine Way, to increase dwell time in the village and b) provide better connection with neighbouring Tarmonbarry through providing safer cycling and walking routes","This is a multifaceted project to a) enhance the public realm and outdoor visitor facilities in Clondra village, as a trailhead on the Royal Canal Greenway and stop on the National Famine Way, to increase dwell time in the village and b) provide better connection with neighbouring Tarmonbarry through providing safer cycling and walking routes",,,,,IE
https://linkedopendata.eu/entity/Q7361335,2021IE16JTPR001_41643,RWN CycleUp Textiles Skills and Product Innovation,RWN CycleUp Textiles Skills and Product Innovation,Ireland,01/07/2024,31/03/2026,50.0,188649.0,EUR,94324.5,https://linkedopendata.eu/entity/Q7361249,"53.728973746337,-8.3626566419304",169,"Territorial development initiatives, including preparation of territorial strategies",,,PO08,Just Transition,JTF,JTF,JTF,Just Transition Fund,2021IE16JTPR001,Just Transition - IE – JTF,,IE_13190401,Roscommon,,,"West Region, Ireland",,,IE042,2021-2027,"To support Roscommon Women’s Network to further develop its CycleUp social enterprise to support and upskill women to design, market and up-cycle textiles for sale, creating flexible employment and progression opportunities for themselves and raising awareness of environmental protection. It seeks to develop innovative and practical solutions to the problems associated with fast fashion and the charity shop sector, further reducing textile waste and increasing income generation.","To support Roscommon Women’s Network to further develop its CycleUp social enterprise to support and upskill women to design, market and up-cycle textiles for sale, creating flexible employment and progression opportunities for themselves and raising awareness of environmental protection. It seeks to develop innovative and practical solutions to the problems associated with fast fashion and the charity shop sector, further reducing textile waste and increasing income generation.",,,,,IE
https://linkedopendata.eu/entity/Q7361416,2021IE16RFPR002_40357,DkIT TU RISE,DkIT TU RISE,Ireland,01/01/2024,31/12/2028,40.0,5000000.0,EUR,2000000.0,https://linkedopendata.eu/entity/Q2531998,"53.3979685,-7.0276759",12,"Research and innovation activities in public research centres, higher education and centres of competence including networking (industrial research, experimental development, feasibility studies)",,,PO01,Smarter Europe,RSO1.1,RSO1.1,ERDF,European Regional Development Fund,2021IE16RFPR002,"Southern, Eastern and Midland - IE – ERDF",,,,,Eastern and Midland,,,IE06,,2021-2027,"This Operation will establish, strengthen, and systemise the research and innovation offices in DkIT to enable greater and more structured engagement with local and regional enterprises and community. stakeholders","This Operation will establish, strengthen, and systemise the research and innovation offices in DkIT to enable greater and more structured engagement with local and regional enterprises and community. stakeholders",,,,,IE
https://linkedopendata.eu/entity/Q7361328,2021IE16JTPR001_41633,Poet's Cottage Community Cafe,Poet's Cottage Community Cafe,Ireland,01/07/2024,31/03/2026,50.0,256403.0,EUR,128201.5,https://linkedopendata.eu/entity/Q7361238,"52.9984575,-7.3980338",169,"Territorial development initiatives, including preparation of territorial strategies",,,PO08,Just Transition,JTF,JTF,JTF,Just Transition Fund,2021IE16JTPR001,Just Transition - IE – JTF,,IE_13100401,Portlaoise,,,Midlands Region,,,IE012|IE063,2021-2027,"To fund the conversion of the historic Poet's Cottage into a community café, creating six new jobs, and providing QQI certified training to six individuals.","To fund the conversion of the historic Poet's Cottage into a community café, creating six new jobs, and providing QQI certified training to six individuals.",,,,,IE
https://linkedopendata.eu/entity/Q7361438,2021IE16RFPR002_41712,Tir na Nog – THRIVE Strand Two,Tir na Nog – THRIVE Strand Two,Ireland,04/05/2024,31/01/2028,40.0,7000000.0,EUR,2800000.0,https://linkedopendata.eu/entity/Q2531941,"53.41291,-8.24389",168,Physical regeneration and security of public spaces,,,PO05,Europe closer to citizens,RSO5.1,RSO5.1,ERDF,European Regional Development Fund,2021IE16RFPR002,"Southern, Eastern and Midland - IE – ERDF",,,,,Southern,,,IE05,,2021-2027,"Funding for this project will be to support the following activities: • Refurbishment, renovation and adaptive reuse of 18 Lady Lane, Waterford, a vacant or derelict heritage building owned by Waterford City & County Council in Waterford City, Co Waterford to create a Children’s interactive visitor attractive - TÍr na nÓg, that will have a positive and transformative impact on the urban centre and reduce vacancy and dereliction. • 18 Lady Lane was identified for regeneration in the Integrated Urban Strategy – The Waterford City Centre Regeneration Design Strategy 2020 and the TÍr na nÓg Concept Strategy 2021. • The regeneration of 18 Lady Lane will promote the values and working principles of the New European Bauhaus by ensuring the regeneration of 18 Lady Lane into TÍr na nÓg will be beautiful, sustainable and inclusive and was conceived and developed with a reinforced citizen and stakeholder involvement. • The regeneration of 18 Lady Lane will promote the implementation of circular economy principles and high-quality heritage-led regeneration and conservation outcomes in the built environment.","Funding for this project will be to support the following activities: • Refurbishment, renovation and adaptive reuse of 18 Lady Lane, Waterford, a vacant or derelict heritage building owned by Waterford City & County Council in Waterford City, Co Waterford to create a Children’s interactive visitor attractive - TÍr na nÓg, that will have a positive and transformative impact on the urban centre and reduce vacancy and dereliction. • 18 Lady Lane was identified for regeneration in the Integrated Urban Strategy – The Waterford City Centre Regeneration Design Strategy 2020 and the TÍr na nÓg Concept Strategy 2021. • The regeneration of 18 Lady Lane will promote the values and working principles of the New European Bauhaus by ensuring the regeneration of 18 Lady Lane into TÍr na nÓg will be beautiful, sustainable and inclusive and was conceived and developed with a reinforced citizen and stakeholder involvement. • The regeneration of 18 Lady Lane will promote the implementation of circular economy principles and high-quality heritage-led regeneration and conservation outcomes in the built environment.",,,,,IE
https://linkedopendata.eu/entity/Q7361428,2021IE16RFPR002_40970,"Kings Island, Limerick City - THRIVE Strand One","Kings Island, Limerick City - THRIVE Strand One",Ireland,01/06/2024,30/06/2025,40.0,199574.26,EUR,79829.7,https://linkedopendata.eu/entity/Q4365457,"53.41291,-8.24389",169,"Territorial development initiatives, including preparation of territorial strategies",,,PO05,Europe closer to citizens,RSO5.1,RSO5.1,ERDF,European Regional Development Fund,2021IE16RFPR002,"Southern, Eastern and Midland - IE – ERDF",,,,,Southern,,,IE05,,2021-2027,"Limerick City & County Council was awarded €199,574.26 under THRIVE Strand 1. This funding will be utilised to enhance the King’s Island Walled Town Framework, to identify a pipeline of projects for regeneration and to bring one project to a stage of readiness to be included in a THRIVE Strand 2 application. This will involve inclusive citizen and stakeholder engagement aligned with the Town Centre First approach and the values and working principles of the New European Bauhaus, fostering a multi-disciplinary, participatory, and community-led approach. The project will focus on Nicholas Street and will support a feasibility study including surveys and investigations to gauge the condition of heritage buildings. One exemplary project will be brought to a stage of readiness for inclusion in a THRIVE Strand 2 application.","Limerick City & County Council was awarded €199,574.26 under THRIVE Strand 1. This funding will be utilised to enhance the King’s Island Walled Town Framework, to identify a pipeline of projects for regeneration and to bring one project to a stage of readiness to be included in a THRIVE Strand 2 application. This will involve inclusive citizen and stakeholder engagement aligned with the Town Centre First approach and the values and working principles of the New European Bauhaus, fostering a multi-disciplinary, participatory, and community-led approach. The project will focus on Nicholas Street and will support a feasibility study including surveys and investigations to gauge the condition of heritage buildings. One exemplary project will be brought to a stage of readiness for inclusion in a THRIVE Strand 2 application.",,,,,IE
https://linkedopendata.eu/entity/Q7361349,2021IE16JTPR001_42433,Pod Umna,Pod Umna,Ireland,04/10/2024,29/01/2026,50.0,168000.0,EUR,84000.0,https://linkedopendata.eu/entity/Q7361262,"53.2744122,-9.0490601",21,"SME business development and internationalisation, including productive investments",,,PO08,Just Transition,JTF,JTF,JTF,Just Transition Fund,2021IE16JTPR001,Just Transition - IE – JTF,,IE_01360421,Galway City Central,,,"West Region, Ireland",,,IE042,2021-2027,The project proposal aims to expand the applicants existing bike hire business into the JFT territory. The proposed project is to increase the variety of the stock of bikes available to cater for different types of visitors and will elevate the cycling experience and will meet the demand for a more accessible product to serve the needs of tourists wishing to experience the Grand Canal Greenway.,The project proposal aims to expand the applicants existing bike hire business into the JFT territory. The proposed project is to increase the variety of the stock of bikes available to cater for different types of visitors and will elevate the cycling experience and will meet the demand for a more accessible product to serve the needs of tourists wishing to experience the Grand Canal Greenway.,,,,,IE
https://linkedopendata.eu/entity/Q7361351,2021IE16JTPR001_42435,Sustainable food and well being academy,Sustainable food and well being academy,Ireland,13/09/2024,31/12/2024,50.0,57600.0,EUR,28800.0,https://linkedopendata.eu/entity/Q7361264,"53.2744122,-9.0490601",21,"SME business development and internationalisation, including productive investments",,,PO08,Just Transition,JTF,JTF,JTF,Just Transition Fund,2021IE16JTPR001,Just Transition - IE – JTF,,IE_01360421,Galway City Central,,,"West Region, Ireland",,,IE042,2021-2027,"The project is the creation of a feasibility study to develop a cookery school with dorm style accommodation (20 bed spaces), 5 outdoor glamping pods (10 bed spaces) and 5 campervan pitches, a petting farm and wellness space","The project is the creation of a feasibility study to develop a cookery school with dorm style accommodation (20 bed spaces), 5 outdoor glamping pods (10 bed spaces) and 5 campervan pitches, a petting farm and wellness space",,,,,IE
https://linkedopendata.eu/entity/Q7361436,2021IE16RFPR002_40858,"Newcastle West, Limerick - THRIVE Strand One","Newcastle West, Limerick - THRIVE Strand One",Ireland,01/06/2024,30/06/2025,40.0,199116.3,EUR,79646.52,https://linkedopendata.eu/entity/Q4365457,"53.41291,-8.24389",169,"Territorial development initiatives, including preparation of territorial strategies",,,PO05,Europe closer to citizens,RSO5.1,RSO5.1,ERDF,European Regional Development Fund,2021IE16RFPR002,"Southern, Eastern and Midland - IE – ERDF",,,,,Southern,,,IE05,,2021-2027,"Limerick City & County Council was awarded €199,116.30 under THRIVE Strand 1. This funding will be utilised to enhance the Newcastle West Local Area Plan 2023-2029, to identify projects that promote the conservation and adaptive reuse of the built heritage stock while reducing vacancy and dereliction in the town centre, to create a pipeline of investment ready built heritage projects, and to bring one of these projects to the stage of readiness where it can be included in a THRIVE Strand 2 application. This THRIVE Strand 1 project will involve active engagement with key stakeholders to explore local needs and opportunities, to build awareness of New European Bauhaus values and principles, and to generate ideas that do no significant harm and take account of current and future climate requirements. The citizen engagement will include workshops, citizen labs, and walkabouts, and will ensure social inclusion and accessibility are prioritised.","Limerick City & County Council was awarded €199,116.30 under THRIVE Strand 1. This funding will be utilised to enhance the Newcastle West Local Area Plan 2023-2029, to identify projects that promote the conservation and adaptive reuse of the built heritage stock while reducing vacancy and dereliction in the town centre, to create a pipeline of investment ready built heritage projects, and to bring one of these projects to the stage of readiness where it can be included in a THRIVE Strand 2 application. This THRIVE Strand 1 project will involve active engagement with key stakeholders to explore local needs and opportunities, to build awareness of New European Bauhaus values and principles, and to generate ideas that do no significant harm and take account of current and future climate requirements. The citizen engagement will include workshops, citizen labs, and walkabouts, and will ensure social inclusion and accessibility are prioritised.",,,,,IE
https://linkedopendata.eu/entity/Q7361426,2021IE16RFPR002_41037,"Clonakilty, Co. Cork - THRIVE Strand One","Clonakilty, Co. Cork - THRIVE Strand One",Ireland,01/06/2024,30/06/2025,40.0,200000.0,EUR,80000.0,https://linkedopendata.eu/entity/Q7361281,"53.41291,-8.24389",169,"Territorial development initiatives, including preparation of territorial strategies",,,PO05,Europe closer to citizens,RSO5.1,RSO5.1,ERDF,European Regional Development Fund,2021IE16RFPR002,"Southern, Eastern and Midland - IE – ERDF",,,,,Southern,,,IE05,,2021-2027,"Cork County Council was awarded €200,000 under THRIVE Strand 1. This funding will be utilised to develop a new Integrated Urban Strategy for Kent Street, Clonakilty, County Cork, to identify a pipeline of projects for regeneration and to bring one project to a stage of readiness to be included in a THRIVE Strand 2 application. This will involve undertaking surveys and community workshops to understand needs and priorities, challenges and opportunities, potential end uses from residents, businesses, elected representatives and community groups. One project will be chosen to progress to a THRIVE Strand 2 application and detailed costings and environmental screening will be completed for this project.","Cork County Council was awarded €200,000 under THRIVE Strand 1. This funding will be utilised to develop a new Integrated Urban Strategy for Kent Street, Clonakilty, County Cork, to identify a pipeline of projects for regeneration and to bring one project to a stage of readiness to be included in a THRIVE Strand 2 application. This will involve undertaking surveys and community workshops to understand needs and priorities, challenges and opportunities, potential end uses from residents, businesses, elected representatives and community groups. One project will be chosen to progress to a THRIVE Strand 2 application and detailed costings and environmental screening will be completed for this project.",,,,,IE
https://linkedopendata.eu/entity/Q7361354,2021IE16JTPR001_42438,Belvedere House,Belvedere House,Ireland,01/07/2024,30/09/2025,50.0,187500.0,EUR,93750.0,https://linkedopendata.eu/entity/Q2531771,"53.5577902,-7.3478558",21,"SME business development and internationalisation, including productive investments",,,PO08,Just Transition,JTF,JTF,JTF,Just Transition Fund,2021IE16JTPR001,Just Transition - IE – JTF,,IE_13230403,Mullingar,,,Midlands Region,,,IE012|IE063,2021-2027,"A Masterplan is needed to identify a pipeline of key actions and projects to realise the site’s full potential. The Masterplan could explore a number of areas including water-based activities, outdoor activities and story telling and interpretation. The application also proposes the development of a garden trail, bringing together key assets in Ireland’s Hidden Heartlands such as Birr Castle Demesne. The overall aim of this is to ensure the site is sustainable from both an environmental and financial perspective, while also ensuring conservation of the historical aspects of the site.","A Masterplan is needed to identify a pipeline of key actions and projects to realise the site’s full potential. The Masterplan could explore a number of areas including water-based activities, outdoor activities and story telling and interpretation. The application also proposes the development of a garden trail, bringing together key assets in Ireland’s Hidden Heartlands such as Birr Castle Demesne. The overall aim of this is to ensure the site is sustainable from both an environmental and financial perspective, while also ensuring conservation of the historical aspects of the site.",,,,,IE
https://linkedopendata.eu/entity/Q7361385,2021IE16JTPR001_42763,Electric Bus Routes,Electric Bus Routes,Ireland,13/10/2023,31/12/2026,50.0,1947130.0,EUR,973565.0,https://linkedopendata.eu/entity/Q7361275,"53.176199987311,-6.947392978892|53.5577902,-7.3478558|52.9984575,-7.3980338|53.750748873561,-7.8038658267196|53.1361722,-7.8103408|52.4734839,-8.1614446|53.728973746337,-8.3626566419304|53.2744122,-9.0490601",82,Clean urban transport rolling stock,,,PO08,Just Transition,JTF,JTF,JTF,Just Transition Fund,2021IE16JTPR001,Just Transition - IE – JTF,,IE_13190401|IE_01360421|IE_13210404|IE_01380404|IE_13100401|IE_13130402|IE_13180400|IE_13230403,Roscommon|Galway City Central|Cashel-Tipperary|Kildare|Portlaoise|Longford|Birr|Mullingar,,,"Mid-West Region|Midlands Region|West Region, Ireland|Mid-East Region, Ireland",,,IE051|IE012|IE063|IE042|IE062,2021-2027,"The Decarbonization of Rural Bus Routes project, under the EU Just Transition Fund Implementation Plan (Action 3.1), aims to transition Transport for Ireland (TFI) Local Link rural bus services to a low-/zero-emission fleet. This initiative will see the installation of new fast/very fast electric charging infrastructure at key locations and the procurement of electric battery buses (EBBs) to enhance sustainable mobility. The project aligns with national strategies, including the Climate Action Plan, National Sustainable Mobility Plan, Our Rural Future Development Policy, and the Connecting Ireland Rural Mobility Plan, which seeks to expand public transport accessibility in rural areas. Additionally, the project includes training for bus drivers on efficient electric vehicle operation. Implemented in three phases—Route Assessment, Procurement, and Build & Handover—this intervention supports Ireland’s commitment to sustainable transport while improving connectivity and accessibility in rural communities.","The Decarbonization of Rural Bus Routes project, under the EU Just Transition Fund Implementation Plan (Action 3.1), aims to transition Transport for Ireland (TFI) Local Link rural bus services to a low-/zero-emission fleet. This initiative will see the installation of new fast/very fast electric charging infrastructure at key locations and the procurement of electric battery buses (EBBs) to enhance sustainable mobility. The project aligns with national strategies, including the Climate Action Plan, National Sustainable Mobility Plan, Our Rural Future Development Policy, and the Connecting Ireland Rural Mobility Plan, which seeks to expand public transport accessibility in rural areas. Additionally, the project includes training for bus drivers on efficient electric vehicle operation. Implemented in three phases—Route Assessment, Procurement, and Build & Handover—this intervention supports Ireland’s commitment to sustainable transport while improving connectivity and accessibility in rural communities.",,,,,IE
https://linkedopendata.eu/entity/Q7361442,2021IE16RFPR002_43369,ARC Hub for ICT,ARC Hub for ICT,Ireland,01/01/2025,31/12/2029,40.0,32210928.0,EUR,12884371.2,https://linkedopendata.eu/entity/Q7361288,"53.3979685,-7.0276759",12,"Research and innovation activities in public research centres, higher education and centres of competence including networking (industrial research, experimental development, feasibility studies)",,,PO01,Smarter Europe,RSO1.1,RSO1.1,ERDF,European Regional Development Fund,2021IE16RFPR002,"Southern, Eastern and Midland - IE – ERDF",,,,,Eastern and Midland,,,IE06,,2021-2027,"Led by TU Dublin, the ARC Hub for ICT accelerates translational research in ICT and AI to commercialisation, aiming to drive digital transformation across healthcare, education, infrastructure, sustainability, and data management.","Led by TU Dublin, the ARC Hub for ICT accelerates translational research in ICT and AI to commercialisation, aiming to drive digital transformation across healthcare, education, infrastructure, sustainability, and data management.",,,,,IE
https://linkedopendata.eu/entity/Q7361498,2021IE16RFPR001_41046,THRIVE - S1 Galway City,THRIVE - S1 Galway City,Ireland,01/06/2024,30/06/2025,60.0,200000.0,EUR,120000.0,https://linkedopendata.eu/entity/Q7361482,"53.669328,-8.9570134",169,"Territorial development initiatives, including preparation of territorial strategies",,,PO05,Europe closer to citizens,RSO5.1,RSO5.1,ERDF,European Regional Development Fund,2021IE16RFPR001,Northern and Western - IE – ERDF,,,,,,"West Region, Ireland",,,IE042,2021-2027,"This THRIVE Strand 1 project will enhance the Galway City Development Plan 2023 - 2029, by undertaking an Urban Design Strategy for the West Area (WA) of Galway City Centre using the Town Centre First Framework and will embrace the values of New European Bauhaus - sustainability, aesthetics, and inclusion. The project will focus on No. 47 Lower Dominick Street and using a citizen-centred approach, will identify a viable and sustainable end use for this heritage building in public ownership. A multidisciplinary team will carry out consultations, designs, surveys, and secure planning permission with the aim of creating an investment-ready proposal for a THRIVE Strand 2 application or future funding opportunities.","This THRIVE Strand 1 project will enhance the Galway City Development Plan 2023 - 2029, by undertaking an Urban Design Strategy for the West Area (WA) of Galway City Centre using the Town Centre First Framework and will embrace the values of New European Bauhaus - sustainability, aesthetics, and inclusion. The project will focus on No. 47 Lower Dominick Street and using a citizen-centred approach, will identify a viable and sustainable end use for this heritage building in public ownership. A multidisciplinary team will carry out consultations, designs, surveys, and secure planning permission with the aim of creating an investment-ready proposal for a THRIVE Strand 2 application or future funding opportunities.",,,,,IE
https://linkedopendata.eu/entity/Q7361414,2021IE16RFPR002_37292,DKIT DigiBio - Innovators Initiative,DKIT DigiBio - Innovators Initiative,Ireland,01/01/2024,31/03/2029,40.0,6984625.0,EUR,2793850.0,https://linkedopendata.eu/entity/Q2531998,"53.3979685,-7.0276759",12,"Research and innovation activities in public research centres, higher education and centres of competence including networking (industrial research, experimental development, feasibility studies)",,,PO01,Smarter Europe,RSO1.1,RSO1.1,ERDF,European Regional Development Fund,2021IE16RFPR002,"Southern, Eastern and Midland - IE – ERDF",,,,,Eastern and Midland,,,IE06,,2021-2027,DigiBio is an entrepreneurial Education and training programme for mid-career professionals using design thinking-based methodologies coupled with immersion in relevant settings to identify and prioritise commercially significant needs with potential for further development in the digital health sector.,DigiBio is an entrepreneurial Education and training programme for mid-career professionals using design thinking-based methodologies coupled with immersion in relevant settings to identify and prioritise commercially significant needs with potential for further development in the digital health sector.,,,,,IE
https://linkedopendata.eu/entity/Q7361344,2021IE16JTPR001_41684,TUS Just Transition Academy (TUS-JTA),TUS Just Transition Academy (TUS-JTA),Ireland,15/08/2024,31/03/2026,50.0,768265.35,EUR,384132.67,https://linkedopendata.eu/entity/Q7361258,"53.1361722,-7.8103408",169,"Territorial development initiatives, including preparation of territorial strategies",,,PO08,Just Transition,JTF,JTF,JTF,Just Transition Fund,2021IE16JTPR001,Just Transition - IE – JTF,,IE_13180400,Birr,,,Midlands Region,,,IE012|IE063,2021-2027,"To fund the creation of the TUS Just Transition Academy (TUS - JTA). The TUS-JTA is based on the concept of a ‘Communiversity’ where the community and the university operate in harmony. The project will engage 580 people from the most vulnerable and marginalised groups in training and upskilling in the green and circular economy sectors such as tourism, digitisation, and placemaking. By the end of the project it is anticipated that as well as the 580 people upskilled, two new social enterprises will be formed and 25+ existing social enterprises will be supported through the training. The project will be delivered in partnership with OLDC, LOETB and OCC.","To fund the creation of the TUS Just Transition Academy (TUS - JTA). The TUS-JTA is based on the concept of a ‘Communiversity’ where the community and the university operate in harmony. The project will engage 580 people from the most vulnerable and marginalised groups in training and upskilling in the green and circular economy sectors such as tourism, digitisation, and placemaking. By the end of the project it is anticipated that as well as the 580 people upskilled, two new social enterprises will be formed and 25+ existing social enterprises will be supported through the training. The project will be delivered in partnership with OLDC, LOETB and OCC.",,,,,IE
https://linkedopendata.eu/entity/Q7361444,2021IE16RFPR002_42882,Mid-West Regional Design Centre SMART Regions Stream 4 Priming,Mid-West Regional Design Centre SMART Regions Stream 4 Priming,Ireland,13/08/2024,13/08/2025,40.0,199920.0,EUR,79968.0,https://linkedopendata.eu/entity/Q7361290,"53.41291,-8.24389",26,"Support for innovation clusters including between businesses, research organisations and public authorities and business networks primarily benefiting SMEs",,,PO01,Smarter Europe,RSO1.3,RSO1.3,ERDF,European Regional Development Fund,2021IE16RFPR002,"Southern, Eastern and Midland - IE – ERDF",,,,,Southern,,,IE05,,2021-2027,Priming project to scope the establishment of a design centre supporting design and non-design enterprises in the Mid-West,Priming project to scope the establishment of a design centre supporting design and non-design enterprises in the Mid-West,,,,,IE
https://linkedopendata.eu/entity/Q7361454,2021IE16RFPR002_42825,Precision Turned Manufacturing Association SMART Regions Stream 4 Feasibility,Precision Turned Manufacturing Association SMART Regions Stream 4 Feasibility,Ireland,11/06/2024,09/07/2025,40.0,48160.0,EUR,19264.0,https://linkedopendata.eu/entity/Q7361298,"53.41291,-8.24389",26,"Support for innovation clusters including between businesses, research organisations and public authorities and business networks primarily benefiting SMEs",,,PO01,Smarter Europe,RSO1.3,RSO1.3,ERDF,European Regional Development Fund,2021IE16RFPR002,"Southern, Eastern and Midland - IE – ERDF",,,,,Southern,,,IE05,,2021-2027,Feasibility Study for PTMA to scale to a precision engineering cluster,Feasibility Study for PTMA to scale to a precision engineering cluster,,,,,IE
https://linkedopendata.eu/entity/Q7361443,2021IE16RFPR002_43137,Future Mobility Campus Ireland SMART Regions Stream 3,Future Mobility Campus Ireland SMART Regions Stream 3,Ireland,04/03/2024,04/03/2027,40.0,807850.0,EUR,323140.0,https://linkedopendata.eu/entity/Q7361289,"53.41291,-8.24389",26,"Support for innovation clusters including between businesses, research organisations and public authorities and business networks primarily benefiting SMEs",,,PO01,Smarter Europe,RSO1.3,RSO1.3,ERDF,European Regional Development Fund,2021IE16RFPR002,"Southern, Eastern and Midland - IE – ERDF",,,,,Southern,,,IE05,,2021-2027,"Development of specialised data sets, refined data, and digital twin smart city services for clients.","Development of specialised data sets, refined data, and digital twin smart city services for clients.",,,,,IE
https://linkedopendata.eu/entity/Q7361323,2021IE16JTPR001_41564,Fisherstown Plastics-to-Hydrogen Facility: A Sustainable Energy and Pollution Solution.,Fisherstown Plastics-to-Hydrogen Facility: A Sustainable Energy and Pollution Solution.,Ireland,01/07/2024,31/03/2026,50.0,299999.99,EUR,149999.99,https://linkedopendata.eu/entity/Q7361233,"53.750748873561,-7.8038658267196",169,"Territorial development initiatives, including preparation of territorial strategies",,,PO08,Just Transition,JTF,JTF,JTF,Just Transition Fund,2021IE16JTPR001,Just Transition - IE – JTF,,IE_13130402,Longford,,,Midlands Region,,,IE012|IE063,2021-2027,"To fund the pilot phase of a larger proposal to develop a facility in Co. Longford which will chemically recycle mixed waste plastic into a high calorific synthetic gas, from which hydrogen and methane will be extracted. The pilot facility will operate on a smaller scale to enable the technology to be tested and demonstrated.","To fund the pilot phase of a larger proposal to develop a facility in Co. Longford which will chemically recycle mixed waste plastic into a high calorific synthetic gas, from which hydrogen and methane will be extracted. The pilot facility will operate on a smaller scale to enable the technology to be tested and demonstrated.",,,,,IE
https://linkedopendata.eu/entity/Q7361357,2021IE16JTPR001_42441,Barnane Rectory - Development of self catering and glamping accommodation,Barnane Rectory - Development of self catering and glamping accommodation,Ireland,07/10/2024,30/11/2025,50.0,300000.0,EUR,150000.0,https://linkedopendata.eu/entity/Q7361265,"52.4734839,-8.1614446",21,"SME business development and internationalisation, including productive investments",,,PO08,Just Transition,JTF,JTF,JTF,Just Transition Fund,2021IE16JTPR001,Just Transition - IE – JTF,,IE_13210404,Cashel-Tipperary,,,Mid-West Region,,,IE051,2021-2027,"The start-up project aims to redevelop attached outhouses into two self-catering accommodation units and facilities for glamping, and install six glamping tents on the grounds, providing up to 28 bed spaces in total","The start-up project aims to redevelop attached outhouses into two self-catering accommodation units and facilities for glamping, and install six glamping tents on the grounds, providing up to 28 bed spaces in total",,,,,IE
https://linkedopendata.eu/entity/Q7361451,2021IE16RFPR002_42948,Kilkenny County Council SMART Regions Stream 4 Feasibility,Kilkenny County Council SMART Regions Stream 4 Feasibility,Ireland,10/06/2024,10/06/2025,40.0,49680.0,EUR,19872.0,https://linkedopendata.eu/entity/Q7361280,"53.41291,-8.24389",26,"Support for innovation clusters including between businesses, research organisations and public authorities and business networks primarily benefiting SMEs",,,PO01,Smarter Europe,RSO1.3,RSO1.3,ERDF,European Regional Development Fund,2021IE16RFPR002,"Southern, Eastern and Midland - IE – ERDF",,,,,Southern,,,IE05,,2021-2027,"To explore & develop the idea of an innovative community in the Abbey Quarter to provide a sector specific innovative space for start-ups & scale-ups, along with established businesses.","To explore & develop the idea of an innovative community in the Abbey Quarter to provide a sector specific innovative space for start-ups & scale-ups, along with established businesses.",,,,,IE
https://linkedopendata.eu/entity/Q7361420,2021IE16RFPR002_40365,TU Dublin TU RISE,TU Dublin TU RISE,Ireland,01/01/2024,31/12/2028,40.0,13600000.0,EUR,5440000.0,https://linkedopendata.eu/entity/Q7361277,"53.3979685,-7.0276759",12,"Research and innovation activities in public research centres, higher education and centres of competence including networking (industrial research, experimental development, feasibility studies)",,,PO01,Smarter Europe,RSO1.1,RSO1.1,ERDF,European Regional Development Fund,2021IE16RFPR002,"Southern, Eastern and Midland - IE – ERDF",,,,,Eastern and Midland,,,IE06,,2021-2027,"This Operation will establish, strengthen, and systemise the research and innovation offices in TU Dublin to enable greater and more structured engagement with local and regional enterprises and community. stakeholders","This Operation will establish, strengthen, and systemise the research and innovation offices in TU Dublin to enable greater and more structured engagement with local and regional enterprises and community. stakeholders",,,,,IE
https://linkedopendata.eu/entity/Q7361391,2021IE16RFPR002_32039,Smarter Factory,Smarter Factory,Ireland,01/05/2023,31/12/2029,40.0,1589200.0,EUR,635680.0,https://linkedopendata.eu/entity/Q7361260,"53.3979685,-7.0276759",12,"Research and innovation activities in public research centres, higher education and centres of competence including networking (industrial research, experimental development, feasibility studies)",,,PO01,Smarter Europe,RSO1.1,RSO1.1,ERDF,European Regional Development Fund,2021IE16RFPR002,"Southern, Eastern and Midland - IE – ERDF",,,,,Eastern and Midland,,,IE06,,2021-2027,"The Smarter Factory Technology Gateway will support industry in a ‘Digital First’ approach, to improve operational performance, increase competitiveness and reduce carbon impacts, through the application of data-driven methods and advanced digital technologies. This operation will fund personnel in the Gateway whose role it is to build engagement with industry.","The Smarter Factory Technology Gateway will support industry in a ‘Digital First’ approach, to improve operational performance, increase competitiveness and reduce carbon impacts, through the application of data-driven methods and advanced digital technologies. This operation will fund personnel in the Gateway whose role it is to build engagement with industry.",,,,,IE
https://linkedopendata.eu/entity/Q7361334,2021IE16JTPR001_41642,"Initiative for the recycling of green waste and the recycling of used/waste compost, to extend its usable lifespan.","Initiative for the recycling of green waste and the recycling of used/waste compost, to extend its usable lifespan.",Ireland,01/07/2024,31/03/2026,50.0,299995.9,EUR,149997.95,https://linkedopendata.eu/entity/Q7361248,"53.5577902,-7.3478558",169,"Territorial development initiatives, including preparation of territorial strategies",,,PO08,Just Transition,JTF,JTF,JTF,Just Transition Fund,2021IE16JTPR001,Just Transition - IE – JTF,,IE_13230403,Mullingar,,,Midlands Region,,,IE012|IE063,2021-2027,To fund a project that will provide the opportunity to recycle waste substrate and compost green waste for reuse with a view to reducing the amount of peat in compost mixes used as growing medium.,To fund a project that will provide the opportunity to recycle waste substrate and compost green waste for reuse with a view to reducing the amount of peat in compost mixes used as growing medium.,,,,,IE
https://linkedopendata.eu/entity/Q7361421,2021IE16RFPR002_40367,TUS TU RISE,TUS TU RISE,Ireland,01/01/2024,31/12/2028,40.0,12000000.0,EUR,4800000.0,https://linkedopendata.eu/entity/Q7361260,"53.3979685,-7.0276759",12,"Research and innovation activities in public research centres, higher education and centres of competence including networking (industrial research, experimental development, feasibility studies)",,,PO01,Smarter Europe,RSO1.1,RSO1.1,ERDF,European Regional Development Fund,2021IE16RFPR002,"Southern, Eastern and Midland - IE – ERDF",,,,,Eastern and Midland,,,IE06,,2021-2027,"This Operation will establish, strengthen, and systemise the research and innovation offices in TUS to enable greater and more structured engagement with local and regional enterprises and community. stakeholders","This Operation will establish, strengthen, and systemise the research and innovation offices in TUS to enable greater and more structured engagement with local and regional enterprises and community. stakeholders",,,,,IE
https://linkedopendata.eu/entity/Q7361453,2021IE16RFPR002_42877,Microelectronics Industry Design Association (Midas) Ireland SMART Regions Stream 4 Feasibility,Microelectronics Industry Design Association (Midas) Ireland SMART Regions Stream 4 Feasibility,Ireland,01/07/2024,01/07/2025,40.0,50000.0,EUR,20000.0,https://linkedopendata.eu/entity/Q7361299,"53.41291,-8.24389",26,"Support for innovation clusters including between businesses, research organisations and public authorities and business networks primarily benefiting SMEs",,,PO01,Smarter Europe,RSO1.3,RSO1.3,ERDF,European Regional Development Fund,2021IE16RFPR002,"Southern, Eastern and Midland - IE – ERDF",,,,,Southern,,,IE05,,2021-2027,"Given the significant changes happening in the Microelectronics industry in Europe and Ireland, MIDAS wish to conduct a feasibility on the strategy and role it should perform for it’s members going forward with a view to enabling the industry meet the very aggressive growth plans by 2030.","Given the significant changes happening in the Microelectronics industry in Europe and Ireland, MIDAS wish to conduct a feasibility on the strategy and role it should perform for it’s members going forward with a view to enabling the industry meet the very aggressive growth plans by 2030.",,,,,IE
https://linkedopendata.eu/entity/Q7361505,2021IE16RFPR001_40946,THRIVE S1 - Donegal,THRIVE S1 - Donegal,Ireland,01/06/2024,30/06/2025,60.0,199969.0,EUR,119981.4,https://linkedopendata.eu/entity/Q7361469,"53.963472222222,-7.3574444444444",169,"Territorial development initiatives, including preparation of territorial strategies",,,PO05,Europe closer to citizens,RSO5.1,RSO5.1,ERDF,European Regional Development Fund,2021IE16RFPR001,Northern and Western - IE – ERDF,,,,,,Border Region,,,IE041,2021-2027,"This THRIVE Strand 1 project will develop a project proposal for the refurbishment, renovation and adaptive reuse for the Old Courthouse in Letterkenny based on the Town Centre First Framework and will embrace the values of New European Bauhaus - sustainability, aesthetics, and inclusion. Using a citizen-centred approach, the project will identify a sustainable and viable end use for this council owned vacant heritage building. A multidisciplinary team will carry out consultations, designs, surveys, and secure planning permission with the aim of creating an investment-ready proposal for a THRIVE Strand 2 application.","This THRIVE Strand 1 project will develop a project proposal for the refurbishment, renovation and adaptive reuse for the Old Courthouse in Letterkenny based on the Town Centre First Framework and will embrace the values of New European Bauhaus - sustainability, aesthetics, and inclusion. Using a citizen-centred approach, the project will identify a sustainable and viable end use for this council owned vacant heritage building. A multidisciplinary team will carry out consultations, designs, surveys, and secure planning permission with the aim of creating an investment-ready proposal for a THRIVE Strand 2 application.",,,,,IE
https://linkedopendata.eu/entity/Q7361308,2021IE05SFPR001_1000,Back to Work Enterprise Allowance (BTWEA) Scheme,Back to Work Enterprise Allowance (BTWEA) Scheme,Ireland,01/01/2021,31/12/2027,,23402748.0,EUR,,https://linkedopendata.eu/entity/Q7361217,,136,Specific support for youth employment and socio-economic integration of young people,,,PO04,Social Europe,ESO4.1,ESO4.1,ESF+,European Social Fund Plus,2021IE05SFPR001,EIST – IE – ESF+,,,,,,,,,,2021-2027,"The purpose of the Back to Work Enterprise Allowance (BTWEA) is to encourage people who are long term dependent on social welfare payments, including unemployed, lone parents, people with disabilities and other social welfare recipients, to engage with self-employment.","The purpose of the Back to Work Enterprise Allowance (BTWEA) is to encourage people who are long term dependent on social welfare payments, including unemployed, lone parents, people with disabilities and other social welfare recipients, to engage with self-employment.",,,,,IE
https://linkedopendata.eu/entity/Q7361365,2021IE16JTPR001_42748,Activation of a publicly owned landbank in the town of Templemore for the purposes of providing lands to meet the employment and recreational needs of those within the Just Transition area,Activation of a publicly owned landbank in the town of Templemore for the purposes of providing lands to meet the employment and recreational needs of those within the Just Transition area,Ireland,15/08/2024,31/03/2026,50.0,344085.25,EUR,172042.62,https://linkedopendata.eu/entity/Q7361230,"52.4734839,-8.1614446",169,"Territorial development initiatives, including preparation of territorial strategies",,,PO08,Just Transition,JTF,JTF,JTF,Just Transition Fund,2021IE16JTPR001,Just Transition - IE – JTF,,IE_13210404,Cashel-Tipperary,,,Mid-West Region,,,IE051,2021-2027,"To fund the development of a Master Plan to develop a 40 acre area of industrial land with a view to creating at least 7 industrial units and a community/ training centre, to assist in meeting the employment and recreational needs of those within the Just Transition area.","To fund the development of a Master Plan to develop a 40 acre area of industrial land with a view to creating at least 7 industrial units and a community/ training centre, to assist in meeting the employment and recreational needs of those within the Just Transition area.",,,,,IE
https://linkedopendata.eu/entity/Q7361411,2021IE16RFPR002_34004,TUS KT Boost,TUS KT Boost,Ireland,01/01/2024,31/12/2027,40.0,881565.0,EUR,352626.0,https://linkedopendata.eu/entity/Q7361260,"53.3979685,-7.0276759",28,"Technology transfer and cooperation between enterprises, research centres and higher education sector",,,PO01,Smarter Europe,RSO1.1,RSO1.1,ERDF,European Regional Development Fund,2021IE16RFPR002,"Southern, Eastern and Midland - IE – ERDF",,,,,Eastern and Midland,,,IE06,,2021-2027,"To further the development of the capacity and capability in Technological University of the Shannon to support knowledge and technology transfer and associated outcomes, increase knowledge transfer outcomes within the sector and enhance associated operational quality across the sector","To further the development of the capacity and capability in Technological University of the Shannon to support knowledge and technology transfer and associated outcomes, increase knowledge transfer outcomes within the sector and enhance associated operational quality across the sector",,,,,IE
https://linkedopendata.eu/entity/Q7361382,2021IE16JTPR001_43372,Westmeath County Council Tourism Activator,Westmeath County Council Tourism Activator,Ireland,01/01/2024,31/12/2026,50.0,290462.0,EUR,145231.0,https://linkedopendata.eu/entity/Q2531771,"53.5577902,-7.3478558",21,"SME business development and internationalisation, including productive investments",,,PO08,Just Transition,JTF,JTF,JTF,Just Transition Fund,2021IE16JTPR001,Just Transition - IE – JTF,,IE_13230403,Mullingar,,,Midlands Region,,,IE012|IE063,2021-2027,Provide EU JTF funds to the amount specified to employ an EU JTF County Tourism Activator on a special-purpose 3-year fixed term contract and an operational budget.,Provide EU JTF funds to the amount specified to employ an EU JTF County Tourism Activator on a special-purpose 3-year fixed term contract and an operational budget.,,,,,IE
https://linkedopendata.eu/entity/Q7361418,2021IE16RFPR002_40361,MTU TU RISE,MTU TU RISE,Ireland,01/01/2024,31/12/2028,40.0,14600000.0,EUR,5840000.0,https://linkedopendata.eu/entity/Q4384945,"53.41291,-8.24389",12,"Research and innovation activities in public research centres, higher education and centres of competence including networking (industrial research, experimental development, feasibility studies)",,,PO01,Smarter Europe,RSO1.1,RSO1.1,ERDF,European Regional Development Fund,2021IE16RFPR002,"Southern, Eastern and Midland - IE – ERDF",,,,,Southern,,,IE05,,2021-2027,"This Operation will establish, strengthen, and systemise the research and innovation offices in MTU to enable greater and more structured engagement with local and regional enterprises and community. stakeholders","This Operation will establish, strengthen, and systemise the research and innovation offices in MTU to enable greater and more structured engagement with local and regional enterprises and community. stakeholders",,,,,IE
https://linkedopendata.eu/entity/Q7361490,2021IE16RFPR001_43144,Galway City Innovation District SMART Regions Stream 4 Priming,Galway City Innovation District SMART Regions Stream 4 Priming,Ireland,23/09/2024,,60.0,166909.0,EUR,100145.4,https://linkedopendata.eu/entity/Q7361462,"53.669328,-8.9570134",26,"Support for innovation clusters including between businesses, research organisations and public authorities and business networks primarily benefiting SMEs",,,PO01,Smarter Europe,RSO1.3,RSO1.3,ERDF,European Regional Development Fund,2021IE16RFPR001,Northern and Western - IE – ERDF,,,,,,"West Region, Ireland",,,IE042,2021-2027,Priming project for an Innovation Hub specialising in Renewable Energy including workshop and fabrication lab facilities.,Priming project for an Innovation Hub specialising in Renewable Energy including workshop and fabrication lab facilities.,,,,,IE
https://linkedopendata.eu/entity/Q7361515,2021IE16RFPR002_37211,Warmer Homes SEM,Warmer Homes SEM,Ireland,01/01/2023,31/12/2029,40.0,168488365.0,EUR,67395346.0,https://linkedopendata.eu/entity/Q7361474,"53.3979685,-7.0276759",42,"Energy efficiency renovation of existing housing stock, demonstration projects and supporting measures compliant with energy efficiency criteria",,,PO02,"Greener, carbon-free Europe",RSO2.1,RSO2.1,ERDF,European Regional Development Fund,2021IE16RFPR002,"Southern, Eastern and Midland - IE – ERDF",,,,,Eastern and Midland,,,IE06,,2021-2027,"This Operation will improve the energy performance of owner-occupied homes of lower income households in the programme area, thus reducing greenhouse gas emissions and reducing the proportion of household disposable income spent on energy costs. The Operation supports the delivery of free energy efficiency upgrades for eligible homeowners and eligible homes. It aims to make eligible homes warmer, healthier, and cheaper to run.","This Operation will improve the energy performance of owner-occupied homes of lower income households in the programme area, thus reducing greenhouse gas emissions and reducing the proportion of household disposable income spent on energy costs. The Operation supports the delivery of free energy efficiency upgrades for eligible homeowners and eligible homes. It aims to make eligible homes warmer, healthier, and cheaper to run.",,,,,IE
https://linkedopendata.eu/entity/Q7361371,2021IE16JTPR001_43346,Corlea Trackway,Corlea Trackway,Ireland,07/01/2024,31/12/2025,50.0,262500.0,EUR,131250.0,https://linkedopendata.eu/entity/Q7361270,"53.750748873561,-7.8038658267196",21,"SME business development and internationalisation, including productive investments",,,PO08,Just Transition,JTF,JTF,JTF,Just Transition Fund,2021IE16JTPR001,Just Transition - IE – JTF,,IE_13130402,Longford,,,Midlands Region,,,IE012|IE063,2021-2027,"A feasibility/options study to identify actions to enhance the visitor experience, including;_x000D_ o Updating interpretation,_x000D_ o Encasing the original trackway for preservation and presentation purposes,_x000D_ o Updating the walking trail with new features,_x000D_ o improving the car park and site accessibility.","A feasibility/options study to identify actions to enhance the visitor experience, including;_x000D_ o Updating interpretation,_x000D_ o Encasing the original trackway for preservation and presentation purposes,_x000D_ o Updating the walking trail with new features,_x000D_ o improving the car park and site accessibility.",,,,,IE
https://linkedopendata.eu/entity/Q7361419,2021IE16RFPR002_40363,SETU TU RISE,SETU TU RISE,Ireland,01/01/2024,31/12/2028,40.0,13600000.0,EUR,5440000.0,https://linkedopendata.eu/entity/Q7361276,"53.41291,-8.24389",12,"Research and innovation activities in public research centres, higher education and centres of competence including networking (industrial research, experimental development, feasibility studies)",,,PO01,Smarter Europe,RSO1.1,RSO1.1,ERDF,European Regional Development Fund,2021IE16RFPR002,"Southern, Eastern and Midland - IE – ERDF",,,,,Southern,,,IE05,,2021-2027,"This Operation will establish, strengthen, and systemise the research and innovation offices in SETU to enable greater and more structured engagement with local and regional enterprises and community. stakeholders","This Operation will establish, strengthen, and systemise the research and innovation offices in SETU to enable greater and more structured engagement with local and regional enterprises and community. stakeholders",,,,,IE
https://linkedopendata.eu/entity/Q7361441,2021IE16RFPR002_43375,ARC Hub for Therapeutics,ARC Hub for Therapeutics,Ireland,01/01/2025,31/12/2029,40.0,31629265.0,EUR,12651706.0,https://linkedopendata.eu/entity/Q236521,"53.3979685,-7.0276759",12,"Research and innovation activities in public research centres, higher education and centres of competence including networking (industrial research, experimental development, feasibility studies)",,,PO01,Smarter Europe,RSO1.1,RSO1.1,ERDF,European Regional Development Fund,2021IE16RFPR002,"Southern, Eastern and Midland - IE – ERDF",,,,,Eastern and Midland,,,IE06,,2021-2027,"Led by Trinity College Dublin, the ARC Hub for Therapeutics accelerates translational research in the fields of small molecule therapies, biological therapies, biomaterials, biomarkers with therapeutic potential and in advanced therapy medicinal products.","Led by Trinity College Dublin, the ARC Hub for Therapeutics accelerates translational research in the fields of small molecule therapies, biological therapies, biomaterials, biomarkers with therapeutic potential and in advanced therapy medicinal products.",,,,,IE
https://linkedopendata.eu/entity/Q7361372,2021IE16JTPR001_43348,Athlone Castle Visitor Journey,Athlone Castle Visitor Journey,Ireland,07/01/2024,31/07/2026,50.0,3226770.0,EUR,1613385.0,https://linkedopendata.eu/entity/Q2531771,"53.5577902,-7.3478558",21,"SME business development and internationalisation, including productive investments",,,PO08,Just Transition,JTF,JTF,JTF,Just Transition Fund,2021IE16JTPR001,Just Transition - IE – JTF,,IE_13230403,Mullingar,,,Midlands Region,,,IE012|IE063,2021-2027,"Delivery of interpretation, facilities and visitor journey enhancements throughout Athlone Castle_x000D_ to implement the findings of a 2019 FI review and 2020 Visitor Experience and Orientation Review.","Delivery of interpretation, facilities and visitor journey enhancements throughout Athlone Castle_x000D_ to implement the findings of a 2019 FI review and 2020 Visitor Experience and Orientation Review.",,,,,IE
https://linkedopendata.eu/entity/Q7361423,2021IE16RFPR002_41050,"Nenagh, Co. Tipperary - THRIVE, Strand One","Nenagh, Co. Tipperary - THRIVE, Strand One",Ireland,01/06/2024,30/06/2025,40.0,200000.0,EUR,80000.0,https://linkedopendata.eu/entity/Q7361230,"53.41291,-8.24389",169,"Territorial development initiatives, including preparation of territorial strategies",,,PO05,Europe closer to citizens,RSO5.1,RSO5.1,ERDF,European Regional Development Fund,2021IE16RFPR002,"Southern, Eastern and Midland - IE – ERDF",,,,,Southern,,,IE05,,2021-2027,"Tipperary County Council was awarded €200,000 under THRIVE Strand 1. This funding will be utilised to develop a new integrated urban strategy for Nenagh, to identify a pipeline of projects for regeneration and to bring one project to a stage of readiness to be included in a THRIVE Strand 2 application. Citizen and stakeholder engagement will be undertaken in conjunction with the Town Team to identify and prioritise projects for regeneration and to put forward one exemplar project that demonstrates the values and principles of the New European Bauhaus as part of a THRIVE Strand 2 application. Preliminary design work, surveys, assessments, financial planning, investigation works and environmental screening will be undertaken to support an application for funding under THRIVE Strand 2.","Tipperary County Council was awarded €200,000 under THRIVE Strand 1. This funding will be utilised to develop a new integrated urban strategy for Nenagh, to identify a pipeline of projects for regeneration and to bring one project to a stage of readiness to be included in a THRIVE Strand 2 application. Citizen and stakeholder engagement will be undertaken in conjunction with the Town Team to identify and prioritise projects for regeneration and to put forward one exemplar project that demonstrates the values and principles of the New European Bauhaus as part of a THRIVE Strand 2 application. Preliminary design work, surveys, assessments, financial planning, investigation works and environmental screening will be undertaken to support an application for funding under THRIVE Strand 2.",,,,,IE
https://linkedopendata.eu/entity/Q7361392,2021IE16RFPR002_31844,MiCRA,MiCRA,Ireland,01/05/2023,31/12/2029,40.0,1831500.0,EUR,732600.0,https://linkedopendata.eu/entity/Q7361277,"53.3979685,-7.0276759",12,"Research and innovation activities in public research centres, higher education and centres of competence including networking (industrial research, experimental development, feasibility studies)",,,PO01,Smarter Europe,RSO1.1,RSO1.1,ERDF,European Regional Development Fund,2021IE16RFPR002,"Southern, Eastern and Midland - IE – ERDF",,,,,Eastern and Midland,,,IE06,,2021-2027,"The MiCRA Biodiagnostics Technology Gateway, based in TU Dublin – Tallaght, delivers solutions for companies in animal/human diagnostics, environmental, agri-food and bio/pharmaceuticals sectors. This operation will fund personnel in the Gateway whose role it is to increase the level of engagement with industry.","The MiCRA Biodiagnostics Technology Gateway, based in TU Dublin – Tallaght, delivers solutions for companies in animal/human diagnostics, environmental, agri-food and bio/pharmaceuticals sectors. This operation will fund personnel in the Gateway whose role it is to increase the level of engagement with industry.",,,,,IE
https://linkedopendata.eu/entity/Q7361406,2021IE16RFPR002_33779,UL KT Boost,UL KT Boost,Ireland,01/01/2024,31/12/2027,40.0,2356781.0,EUR,942712.4,https://linkedopendata.eu/entity/Q2531929,"53.41291,-8.24389",28,"Technology transfer and cooperation between enterprises, research centres and higher education sector",,,PO01,Smarter Europe,RSO1.1,RSO1.1,ERDF,European Regional Development Fund,2021IE16RFPR002,"Southern, Eastern and Midland - IE – ERDF",,,,,Southern,,,IE05,,2021-2027,"To further the development of the capacity and capability in University of Limerick to support knowledge and technology transfer and associated outcomes, increase knowledge transfer outcomes within the sector and enhance associated operational quality across the sector.","To further the development of the capacity and capability in University of Limerick to support knowledge and technology transfer and associated outcomes, increase knowledge transfer outcomes within the sector and enhance associated operational quality across the sector.",,,,,IE
https://linkedopendata.eu/entity/Q7361503,2021IE16RFPR001_40950,THRIVE S1 - Tuam,THRIVE S1 - Tuam,Ireland,01/06/2024,30/06/2025,60.0,199310.0,EUR,119586.0,https://linkedopendata.eu/entity/Q7361468,"53.669328,-8.9570134",169,"Territorial development initiatives, including preparation of territorial strategies",,,PO05,Europe closer to citizens,RSO5.1,RSO5.1,ERDF,European Regional Development Fund,2021IE16RFPR001,Northern and Western - IE – ERDF,,,,,,"West Region, Ireland",,,IE042,2021-2027,"This THRIVE Strand 1 project will enhance the Tuam Regeneration Masterplan (Integrated Urban Strategy) by developing a Masterplan for the “Station Quarter, based on the Town Centre First Framework and embracing the values of New European Bauhaus - sustainability, aesthetics, and inclusion. The project will focus on the Station Building and using a citizen-centred approach, identify a viable and sustainable end use for this heritage building. A multidisciplinary team will carry out consultations, designs, surveys, and secure planning permission with the aim of creating an investment-ready proposal for a THRIVE Strand 2 application.","This THRIVE Strand 1 project will enhance the Tuam Regeneration Masterplan (Integrated Urban Strategy) by developing a Masterplan for the “Station Quarter, based on the Town Centre First Framework and embracing the values of New European Bauhaus - sustainability, aesthetics, and inclusion. The project will focus on the Station Building and using a citizen-centred approach, identify a viable and sustainable end use for this heritage building. A multidisciplinary team will carry out consultations, designs, surveys, and secure planning permission with the aim of creating an investment-ready proposal for a THRIVE Strand 2 application.",,,,,IE
https://linkedopendata.eu/entity/Q7361405,2021IE16RFPR002_33777,DCU KT Boost,DCU KT Boost,Ireland,01/01/2024,31/12/2027,40.0,2417632.0,EUR,967052.8,https://linkedopendata.eu/entity/Q2531452,"53.3979685,-7.0276759",28,"Technology transfer and cooperation between enterprises, research centres and higher education sector",,,PO01,Smarter Europe,RSO1.1,RSO1.1,ERDF,European Regional Development Fund,2021IE16RFPR002,"Southern, Eastern and Midland - IE – ERDF",,,,,Eastern and Midland,,,IE06,,2021-2027,"To further the development of the capacity and capability in Dublin City University to support knowledge and technology transfer and associated outcomes, increase knowledge transfer outcomes within the sector and enhance associated operational quality across the sector.","To further the development of the capacity and capability in Dublin City University to support knowledge and technology transfer and associated outcomes, increase knowledge transfer outcomes within the sector and enhance associated operational quality across the sector.",,,,,IE
https://linkedopendata.eu/entity/Q7361379,2021IE16JTPR001_43365,Offaly County Council Tourism Activator,Offaly County Council Tourism Activator,Ireland,01/01/2024,31/12/2026,50.0,290462.0,EUR,145231.0,https://linkedopendata.eu/entity/Q7361226,"53.1361722,-7.8103408",21,"SME business development and internationalisation, including productive investments",,,PO08,Just Transition,JTF,JTF,JTF,Just Transition Fund,2021IE16JTPR001,Just Transition - IE – JTF,,IE_13180400,Birr,,,Midlands Region,,,IE012|IE063,2021-2027,Provide EU JTF funds to the amount specified to employ an EU JTF County Tourism Activator on a special-purpose 3-year fixed term contract and an operational budget.,Provide EU JTF funds to the amount specified to employ an EU JTF County Tourism Activator on a special-purpose 3-year fixed term contract and an operational budget.,,,,,IE
https://linkedopendata.eu/entity/Q7361367,2021IE16JTPR001_42774,Feasibility and design of Aughrim Interpretive Centre,Feasibility and design of Aughrim Interpretive Centre,Ireland,30/05/2024,31/12/2024,50.0,103200.0,EUR,51600.0,https://linkedopendata.eu/entity/Q7361269,"53.2744122,-9.0490601",21,"SME business development and internationalisation, including productive investments",,,PO08,Just Transition,JTF,JTF,JTF,Just Transition Fund,2021IE16JTPR001,Just Transition - IE – JTF,,IE_01360421,Galway City Central,,,"West Region, Ireland",,,IE042,2021-2027,"The Aughrim Interpretative Centre tells the story of the 1691 Battle of Aughrim and the Williamite wars and houses a significant collection of artefacts from the battle. However, the centre layout and interpretation are dated. The project is to carry out a feasibility study, concept and design to identify an approach to update the storytelling and modernise the overall visitor experience.","The Aughrim Interpretative Centre tells the story of the 1691 Battle of Aughrim and the Williamite wars and houses a significant collection of artefacts from the battle. However, the centre layout and interpretation are dated. The project is to carry out a feasibility study, concept and design to identify an approach to update the storytelling and modernise the overall visitor experience.",,,,,IE
https://linkedopendata.eu/entity/Q7361350,2021IE16JTPR001_42434,Watershed Fly Fishing,Watershed Fly Fishing,Ireland,09/09/2024,01/04/2025,50.0,41520.0,EUR,20760.0,https://linkedopendata.eu/entity/Q7361263,"53.1361722,-7.8103408",21,"SME business development and internationalisation, including productive investments",,,PO08,Just Transition,JTF,JTF,JTF,Just Transition Fund,2021IE16JTPR001,Just Transition - IE – JTF,,IE_13180400,Birr,,,Midlands Region,,,IE012|IE063,2021-2027,The project proposal is to purchase a charter boat and fishing equipment to allow the applicant to develop fly fishing tours on the River Shannon.,The project proposal is to purchase a charter boat and fishing equipment to allow the applicant to develop fly fishing tours on the River Shannon.,,,,,IE
https://linkedopendata.eu/entity/Q7361432,2021IE16RFPR002_40926,"Lucan, Dublin City - THRIVE Strand One","Lucan, Dublin City - THRIVE Strand One",Ireland,01/06/2024,30/06/2025,40.0,200000.0,EUR,80000.0,https://linkedopendata.eu/entity/Q7361284,"53.3979685,-7.0276759",169,"Territorial development initiatives, including preparation of territorial strategies",,,PO05,Europe closer to citizens,RSO5.1,RSO5.1,ERDF,European Regional Development Fund,2021IE16RFPR002,"Southern, Eastern and Midland - IE – ERDF",,,,,Eastern and Midland,,,IE06,,2021-2027,"South Dublin County Council was awarded €200,000.00 under THRIVE Strand 1. This funding will be utilised to create a masterplan and design guide for the future regeneration of Lucan House and grounds. Extensive stakeholder mapping will take place from the outset ensuring all stakeholders and society groups are identified and this stakeholder engagement will continue through the design and construction stages. The masterplan will investigate the full potential and optimum uses for Lucan House to create a cultural, tourism/amenity hub for Lucan while protecting the natural and built environment. The funding will also be used to undertake a conservation report and strategy which will underpin the masterplan and to complete environmental screening reports, and to identify any mitigation measures required to protect the natural habitat, given the expansive grounds and location within the Liffey Valley. Finally, the funding will be used to create a risk management approach for all stages of the regeneration of Lucan House and its grounds.","South Dublin County Council was awarded €200,000.00 under THRIVE Strand 1. This funding will be utilised to create a masterplan and design guide for the future regeneration of Lucan House and grounds. Extensive stakeholder mapping will take place from the outset ensuring all stakeholders and society groups are identified and this stakeholder engagement will continue through the design and construction stages. The masterplan will investigate the full potential and optimum uses for Lucan House to create a cultural, tourism/amenity hub for Lucan while protecting the natural and built environment. The funding will also be used to undertake a conservation report and strategy which will underpin the masterplan and to complete environmental screening reports, and to identify any mitigation measures required to protect the natural habitat, given the expansive grounds and location within the Liffey Valley. Finally, the funding will be used to create a risk management approach for all stages of the regeneration of Lucan House and its grounds.",,,,,IE
https://linkedopendata.eu/entity/Q7361326,2021IE16JTPR001_41625,The Tipperary Renewables Project,The Tipperary Renewables Project,Ireland,01/07/2024,31/03/2026,50.0,206717.31,EUR,103358.65,https://linkedopendata.eu/entity/Q7361236,"52.4734839,-8.1614446",169,"Territorial development initiatives, including preparation of territorial strategies",,,PO08,Just Transition,JTF,JTF,JTF,Just Transition Fund,2021IE16JTPR001,Just Transition - IE – JTF,,IE_13210404,Cashel-Tipperary,,,Mid-West Region,,,IE051,2021-2027,"To fund the appointment of 2 full-time positions [Training Delivery Manager & Renewables project Assistant] to develop and deliver renewables training to a number of key renewables sectors in Ireland, including the Irish energy market, renewables market and energy technology companies.","To fund the appointment of 2 full-time positions [Training Delivery Manager & Renewables project Assistant] to develop and deliver renewables training to a number of key renewables sectors in Ireland, including the Irish energy market, renewables market and energy technology companies.",,,,,IE
https://linkedopendata.eu/entity/Q7361332,2021IE16JTPR001_41640,Peatlands For Prosperity Project: Cultivating Paludiculture for Resilience,Peatlands For Prosperity Project: Cultivating Paludiculture for Resilience,Ireland,01/07/2024,31/03/2026,50.0,299054.41,EUR,149527.2,https://linkedopendata.eu/entity/Q7361242,"53.1361722,-7.8103408",169,"Territorial development initiatives, including preparation of territorial strategies",,,PO08,Just Transition,JTF,JTF,JTF,Just Transition Fund,2021IE16JTPR001,Just Transition - IE – JTF,,IE_13180400,Birr,,,Midlands Region,,,IE012|IE063,2021-2027,"To fund The Peatlands for Prosperity Project which aims to change perspectives on peatlands as wastelands and areas for land reclaimation, to opportunities for a new type of wetland agriculture known as Paludiculture that can generate new crops and new materials for the circular bioeconomy in a way that regenerates natural habitats to act as stores of carbon, valuable biodiversity, water regulation and clean water. Project objectives will be driven through raising awareness, training (in-person and on-line), and the potential to create farmers networks.","To fund The Peatlands for Prosperity Project which aims to change perspectives on peatlands as wastelands and areas for land reclaimation, to opportunities for a new type of wetland agriculture known as Paludiculture that can generate new crops and new materials for the circular bioeconomy in a way that regenerates natural habitats to act as stores of carbon, valuable biodiversity, water regulation and clean water. Project objectives will be driven through raising awareness, training (in-person and on-line), and the potential to create farmers networks.",,,,,IE
https://linkedopendata.eu/entity/Q7361486,2021IE05SFPR001_1001,Adult Literacy,Adult Literacy,Ireland,01/01/2021,31/12/2027,46.09,92000000.0,EUR,42400000.0,https://linkedopendata.eu/entity/Q7361175|https://linkedopendata.eu/entity/Q7361176|https://linkedopendata.eu/entity/Q7361177|https://linkedopendata.eu/entity/Q7361178|https://linkedopendata.eu/entity/Q7361179|https://linkedopendata.eu/entity/Q7361180|https://linkedopendata.eu/entity/Q7361181|https://linkedopendata.eu/entity/Q7361182|https://linkedopendata.eu/entity/Q7361183|https://linkedopendata.eu/entity/Q7361184|https://linkedopendata.eu/entity/Q7361185|https://linkedopendata.eu/entity/Q7361218|https://linkedopendata.eu/entity/Q7361219|https://linkedopendata.eu/entity/Q7361245|https://linkedopendata.eu/entity/Q7361459|https://linkedopendata.eu/entity/Q7361460,,151,Support for adult education (excluding infrastructure),,,PO04,Social Europe,ESO4.6,ESO4.6,ESF+,European Social Fund Plus,2021IE05SFPR001,EIST – IE – ESF+,,,,,,,,,,2021-2027,"This intervention aims to give a second chance to those people whose literacy, numeracy and digital literacy skills are not adequate to allow them to participate fully in society.","This intervention aims to give a second chance to those people whose literacy, numeracy and digital literacy skills are not adequate to allow them to participate fully in society.",,,,,IE
https://linkedopendata.eu/entity/Q7361316,2021IE16JTPR001_41115,Kilcormac Renewable Energy Centre of Excellence,Kilcormac Renewable Energy Centre of Excellence,Ireland,01/05/2024,31/03/2026,50.0,294056.0,EUR,147028.0,https://linkedopendata.eu/entity/Q7361228,"53.1361722,-7.8103408",169,"Territorial development initiatives, including preparation of territorial strategies",,,PO08,Just Transition,JTF,JTF,JTF,Just Transition Fund,2021IE16JTPR001,Just Transition - IE – JTF,,IE_13180400,Birr,,,Midlands Region,,,IE012|IE063,2021-2027,"To fund Kilcormac Renewable Energy Centre of Excellence. This project will fund the ‘green transition’ of a community centre into a ‘hub for sustainable energy practices’ named the Kilcormac Renewable Energy Centre of Excellence. The amount requested is €294,056 will fund the installation of a variety of green technology specifically: solar panels, micro hydro power installation, solar carports and EV charging. The refurbishment of a mill wheel is also included with the goal of increasing tourism. These elements which will encourage diversification of the local economy. The capital works will be completed alongside training programmes and workshops in renewable energy and home retrofitting. In total the project supports 2 direct jobs in project coordination / support roles and up to 19 existing roles are made sustainable such as Tour Guides and community development positions.","To fund Kilcormac Renewable Energy Centre of Excellence. This project will fund the ‘green transition’ of a community centre into a ‘hub for sustainable energy practices’ named the Kilcormac Renewable Energy Centre of Excellence. The amount requested is €294,056 will fund the installation of a variety of green technology specifically: solar panels, micro hydro power installation, solar carports and EV charging. The refurbishment of a mill wheel is also included with the goal of increasing tourism. These elements which will encourage diversification of the local economy. The capital works will be completed alongside training programmes and workshops in renewable energy and home retrofitting. In total the project supports 2 direct jobs in project coordination / support roles and up to 19 existing roles are made sustainable such as Tour Guides and community development positions.",,,,,IE
https://linkedopendata.eu/entity/Q7361355,2021IE16JTPR001_42439,Clondra Village Enhancement and Cycleway,Clondra Village Enhancement and Cycleway,Ireland,25/06/2024,30/09/2025,50.0,84000.0,EUR,42000.0,https://linkedopendata.eu/entity/Q7361234,"53.728973746337,-8.3626566419304",21,"SME business development and internationalisation, including productive investments",,,PO08,Just Transition,JTF,JTF,JTF,Just Transition Fund,2021IE16JTPR001,Just Transition - IE – JTF,,IE_13190401,Roscommon,,,"West Region, Ireland",,,IE042,2021-2027,"The project will assess the feasibility of linking Clondra (trail head of the Royal Canal Greenway) and Tarmonbarry (a harbour on the opposite bank of the Shannon) through an off-road cycle path, which will include crossings of the River Camlin and the River Shannon. To date the villages are linked via a local and national road which poses risks and challenges for walkers and cyclists. This development would link the villages on Longford and Roscommon border, create a hub for tourism and provide greater connectivity between greenways and trails in the area.","The project will assess the feasibility of linking Clondra (trail head of the Royal Canal Greenway) and Tarmonbarry (a harbour on the opposite bank of the Shannon) through an off-road cycle path, which will include crossings of the River Camlin and the River Shannon. To date the villages are linked via a local and national road which poses risks and challenges for walkers and cyclists. This development would link the villages on Longford and Roscommon border, create a hub for tourism and provide greater connectivity between greenways and trails in the area.",,,,,IE
https://linkedopendata.eu/entity/Q7361407,2021IE16RFPR002_33970,TCD KT Boost,TCD KT Boost,Ireland,01/01/2024,31/12/2027,40.0,4920420.0,EUR,1968168.0,https://linkedopendata.eu/entity/Q236521,"53.3979685,-7.0276759",28,"Technology transfer and cooperation between enterprises, research centres and higher education sector",,,PO01,Smarter Europe,RSO1.1,RSO1.1,ERDF,European Regional Development Fund,2021IE16RFPR002,"Southern, Eastern and Midland - IE – ERDF",,,,,Eastern and Midland,,,IE06,,2021-2027,"To further the development of the capacity and capability in Trinity College Dublin to support knowledge and technology transfer and associated outcomes, increase knowledge transfer outcomes within the sector and enhance associated operational quality across the sector.","To further the development of the capacity and capability in Trinity College Dublin to support knowledge and technology transfer and associated outcomes, increase knowledge transfer outcomes within the sector and enhance associated operational quality across the sector.",,,,,IE
https://linkedopendata.eu/entity/Q7361491,2021IE16RFPR001_43221,BIA Innovator Campus CLG - SMART Regions Stream 3,BIA Innovator Campus CLG - SMART Regions Stream 3,Ireland,24/09/2024,24/09/2027,60.0,237581.0,EUR,142548.6,https://linkedopendata.eu/entity/Q7361461,"53.669328,-8.9570134",26,"Support for innovation clusters including between businesses, research organisations and public authorities and business networks primarily benefiting SMEs",,,PO01,Smarter Europe,RSO1.3,RSO1.3,ERDF,European Regional Development Fund,2021IE16RFPR001,Northern and Western - IE – ERDF,,,,,,"West Region, Ireland",,,IE042,2021-2027,BIA LUAS Food Business Accelerator and community network programme for food sector entrepreneurs and SMEs.,BIA LUAS Food Business Accelerator and community network programme for food sector entrepreneurs and SMEs.,,,,,IE
https://linkedopendata.eu/entity/Q7361366,2021IE16JTPR001_42750,"To develop a large-scale serviced landholding in public ownership, in an area severely impacted by the loss of peat and mine industry employment, facilitating job creation with a bioeconomy focus.","To develop a large-scale serviced landholding in public ownership, in an area severely impacted by the loss of peat and mine industry employment, facilitating job creation with a bioeconomy focus.",Ireland,01/05/2024,31/03/2026,50.0,1000000.0,EUR,500000.0,https://linkedopendata.eu/entity/Q7361230,"52.4734839,-8.1614446",169,"Territorial development initiatives, including preparation of territorial strategies",,,PO08,Just Transition,JTF,JTF,JTF,Just Transition Fund,2021IE16JTPR001,Just Transition - IE – JTF,,IE_13210404,Cashel-Tipperary,,,Mid-West Region,,,IE051,2021-2027,To fund the preparatory works and production of a development masterplan for a 10 acre site within the Lisheen Bioeconomy campus for the purpose of delivering rural based sustainable jobs with a bioeconomy focus.,To fund the preparatory works and production of a development masterplan for a 10 acre site within the Lisheen Bioeconomy campus for the purpose of delivering rural based sustainable jobs with a bioeconomy focus.,,,,,IE
https://linkedopendata.eu/entity/Q7361311,2021IE05SFPR001_1010,JobsPlus,JobsPlus,Ireland,01/01/2021,31/12/2027,,11406365.0,EUR,,https://linkedopendata.eu/entity/Q7361224,,136,Specific support for youth employment and socio-economic integration of young people,,,PO04,Social Europe,ESO4.1,ESO4.1,ESF+,European Social Fund Plus,2021IE05SFPR001,EIST – IE – ESF+,,,,,,,,,,2021-2027,JobsPlus is an employer incentive which encourages and rewards employers who offer employment opportunities to the long term unemployed.,JobsPlus is an employer incentive which encourages and rewards employers who offer employment opportunities to the long term unemployed.,,,,,IE
https://linkedopendata.eu/entity/Q7361509,2021IE16RFPR001_39793,NWR Warmer Homes Scheme,NWR Warmer Homes Scheme,Ireland,01/01/2023,31/12/2029,60.0,55090907.0,EUR,33054544.2,https://linkedopendata.eu/entity/Q7361474,"53.963472222222,-7.3574444444444|53.669328,-8.9570134",42,"Energy efficiency renovation of existing housing stock, demonstration projects and supporting measures compliant with energy efficiency criteria",,,PO02,"Greener, carbon-free Europe",RSO2.1,RSO2.1,ERDF,European Regional Development Fund,2021IE16RFPR001,Northern and Western - IE – ERDF,,,,,,"West Region, Ireland|Border Region",,,IE042|IE041,2021-2027,"This Operation will improve the energy performance of owner-occupied homes of lower income households in the programme area, thus reducing greenhouse gas emissions and reducing the proportion of household disposable income spent on energy costs. The Operation supports the delivery of free energy efficiency upgrades for eligible homeowners and eligible homes. It aims to make eligible homes warmer, healthier, and cheaper to run.","This Operation will improve the energy performance of owner-occupied homes of lower income households in the programme area, thus reducing greenhouse gas emissions and reducing the proportion of household disposable income spent on energy costs. The Operation supports the delivery of free energy efficiency upgrades for eligible homeowners and eligible homes. It aims to make eligible homes warmer, healthier, and cheaper to run.",,,,,IE
https://linkedopendata.eu/entity/Q7361314,2021IE16JTPR001_40997,FilmOffaly Development Resource Project,FilmOffaly Development Resource Project,Ireland,04/01/2024,31/03/2026,50.0,252985.0,EUR,126492.5,https://linkedopendata.eu/entity/Q7361226,"53.1361722,-7.8103408",169,"Territorial development initiatives, including preparation of territorial strategies",,,PO08,Just Transition,JTF,JTF,JTF,Just Transition Fund,2021IE16JTPR001,Just Transition - IE – JTF,,IE_13180400,Birr,,,Midlands Region,,,IE012|IE063,2021-2027,"To fund a full-time Film Resource Coordinator position and mentoring and capacity building activity for film professionals and ex-peat industry workers. The project will strengthen Offaly’s Film Commission's (Film Offaly), position in the Irish Film industry, and in doing so strengthen and diversify the local economy. It aims to achieve economic diversification through the development of relationships, strategic partnerships, and networks within the Film community during the project timeframe, all guiding and informing the development of a 3-year Strategic Development Plan. In collaboration with Screen Skills Ireland, the Laois Offaly Education and Training Board, and Esker Arts in Tullamore the project will upskill two groups of people. Film industry individuals and businesses (e.g. production units) in film-relevant skills such as scriptwriting, film production etc), and former-peat community workers and communities in skills that could be relevant for the Film industry such as carpentry, electrics etc required in developing film sets and production hubs.","To fund a full-time Film Resource Coordinator position and mentoring and capacity building activity for film professionals and ex-peat industry workers. The project will strengthen Offaly’s Film Commission's (Film Offaly), position in the Irish Film industry, and in doing so strengthen and diversify the local economy. It aims to achieve economic diversification through the development of relationships, strategic partnerships, and networks within the Film community during the project timeframe, all guiding and informing the development of a 3-year Strategic Development Plan. In collaboration with Screen Skills Ireland, the Laois Offaly Education and Training Board, and Esker Arts in Tullamore the project will upskill two groups of people. Film industry individuals and businesses (e.g. production units) in film-relevant skills such as scriptwriting, film production etc), and former-peat community workers and communities in skills that could be relevant for the Film industry such as carpentry, electrics etc required in developing film sets and production hubs.",,,,,IE
https://linkedopendata.eu/entity/Q7361373,2021IE16JTPR001_41692,Torleh Tourist Accommodation Planning Application,Torleh Tourist Accommodation Planning Application,Ireland,26/09/2024,30/04/2025,50.0,48400.0,EUR,24200.0,https://linkedopendata.eu/entity/Q7361271,"53.5577902,-7.3478558",21,"SME business development and internationalisation, including productive investments",,,PO08,Just Transition,JTF,JTF,JTF,Just Transition Fund,2021IE16JTPR001,Just Transition - IE – JTF,,IE_13230403,Mullingar,,,Midlands Region,,,IE012|IE063,2021-2027,"Creation of, and application for, planning permission for 4 chalets in Dysart, County Westmeath.","Creation of, and application for, planning permission for 4 chalets in Dysart, County Westmeath.",,,,,IE
https://linkedopendata.eu/entity/Q7361375,2021IE16JTPR001_43327,Galway County Council Tourism Activator,Galway County Council Tourism Activator,Ireland,01/01/2024,31/12/2026,50.0,198278.0,EUR,99139.0,https://linkedopendata.eu/entity/Q7361269,"53.2744122,-9.0490601",21,"SME business development and internationalisation, including productive investments",,,PO08,Just Transition,JTF,JTF,JTF,Just Transition Fund,2021IE16JTPR001,Just Transition - IE – JTF,,IE_01360421,Galway City Central,,,"West Region, Ireland",,,IE042,2021-2027,Provide EU JTF funds to the amount specified to employ an EU JTF County Tourism Activator on a special-purpose 3-year fixed term contract and an operational budget.,Provide EU JTF funds to the amount specified to employ an EU JTF County Tourism Activator on a special-purpose 3-year fixed term contract and an operational budget.,,,,,IE
https://linkedopendata.eu/entity/Q7361310,2021IE05SFPR001_1003,Social Inclusion and Community Activation Programme (SICAP),Social Inclusion and Community Activation Programme (SICAP),Ireland,01/01/2021,31/12/2027,44.4,164240553.0,EUR,72922805.4,https://linkedopendata.eu/entity/Q7361187|https://linkedopendata.eu/entity/Q7361188|https://linkedopendata.eu/entity/Q7361189|https://linkedopendata.eu/entity/Q7361190|https://linkedopendata.eu/entity/Q7361191|https://linkedopendata.eu/entity/Q7361192|https://linkedopendata.eu/entity/Q7361193|https://linkedopendata.eu/entity/Q7361194|https://linkedopendata.eu/entity/Q7361195|https://linkedopendata.eu/entity/Q7361196|https://linkedopendata.eu/entity/Q7361197|https://linkedopendata.eu/entity/Q7361198|https://linkedopendata.eu/entity/Q7361199|https://linkedopendata.eu/entity/Q7361200|https://linkedopendata.eu/entity/Q7361201|https://linkedopendata.eu/entity/Q7361202|https://linkedopendata.eu/entity/Q7361203|https://linkedopendata.eu/entity/Q7361204|https://linkedopendata.eu/entity/Q7361205|https://linkedopendata.eu/entity/Q7361206|https://linkedopendata.eu/entity/Q7361207|https://linkedopendata.eu/entity/Q7361208|https://linkedopendata.eu/entity/Q7361209|https://linkedopendata.eu/entity/Q7361210|https://linkedopendata.eu/entity/Q7361211|https://linkedopendata.eu/entity/Q7361212|https://linkedopendata.eu/entity/Q7361213|https://linkedopendata.eu/entity/Q7361214|https://linkedopendata.eu/entity/Q7361215|https://linkedopendata.eu/entity/Q7361216|https://linkedopendata.eu/entity/Q7361220|https://linkedopendata.eu/entity/Q7361221|https://linkedopendata.eu/entity/Q7361246,,153,Pathways to integration and re-entry into employment for disadvantaged people,,,PO04,Social Europe,ESO4.8,ESO4.8,ESF+,European Social Fund Plus,2021IE05SFPR001,EIST – IE – ESF+,,,,,,,,,,2021-2027,"SICAP is a targeted, holistic programme for those who are most disadvantaged and less likely to use mainstream services, which provides supports directly to beneficiaries and links them into existing services. It is a multi-faceted programme that provides supports to respond to individual and community needs, aiming to ensure that beneficiaries receive quality, tailored supports, while also allowing flexibility to adapt actions to local need. SICAP also prioritises local engagement and partnerships, between SICAP Programme Implementers, disadvantaged individuals, community organisations and public sector agencies.","SICAP is a targeted, holistic programme for those who are most disadvantaged and less likely to use mainstream services, which provides supports directly to beneficiaries and links them into existing services. It is a multi-faceted programme that provides supports to respond to individual and community needs, aiming to ensure that beneficiaries receive quality, tailored supports, while also allowing flexibility to adapt actions to local need. SICAP also prioritises local engagement and partnerships, between SICAP Programme Implementers, disadvantaged individuals, community organisations and public sector agencies.",,,,,IE
https://linkedopendata.eu/entity/Q7361305,2021IE05SFPR001_1005,Skillnet Ireland,Skillnet Ireland,Ireland,01/01/2024,31/12/2027,,55890000.0,EUR,,https://linkedopendata.eu/entity/Q7361223,,146,"Support for adaptation of workers, enterprises and entrepreneurs to change",,,PO04,Social Europe,ESO4.7,ESO4.7,ESF+,European Social Fund Plus,2021IE05SFPR001,EIST – IE – ESF+,,,,,,,,,,2021-2027,"The objectives of the Skillnet Ireland interventions are fourfold: Digital Adoption and Transformation; Green Acceleration; Regional-Industry Priorities; and Enabling Workforce Returners. Skillnet Ireland will develop pertinent training programmes in line with the evolving workforce demand. The objective is to prioritise initiatives that target skills gaps identified by business, collaborating with industries to equip participants with qualifications and certifications that meet the demands of the market, while increasing learner mobility and employability. The aim is to address immediate skills shortages while simultaneously preparing for upcoming labour market challenges.","The objectives of the Skillnet Ireland interventions are fourfold: Digital Adoption and Transformation; Green Acceleration; Regional-Industry Priorities; and Enabling Workforce Returners. Skillnet Ireland will develop pertinent training programmes in line with the evolving workforce demand. The objective is to prioritise initiatives that target skills gaps identified by business, collaborating with industries to equip participants with qualifications and certifications that meet the demands of the market, while increasing learner mobility and employability. The aim is to address immediate skills shortages while simultaneously preparing for upcoming labour market challenges.",,,,,IE
https://linkedopendata.eu/entity/Q7361437,2021IE16RFPR002_41851,Gorey Market House – THRIVE Strand Two,Gorey Market House – THRIVE Strand Two,Ireland,04/05/2024,01/10/2028,40.0,7000000.0,EUR,2800000.0,https://linkedopendata.eu/entity/Q7361287,"53.41291,-8.24389",168,Physical regeneration and security of public spaces,,,PO05,Europe closer to citizens,RSO5.1,RSO5.1,ERDF,European Regional Development Fund,2021IE16RFPR002,"Southern, Eastern and Midland - IE – ERDF",,,,,Southern,,,IE05,,2021-2027,"Refurbishment, renovation and adaptive reuse of Gorey Market House, a vacant or derelict heritage building owned by Wexford County Council in Gorey, Co Wexford to create a Community Hub and Market Plaza that will have a positive and transformative impact on the urban centre and reduce vacancy and dereliction. • Gorey Market House was identified for regeneration in the Integrated Urban Strategy – Gorey Town and Environs Local Area Plan 2017-2023 (extended 2026). • The regeneration of Gorey Market House will promote the values and working principles of the New European Bauhaus by ensuring the regeneration of Gorey Market House will be beautiful, sustainable and inclusive and was conceived and developed with a reinforced citizen and stakeholder involvement. • The regeneration of Gorey Market House will promote the values and working principles of the New European Bauhaus by ensuring the regeneration of Gorey Market House will be beautiful, sustainable and inclusive and was conceived and developed with a reinforced citizen and stakeholder involvement. • The regeneration of Gorey Market House will promote the implementation of circular economy principles and high-quality heritage-led regeneration and conservation outcomes in the built environment.","Refurbishment, renovation and adaptive reuse of Gorey Market House, a vacant or derelict heritage building owned by Wexford County Council in Gorey, Co Wexford to create a Community Hub and Market Plaza that will have a positive and transformative impact on the urban centre and reduce vacancy and dereliction. • Gorey Market House was identified for regeneration in the Integrated Urban Strategy – Gorey Town and Environs Local Area Plan 2017-2023 (extended 2026). • The regeneration of Gorey Market House will promote the values and working principles of the New European Bauhaus by ensuring the regeneration of Gorey Market House will be beautiful, sustainable and inclusive and was conceived and developed with a reinforced citizen and stakeholder involvement. • The regeneration of Gorey Market House will promote the values and working principles of the New European Bauhaus by ensuring the regeneration of Gorey Market House will be beautiful, sustainable and inclusive and was conceived and developed with a reinforced citizen and stakeholder involvement. • The regeneration of Gorey Market House will promote the implementation of circular economy principles and high-quality heritage-led regeneration and conservation outcomes in the built environment.",,,,,IE
https://linkedopendata.eu/entity/Q7361514,2021IE16RFPR001_31840,WiSAR ATU,WiSAR ATU,Ireland,01/05/2023,31/12/2029,60.0,2379590.0,EUR,1427754.0,https://linkedopendata.eu/entity/Q7361472,"53.963472222222,-7.3574444444444",12,"Research and innovation activities in public research centres, higher education and centres of competence including networking (industrial research, experimental development, feasibility studies)",,,PO01,Smarter Europe,RSO1.1,RSO1.1,ERDF,European Regional Development Fund,2021IE16RFPR001,Northern and Western - IE – ERDF,,,,,,Border Region,,,IE041,2021-2027,"The WiSAR Gateway, based at the Atlantic Technological University, provides solutions to Irish industry for the Internet of Things (IoT) using expertise in wireless, embedded systems and power electronics.","The WiSAR Gateway, based at the Atlantic Technological University, provides solutions to Irish industry for the Internet of Things (IoT) using expertise in wireless, embedded systems and power electronics.",,,,,IE
https://linkedopendata.eu/entity/Q7361404,2021IE16RFPR002_33775,NOVAUCD KT Boost,NOVAUCD KT Boost,Ireland,01/01/2024,31/12/2027,40.0,4659680.0,EUR,1863872.0,https://linkedopendata.eu/entity/Q2531710,"53.3979685,-7.0276759",28,"Technology transfer and cooperation between enterprises, research centres and higher education sector",,,PO01,Smarter Europe,RSO1.1,RSO1.1,ERDF,European Regional Development Fund,2021IE16RFPR002,"Southern, Eastern and Midland - IE – ERDF",,,,,Eastern and Midland,,,IE06,,2021-2027,"To further the development of the capacity and capability in University College Dublin to support knowledge and technology transfer and associated outcomes, increase knowledge transfer outcomes within the sector and enhance associated operational quality across the sector.","To further the development of the capacity and capability in University College Dublin to support knowledge and technology transfer and associated outcomes, increase knowledge transfer outcomes within the sector and enhance associated operational quality across the sector.",,,,,IE
https://linkedopendata.eu/entity/Q7361315,2021IE16JTPR001_41000,Midlands Regional Enterprise Plan Pathway for Just Transition,Midlands Regional Enterprise Plan Pathway for Just Transition,Ireland,01/03/2024,31/03/2026,50.0,3970587.42,EUR,1985293.71,https://linkedopendata.eu/entity/Q7361227,"53.5577902,-7.3478558|52.9984575,-7.3980338|53.750748873561,-7.8038658267196|53.1361722,-7.8103408",169,"Territorial development initiatives, including preparation of territorial strategies",,,PO08,Just Transition,JTF,JTF,JTF,Just Transition Fund,2021IE16JTPR001,Just Transition - IE – JTF,,IE_13100401|IE_13130402|IE_13180400|IE_13230403,Portlaoise|Longford|Birr|Mullingar,,,Midlands Region,,,IE012|IE063,2021-2027,"To fund the resourcing and execution of plans tailored to contribute to five developed Work Packages, collectively called the Midlands Regional Enterprise Plan Pathway for Just Transition. Each Work Package comprises fundamental pillars, including advancing skill development, capacity building, peer learning, collaboration with educational institutions, promoting shorter supply chains, and fostering innovation and creativity. Collectively, these initiatives are poised to bring about transformative changes to the employment landscape within the region.","To fund the resourcing and execution of plans tailored to contribute to five developed Work Packages, collectively called the Midlands Regional Enterprise Plan Pathway for Just Transition. Each Work Package comprises fundamental pillars, including advancing skill development, capacity building, peer learning, collaboration with educational institutions, promoting shorter supply chains, and fostering innovation and creativity. Collectively, these initiatives are poised to bring about transformative changes to the employment landscape within the region.",,,,,IE
https://linkedopendata.eu/entity/Q7361363,2021IE16JTPR001_42714,Longford Circular Economy Centre of Excellence,Longford Circular Economy Centre of Excellence,Ireland,01/05/2024,31/03/2026,50.0,200860.0,EUR,100430.0,https://linkedopendata.eu/entity/Q7361234,"53.750748873561,-7.8038658267196",169,"Territorial development initiatives, including preparation of territorial strategies",,,PO08,Just Transition,JTF,JTF,JTF,Just Transition Fund,2021IE16JTPR001,Just Transition - IE – JTF,,IE_13130402,Longford,,,Midlands Region,,,IE012|IE063,2021-2027,"Longford County Council and the EDI propose to partner on a ground-breaking initiative which will see the development of a Circular Economy Centre of Excellence based on an identified site in Longford town. Envisioned as a multi-million investment comprising a 25,000-30,000 sq ft facility, the Centre will operate as a multi-faceted, closed loop operation incorporating the following: 1. Education and Training Centre 2. Repair and Upcycling Workshop Hub 3. Pioneering Circular Economy Retail Mall 4. Incubation and Research Unit The Centre of Excellence aims to provide new employment opportunities, training and environmentally sustainable living opportunities aimed at the appropriate JTF target groups.","Longford County Council and the EDI propose to partner on a ground-breaking initiative which will see the development of a Circular Economy Centre of Excellence based on an identified site in Longford town. Envisioned as a multi-million investment comprising a 25,000-30,000 sq ft facility, the Centre will operate as a multi-faceted, closed loop operation incorporating the following: 1. Education and Training Centre 2. Repair and Upcycling Workshop Hub 3. Pioneering Circular Economy Retail Mall 4. Incubation and Research Unit The Centre of Excellence aims to provide new employment opportunities, training and environmentally sustainable living opportunities aimed at the appropriate JTF target groups.",,,,,IE
https://linkedopendata.eu/entity/Q7361417,2021IE16RFPR002_40359,IADT TU RISE,IADT TU RISE,Ireland,01/01/2024,31/12/2028,40.0,3600000.0,EUR,1440000.0,https://linkedopendata.eu/entity/Q7361278,"53.3979685,-7.0276759",12,"Research and innovation activities in public research centres, higher education and centres of competence including networking (industrial research, experimental development, feasibility studies)",,,PO01,Smarter Europe,RSO1.1,RSO1.1,ERDF,European Regional Development Fund,2021IE16RFPR002,"Southern, Eastern and Midland - IE – ERDF",,,,,Eastern and Midland,,,IE06,,2021-2027,"This Operation will establish, strengthen, and systemise the research and innovation offices in IADT to enable greater and more structured engagement with local and regional enterprises and community. stakeholders","This Operation will establish, strengthen, and systemise the research and innovation offices in IADT to enable greater and more structured engagement with local and regional enterprises and community. stakeholders",,,,,IE
https://linkedopendata.eu/entity/Q7361492,2021IE16RFPR001_43141,AIM Centre Stream 3,AIM Centre Stream 3,Ireland,03/10/2024,03/10/2027,60.0,998016.0,EUR,598809.6,https://linkedopendata.eu/entity/Q7361463,"53.963472222222,-7.3574444444444",26,"Support for innovation clusters including between businesses, research organisations and public authorities and business networks primarily benefiting SMEs",,,PO01,Smarter Europe,RSO1.3,RSO1.3,ERDF,European Regional Development Fund,2021IE16RFPR001,Northern and Western - IE – ERDF,,,,,,Border Region,,,IE041,2021-2027,Development of an AI studio by the AIM Centre including the launch of an AI Accelerator Programme to assist businesses with scoping AI potential and integration into their operation,Development of an AI studio by the AIM Centre including the launch of an AI Accelerator Programme to assist businesses with scoping AI potential and integration into their operation,,,,,IE
https://linkedopendata.eu/entity/Q7362627,2021IE16RFPR001_37291,University of Galway - Innovators Initiative,University of Galway - Innovators Initiative,Ireland,01/01/2024,31/12/2029,60.0,6984444.0,EUR,4190666.4,https://linkedopendata.eu/entity/Q7361521,"53.669328,-8.9570134",12,"Research and innovation activities in public research centres, higher education and centres of competence including networking (industrial research, experimental development, feasibility studies)",,,PO01,Smarter Europe,RSO1.1,RSO1.1,ERDF,European Regional Development Fund,2021IE16RFPR001,Northern and Western - IE – ERDF,,,,,,"West Region, Ireland",,,IE042,2021-2027,BioInnovate is an entrepreneurial education and training programme for mid-career professionals using design thinking-based methodologies coupled with immersion in relevant settings to identify and prioritise commercially significant needs with potential for further development in the medical device sector.,BioInnovate is an entrepreneurial education and training programme for mid-career professionals using design thinking-based methodologies coupled with immersion in relevant settings to identify and prioritise commercially significant needs with potential for further development in the medical device sector.,,,,,IE
https://linkedopendata.eu/entity/Q7361362,2021IE16JTPR001_42713,Place-making in Offaly’s Peatlands (POP),Place-making in Offaly’s Peatlands (POP),Ireland,15/08/2024,31/03/2026,50.0,348534.0,EUR,174267.0,https://linkedopendata.eu/entity/Q7361267,"53.1361722,-7.8103408",169,"Territorial development initiatives, including preparation of territorial strategies",,,PO08,Just Transition,JTF,JTF,JTF,Just Transition Fund,2021IE16JTPR001,Just Transition - IE – JTF,,IE_13180400,Birr,,,Midlands Region,,,IE012|IE063,2021-2027,"To complete the refurbishment of the Fiesta Hall in Kilcormac, County Offaly to serve as a Green Enterprise and Climate Action Centre for the community. The completed building will house training facilities, office space and a café space as well as a multi-use community space for exhibitions and demonstrations, to include four incubation spaces for business start-ups in the green and circular economy.","To complete the refurbishment of the Fiesta Hall in Kilcormac, County Offaly to serve as a Green Enterprise and Climate Action Centre for the community. The completed building will house training facilities, office space and a café space as well as a multi-use community space for exhibitions and demonstrations, to include four incubation spaces for business start-ups in the green and circular economy.",,,,,IE
https://linkedopendata.eu/entity/Q7361500,2021IE16RFPR001_40959,THRIVE - S1 Monaghan,THRIVE - S1 Monaghan,Ireland,01/06/2024,30/06/2025,60.0,199341.0,EUR,119604.6,https://linkedopendata.eu/entity/Q7361481,"53.963472222222,-7.3574444444444",169,"Territorial development initiatives, including preparation of territorial strategies",,,PO05,Europe closer to citizens,RSO5.1,RSO5.1,ERDF,European Regional Development Fund,2021IE16RFPR001,Northern and Western - IE – ERDF,,,,,,Border Region,,,IE041,2021-2027,"This THRIVE Strand 1 project will develop an Integrated Urban Strategy for Monaghan town, based on the Town Centre First Framework and embracing the values of New European Bauhaus - sustainability, aesthetics, and inclusion. The project will identify vacant or derelict heritage building in public ownership and using a citizen-centred approach, identify a viable and sustainable end use for building. A multidisciplinary team will carry out consultations, designs, surveys, and secure planning permission with the aim of creating an investment-ready proposal for a THRIVE Strand 2 application.","This THRIVE Strand 1 project will develop an Integrated Urban Strategy for Monaghan town, based on the Town Centre First Framework and embracing the values of New European Bauhaus - sustainability, aesthetics, and inclusion. The project will identify vacant or derelict heritage building in public ownership and using a citizen-centred approach, identify a viable and sustainable end use for building. A multidisciplinary team will carry out consultations, designs, surveys, and secure planning permission with the aim of creating an investment-ready proposal for a THRIVE Strand 2 application.",,,,,IE
https://linkedopendata.eu/entity/Q7361397,2021IE16RFPR002_32030,Shannon ABC,Shannon ABC,Ireland,01/05/2023,31/12/2029,40.0,1412091.0,EUR,564836.4,https://linkedopendata.eu/entity/Q4384945,"53.3979685,-7.0276759",12,"Research and innovation activities in public research centres, higher education and centres of competence including networking (industrial research, experimental development, feasibility studies)",,,PO01,Smarter Europe,RSO1.1,RSO1.1,ERDF,European Regional Development Fund,2021IE16RFPR002,"Southern, Eastern and Midland - IE – ERDF",,,,,Eastern and Midland,,,IE06,,2021-2027,"The Shannon ABC Gateway is a leader in bioresource research – detection, identification, characterisation and valorisation – and collaborates with industry and other research centres in order to deliver this expertise in applied settings. This operation will fund personnel in the Gateway at the MTU Kerry campus whose role it is to increase the level of engagement with industry.","The Shannon ABC Gateway is a leader in bioresource research – detection, identification, characterisation and valorisation – and collaborates with industry and other research centres in order to deliver this expertise in applied settings. This operation will fund personnel in the Gateway at the MTU Kerry campus whose role it is to increase the level of engagement with industry.",,,,,IE
https://linkedopendata.eu/entity/Q7361430,2021IE16RFPR002_40966,"Tralee, Co. Kerry - THRIVE Strand One","Tralee, Co. Kerry - THRIVE Strand One",Ireland,01/06/2024,30/06/2025,40.0,197094.0,EUR,78837.6,https://linkedopendata.eu/entity/Q7361282,"53.41291,-8.24389",169,"Territorial development initiatives, including preparation of territorial strategies",,,PO05,Europe closer to citizens,RSO5.1,RSO5.1,ERDF,European Regional Development Fund,2021IE16RFPR002,"Southern, Eastern and Midland - IE – ERDF",,,,,Southern,,,IE05,,2021-2027,"Kerry County Council was awarded €197,094.00 under THRIVE Strand 1. This funding will be utilised to create an integrated urban strategy for Tralee using the Town Centre First Approach and incorporating the principles and values of the New European Bauhaus. The integrated urban strategy will be co-created with citizens and stakeholders and will prioritise projects for redevelopment. One project will be chosen to progress to an application for funding under THRIVE Strand 2 by completing statutory consents, planning permission, conservation reports, energy efficiency reports, archaeological and heritage studies and environmental screening reports.","Kerry County Council was awarded €197,094.00 under THRIVE Strand 1. This funding will be utilised to create an integrated urban strategy for Tralee using the Town Centre First Approach and incorporating the principles and values of the New European Bauhaus. The integrated urban strategy will be co-created with citizens and stakeholders and will prioritise projects for redevelopment. One project will be chosen to progress to an application for funding under THRIVE Strand 2 by completing statutory consents, planning permission, conservation reports, energy efficiency reports, archaeological and heritage studies and environmental screening reports.",,,,,IE
https://linkedopendata.eu/entity/Q7361307,2021IE05SFPR001_1002,Sport4Empowerment,Sport4Empowerment,Ireland,01/01/2023,31/12/2027,95.0,11000002.0,EUR,10450001.9,https://linkedopendata.eu/entity/Q7361186,,152,Measures to promote equal opportunities and active participation in society,,,PO04,Social Europe,ESO4.8,ESO4.8,ESF+,European Social Fund Plus,2021IE05SFPR001,EIST – IE – ESF+,,,,,,,,,,2021-2027,"The objectives of Sport Ireland’s ESF+ programme is to develop socially inclusive and innovative programmes that increase the sports participation and physical activity levels, enhance education and training opportunities, improve employment prospects, and increase social inclusion opportunities of groups that are at risk of social exclusion. Additionally, the programme will aim to contribute to the development of the social innovation ecosystem in Ireland.","The objectives of Sport Ireland’s ESF+ programme is to develop socially inclusive and innovative programmes that increase the sports participation and physical activity levels, enhance education and training opportunities, improve employment prospects, and increase social inclusion opportunities of groups that are at risk of social exclusion. Additionally, the programme will aim to contribute to the development of the social innovation ecosystem in Ireland.",,,,,IE
https://linkedopendata.eu/entity/Q7361320,2021IE16JTPR001_41154,Final Phase Development of the Junction 17 National Enterprise Park,Final Phase Development of the Junction 17 National Enterprise Park,Ireland,01/02/2024,31/10/2024,50.0,1000000.0,EUR,500000.0,https://linkedopendata.eu/entity/Q7361227,"52.9984575,-7.3980338",169,"Territorial development initiatives, including preparation of territorial strategies",,,PO08,Just Transition,JTF,JTF,JTF,Just Transition Fund,2021IE16JTPR001,Just Transition - IE – JTF,,IE_13100401,Portlaoise,,,Midlands Region,,,IE012|IE063,2021-2027,"To fund the final phase of development of the Junction 17 National Enterprise Park, to ensure that the development is realised in a sustainable manner. This phase of the development will consist of the provision of road access, services and activities to enable the development and availability of serviced sites, facilitate the creation of sustainable, high value jobs and further economic development in the area","To fund the final phase of development of the Junction 17 National Enterprise Park, to ensure that the development is realised in a sustainable manner. This phase of the development will consist of the provision of road access, services and activities to enable the development and availability of serviced sites, facilitate the creation of sustainable, high value jobs and further economic development in the area",,,,,IE
https://linkedopendata.eu/entity/Q7361457,2021IE16RFPR002_42442,Teagasc Food Research Centre SMART Regions Stream 4 Feasibility,Teagasc Food Research Centre SMART Regions Stream 4 Feasibility,Ireland,25/04/2024,25/04/2025,40.0,36400.0,EUR,14560.0,https://linkedopendata.eu/entity/Q7361302,"53.41291,-8.24389",26,"Support for innovation clusters including between businesses, research organisations and public authorities and business networks primarily benefiting SMEs",,,PO01,Smarter Europe,RSO1.3,RSO1.3,ERDF,European Regional Development Fund,2021IE16RFPR002,"Southern, Eastern and Midland - IE – ERDF",,,,,Southern,,,IE05,,2021-2027,"To undertake a feasibility study to determine the business case to establish a Pilot Scale Precision Fermentation Platform (PSPFP) facility at the Teagasc Food Research Centre Food Research Centre, Moorepark, Fermoy, Co Cork.","To undertake a feasibility study to determine the business case to establish a Pilot Scale Precision Fermentation Platform (PSPFP) facility at the Teagasc Food Research Centre Food Research Centre, Moorepark, Fermoy, Co Cork.",,,,,IE
https://linkedopendata.eu/entity/Q7361317,2021IE16JTPR001_41145,EV-WT Training Programme,EV-WT Training Programme,Ireland,01/04/2024,31/03/2026,50.0,569037.0,EUR,284518.5,https://linkedopendata.eu/entity/Q7361229|https://linkedopendata.eu/entity/Q7361244,"53.728973746337,-8.3626566419304",169,"Territorial development initiatives, including preparation of territorial strategies",,,PO08,Just Transition,JTF,JTF,JTF,Just Transition Fund,2021IE16JTPR001,Just Transition - IE – JTF,,IE_13190401,Roscommon,,,"West Region, Ireland",,,IE042,2021-2027,"The proposed project will provide upskilling/training in 2 linked low-carbon technologies, to re-engage existing skills formerly utilised in peat-based industry and to provide sustainable employment opportunities into the future for the County workforce. In particular, the proposal provides opportunities for former workers and future generations disadvantaged by changes resulting from the implementation of Ireland’s Climate Action Plan, through upskilling pathways that enable participation in the move to renewables and electrical transportation. The training will have 2 aspects – the manufacture of small-scale wind turbines (WT) and the repair and maintenance of Electric Vehicles (EVs) – the implementation of which will align with actions contained in the Roscommon Climate Action Plan 2024-2029 and have a positive effect on Ireland’s carbon emissions reduction strategy.","The proposed project will provide upskilling/training in 2 linked low-carbon technologies, to re-engage existing skills formerly utilised in peat-based industry and to provide sustainable employment opportunities into the future for the County workforce. In particular, the proposal provides opportunities for former workers and future generations disadvantaged by changes resulting from the implementation of Ireland’s Climate Action Plan, through upskilling pathways that enable participation in the move to renewables and electrical transportation. The training will have 2 aspects – the manufacture of small-scale wind turbines (WT) and the repair and maintenance of Electric Vehicles (EVs) – the implementation of which will align with actions contained in the Roscommon Climate Action Plan 2024-2029 and have a positive effect on Ireland’s carbon emissions reduction strategy.",,,,,IE
https://linkedopendata.eu/entity/Q7361361,2021IE16JTPR001_42524,Shannonbridge Urban Plaza and Shannon Callows Reserve Walkway project,Shannonbridge Urban Plaza and Shannon Callows Reserve Walkway project,Ireland,01/11/2024,30/04/2025,50.0,218275.0,EUR,109137.5,https://linkedopendata.eu/entity/Q7361226,"53.1361722,-7.8103408",21,"SME business development and internationalisation, including productive investments",,,PO08,Just Transition,JTF,JTF,JTF,Just Transition Fund,2021IE16JTPR001,Just Transition - IE – JTF,,IE_13180400,Birr,,,Midlands Region,,,IE012|IE063,2021-2027,"The Shannonbridge Plaza is being developed in response to the absence of a focal point for visitors in the village. It aims to provide a public amenity including picnic area, garden space, and parking for passing visitors. The project will review the current toilet provision in Shannonbridge ensuring alignment with the quantified visitor demand and accessibility requirements and explore potential options for increased provision if necessitated. The proposal also includes a floating walkway, the scale of which would be determined by this design project, which would reach out into the Shannon Callows Reserve to allow visitors to engage with the natural environment.","The Shannonbridge Plaza is being developed in response to the absence of a focal point for visitors in the village. It aims to provide a public amenity including picnic area, garden space, and parking for passing visitors. The project will review the current toilet provision in Shannonbridge ensuring alignment with the quantified visitor demand and accessibility requirements and explore potential options for increased provision if necessitated. The proposal also includes a floating walkway, the scale of which would be determined by this design project, which would reach out into the Shannon Callows Reserve to allow visitors to engage with the natural environment.",,,,,IE
https://linkedopendata.eu/entity/Q7361376,2021IE16JTPR001_43329,Kildare County Council Tourism Activator,Kildare County Council Tourism Activator,Ireland,01/01/2024,31/12/2026,50.0,198278.0,EUR,99139.0,https://linkedopendata.eu/entity/Q7361254,"53.176199987311,-6.947392978892",21,"SME business development and internationalisation, including productive investments",,,PO08,Just Transition,JTF,JTF,JTF,Just Transition Fund,2021IE16JTPR001,Just Transition - IE – JTF,,IE_01380404,Kildare,,,"Mid-East Region, Ireland",,,IE062,2021-2027,Provide EU JTF funds to the amount specified to employ an EU JTF County Tourism Activator on a special-purpose 3-year fixed term contract and an operational budget.,Provide EU JTF funds to the amount specified to employ an EU JTF County Tourism Activator on a special-purpose 3-year fixed term contract and an operational budget.,,,,,IE
https://linkedopendata.eu/entity/Q7361513,2021IE16RFPR001_31980,PEM,PEM,Ireland,01/05/2023,31/12/2029,60.0,1964500.0,EUR,1178700.0,https://linkedopendata.eu/entity/Q7361477,"53.963472222222,-7.3574444444444",12,"Research and innovation activities in public research centres, higher education and centres of competence including networking (industrial research, experimental development, feasibility studies)",,,PO01,Smarter Europe,RSO1.1,RSO1.1,ERDF,European Regional Development Fund,2021IE16RFPR001,Northern and Western - IE – ERDF,,,,,,Border Region,,,IE041,2021-2027,"The PEM Technology Gateway, based at the Atlantic Technological University provides Industry-focused research and development of precision engineering, manufacturing and materials technologies and innovation. We work with companies at all stages of their research and innovation journey and across the full spectrum of Technology Readiness Levels (TRLs).","The PEM Technology Gateway, based at the Atlantic Technological University provides Industry-focused research and development of precision engineering, manufacturing and materials technologies and innovation. We work with companies at all stages of their research and innovation journey and across the full spectrum of Technology Readiness Levels (TRLs).",,,,,IE
https://linkedopendata.eu/entity/Q7361304,2021IE05SFPR001_1006,Youth Justice Projects,Youth Justice Projects,Ireland,01/01/2022,31/12/2027,,120868000.0,EUR,,https://linkedopendata.eu/entity/Q7361243,,163,"Promoting social integration of people at risk of poverty or social exclusion, including the most deprived and children",,,PO04,Social Europe,ESO4.12,ESO4.12,ESF+,European Social Fund Plus,2021IE05SFPR001,EIST – IE – ESF+,,,,,,,,,,2021-2027,Youth Justice Projects engage with young people at risk of/or involved in anti-social and/or criminal behaviour and provide them with targeted supports designed to enable these young people to stop their offending and become positive contributors to society.,Youth Justice Projects engage with young people at risk of/or involved in anti-social and/or criminal behaviour and provide them with targeted supports designed to enable these young people to stop their offending and become positive contributors to society.,,,,,IE
https://linkedopendata.eu/entity/Q7361384,2021IE16JTPR001_41688,Togher: Restoration and Rehabilitation of Degraded Peatlands,Togher: Restoration and Rehabilitation of Degraded Peatlands,Ireland,11/10/2023,31/12/2026,50.0,12000000.0,EUR,6000000.0,https://linkedopendata.eu/entity/Q7361274,"53.176199987311,-6.947392978892|53.5577902,-7.3478558|52.9984575,-7.3980338|53.750748873561,-7.8038658267196|53.1361722,-7.8103408|52.4734839,-8.1614446|53.728973746337,-8.3626566419304|53.2744122,-9.0490601",79,"Nature and biodiversity protection, natural heritage and resources, green and blue infrastructure",,,PO08,Just Transition,JTF,JTF,JTF,Just Transition Fund,2021IE16JTPR001,Just Transition - IE – JTF,,IE_13190401|IE_01360421|IE_13210404|IE_01380404|IE_13100401|IE_13130402|IE_13180400|IE_13230403,Roscommon|Galway City Central|Cashel-Tipperary|Kildare|Portlaoise|Longford|Birr|Mullingar,,,"Mid-West Region|Midlands Region|West Region, Ireland|Mid-East Region, Ireland",,,IE051|IE012|IE063|IE042|IE062,2021-2027,"The scheme will undertake the following main types of activity in the JT programme area – _x000D_ (1) Rehabilitation and restoration of natural habitats and ecosystems from a degraded state. (2) Preparation of restoration, drainage, monitoring, consent plans necessary to undertake the activities listed in (1) above. (3) Engagement with people in the area to build capacity for peatland restoration activity and to understand and connect with the cultural and natural capital of the place. (4) Engagement with landowners to participate in peatland restoration schemes. (5) Engagement with contractors to develop training courses for restoration action. (6) Develop and deliver communications to demonstrate the work to wide audiences. (7) Land purchases and provision of financial incentives for restoration.","The scheme will undertake the following main types of activity in the JT programme area – _x000D_ (1) Rehabilitation and restoration of natural habitats and ecosystems from a degraded state. (2) Preparation of restoration, drainage, monitoring, consent plans necessary to undertake the activities listed in (1) above. (3) Engagement with people in the area to build capacity for peatland restoration activity and to understand and connect with the cultural and natural capital of the place. (4) Engagement with landowners to participate in peatland restoration schemes. (5) Engagement with contractors to develop training courses for restoration action. (6) Develop and deliver communications to demonstrate the work to wide audiences. (7) Land purchases and provision of financial incentives for restoration.",,,,,IE
https://linkedopendata.eu/entity/Q7361507,2021IE16RFPR001_40943,THRIVE S1 - Ballina,THRIVE S1 - Ballina,Ireland,01/06/2024,30/06/2025,60.0,200000.0,EUR,120000.0,https://linkedopendata.eu/entity/Q7361471,"53.669328,-8.9570134",169,"Territorial development initiatives, including preparation of territorial strategies",,,PO05,Europe closer to citizens,RSO5.1,RSO5.1,ERDF,European Regional Development Fund,2021IE16RFPR001,Northern and Western - IE – ERDF,,,,,,"West Region, Ireland",,,IE042,2021-2027,"This THRIVE Strand 1 project will focus on the adaptive reuse of the Walsh Street Barracks in Ballina using the Town Centre First Framework and will embrace the values of New European Bauhaus - sustainability, aesthetics, and inclusion. Using a citizen-centred approach, the project will identify a sustainable and viable end use for this vacant heritage building. A multidisciplinary team will carry out consultations, designs, surveys, and secure planning permission with the aim of creating an investment-ready proposal for a THRIVE Strand 2 application.","This THRIVE Strand 1 project will focus on the adaptive reuse of the Walsh Street Barracks in Ballina using the Town Centre First Framework and will embrace the values of New European Bauhaus - sustainability, aesthetics, and inclusion. Using a citizen-centred approach, the project will identify a sustainable and viable end use for this vacant heritage building. A multidisciplinary team will carry out consultations, designs, surveys, and secure planning permission with the aim of creating an investment-ready proposal for a THRIVE Strand 2 application.",,,,,IE
https://linkedopendata.eu/entity/Q7361429,2021IE16RFPR002_40968,"Killarney, Co. Kerry - THRIVE Strand One","Killarney, Co. Kerry - THRIVE Strand One",Ireland,01/06/2024,30/06/2025,40.0,197094.0,EUR,78837.6,https://linkedopendata.eu/entity/Q7361282,"53.41291,-8.24389",169,"Territorial development initiatives, including preparation of territorial strategies",,,PO05,Europe closer to citizens,RSO5.1,RSO5.1,ERDF,European Regional Development Fund,2021IE16RFPR002,"Southern, Eastern and Midland - IE – ERDF",,,,,Southern,,,IE05,,2021-2027,"Kerry County Council was awarded €197,094.00 under THRIVE Strand 1. This funding will be utilised to utilised to create an integrated urban strategy for Killarney using the Town Centre First Approach and incorporating the principles and values of the New European Bauhaus. The integrated urban strategy will be co-created with citizen and stakeholder and will prioritise projects for redevelopment. One project will be chosen to progress to an application for funding under THRIVE Strand 2 by completing statutory consents, planning permission, conservation reports, energy efficiency reports, archaeological and heritage studies and environmental screening reports.","Kerry County Council was awarded €197,094.00 under THRIVE Strand 1. This funding will be utilised to utilised to create an integrated urban strategy for Killarney using the Town Centre First Approach and incorporating the principles and values of the New European Bauhaus. The integrated urban strategy will be co-created with citizen and stakeholder and will prioritise projects for redevelopment. One project will be chosen to progress to an application for funding under THRIVE Strand 2 by completing statutory consents, planning permission, conservation reports, energy efficiency reports, archaeological and heritage studies and environmental screening reports.",,,,,IE
https://linkedopendata.eu/entity/Q7361448,2021IE16RFPR002_43064,ACE - Agritech Centre of Excellence SMART Regions Stream 2,ACE - Agritech Centre of Excellence SMART Regions Stream 2,Ireland,08/03/2024,08/03/2027,40.0,269605.0,EUR,107842.0,https://linkedopendata.eu/entity/Q7361294,"53.41291,-8.24389",26,"Support for innovation clusters including between businesses, research organisations and public authorities and business networks primarily benefiting SMEs",,,PO01,Smarter Europe,RSO1.3,RSO1.3,ERDF,European Regional Development Fund,2021IE16RFPR002,"Southern, Eastern and Midland - IE – ERDF",,,,,Southern,,,IE05,,2021-2027,"To support the delivery of a range of programs to increase adoption of Digitisation, Lean best practices, R&D and knowledge sharing","To support the delivery of a range of programs to increase adoption of Digitisation, Lean best practices, R&D and knowledge sharing",,,,,IE
https://linkedopendata.eu/entity/Q7361386,2021IE16RFPR002_31970,SEAM,SEAM,Ireland,01/05/2023,31/12/2029,40.0,4310400.0,EUR,1724160.0,https://linkedopendata.eu/entity/Q7361276,"53.41291,-8.24389",12,"Research and innovation activities in public research centres, higher education and centres of competence including networking (industrial research, experimental development, feasibility studies)",,,PO01,Smarter Europe,RSO1.1,RSO1.1,ERDF,European Regional Development Fund,2021IE16RFPR002,"Southern, Eastern and Midland - IE – ERDF",,,,,Southern,,,IE05,,2021-2027,"The SEAM Gateway, based in SETU Waterford, provides engineering material solutions for industry in sectors such as biomedical devices, pharmaceuticals, micro-electronics, precision engineering & construction. This operation will fund personnel in the Gateway whose role it is to increase the level of engagement with industry.","The SEAM Gateway, based in SETU Waterford, provides engineering material solutions for industry in sectors such as biomedical devices, pharmaceuticals, micro-electronics, precision engineering & construction. This operation will fund personnel in the Gateway whose role it is to increase the level of engagement with industry.",,,,,IE
https://linkedopendata.eu/entity/Q7361383,2021IE16JTPR001_43697,Grand Canal Getaway,Grand Canal Getaway,Ireland,08/01/2024,31/01/2025,50.0,13474.45,EUR,6737.23,https://linkedopendata.eu/entity/Q7361273,"53.1361722,-7.8103408",21,"SME business development and internationalisation, including productive investments",,,PO08,Just Transition,JTF,JTF,JTF,Just Transition Fund,2021IE16JTPR001,Just Transition - IE – JTF,,IE_13180400,Birr,,,Midlands Region,,,IE012|IE063,2021-2027,This project is for the funding of a planning application for a project which proposes to redevelop and repurpose existing _x000D_ rubble masonry farm outbuildings built in the late 1800s into low carbon self-catering_x000D_ accommodation which will support ecological restoration by removing derelict former_x000D_ agricultural buildings and planting native flora and fauna.,This project is for the funding of a planning application for a project which proposes to redevelop and repurpose existing _x000D_ rubble masonry farm outbuildings built in the late 1800s into low carbon self-catering_x000D_ accommodation which will support ecological restoration by removing derelict former_x000D_ agricultural buildings and planting native flora and fauna.,,,,,IE
https://linkedopendata.eu/entity/Q7361415,2021IE16RFPR002_37294,MTU CyberInnovate - Innovators Initiative,MTU CyberInnovate - Innovators Initiative,Ireland,01/01/2024,31/12/2029,40.0,6980143.0,EUR,2792057.2,https://linkedopendata.eu/entity/Q4384945,"53.41291,-8.24389",12,"Research and innovation activities in public research centres, higher education and centres of competence including networking (industrial research, experimental development, feasibility studies)",,,PO01,Smarter Europe,RSO1.1,RSO1.1,ERDF,European Regional Development Fund,2021IE16RFPR002,"Southern, Eastern and Midland - IE – ERDF",,,,,Southern,,,IE05,,2021-2027,CyberInnovate is an entrepreneurial education and training programme for mid-career professionals using design thinking-based methodologies coupled with immersion in relevant settings to identify and prioritise commercially significant needs with potential for further development in the cybersecurity sector.,CyberInnovate is an entrepreneurial education and training programme for mid-career professionals using design thinking-based methodologies coupled with immersion in relevant settings to identify and prioritise commercially significant needs with potential for further development in the cybersecurity sector.,,,,,IE
https://linkedopendata.eu/entity/Q7361325,2021IE16JTPR001_41607,Computer Science in Every Secondary School in Co. Longford – Creating the Demand – Shaping Our County’s Future,Computer Science in Every Secondary School in Co. Longford – Creating the Demand – Shaping Our County’s Future,Ireland,01/05/2024,31/03/2026,50.0,840933.33,EUR,420466.66,https://linkedopendata.eu/entity/Q7361234,"53.750748873561,-7.8038658267196",169,"Territorial development initiatives, including preparation of territorial strategies",,,PO08,Just Transition,JTF,JTF,JTF,Just Transition Fund,2021IE16JTPR001,Just Transition - IE – JTF,,IE_13130402,Longford,,,Midlands Region,,,IE012|IE063,2021-2027,To fund the project 'Computer Science in every secondary school in Co Longford- Creating the Demand- Shaping the country's future'. The applicant will roll out an existing tried and tested programme of support to primary and secondary schools in the Longford County.,To fund the project 'Computer Science in every secondary school in Co Longford- Creating the Demand- Shaping the country's future'. The applicant will roll out an existing tried and tested programme of support to primary and secondary schools in the Longford County.,,,,,IE
https://linkedopendata.eu/entity/Q7361445,2021IE16RFPR002_43066,RDI Hub SMART Regions Stream 3,RDI Hub SMART Regions Stream 3,Ireland,18/06/2024,18/06/2027,40.0,1000000.0,EUR,400000.0,https://linkedopendata.eu/entity/Q7361292,"53.41291,-8.24389",26,"Support for innovation clusters including between businesses, research organisations and public authorities and business networks primarily benefiting SMEs",,,PO01,Smarter Europe,RSO1.3,RSO1.3,ERDF,European Regional Development Fund,2021IE16RFPR002,"Southern, Eastern and Midland - IE – ERDF",,,,,Southern,,,IE05,,2021-2027,"Delivery of AI Masterclassess, 1-1 AI Consultation, AI Strategy Workshops and AI Training Programmes to Start?ups, Scale-ups, SMEs & Corporates","Delivery of AI Masterclassess, 1-1 AI Consultation, AI Strategy Workshops and AI Training Programmes to Start?ups, Scale-ups, SMEs & Corporates",,,,,IE
https://linkedopendata.eu/entity/Q7361508,2021IE16RFPR001_40351,Atlantic Technological University ATU,Atlantic Technological University ATU,Ireland,01/01/2024,31/12/2028,60.0,19600000.0,EUR,11760000.0,https://linkedopendata.eu/entity/Q7361472,"53.963472222222,-7.3574444444444",12,"Research and innovation activities in public research centres, higher education and centres of competence including networking (industrial research, experimental development, feasibility studies)",,,PO01,Smarter Europe,RSO1.1,RSO1.1,ERDF,European Regional Development Fund,2021IE16RFPR001,Northern and Western - IE – ERDF,,,,,,Border Region,,,IE041,2021-2027,"RISE@ATU invests European Regional Development Funds to progress Ireland’s Smart Specialisation Strategy for Innovation (S3) in the Northern and Western region. RISE@ATU will advance institutional Research and Innovation (R&I) capacity while delivering tangible ecosystem supports empowering diverse beneficiaries, and ultimately fostering regional prosperity and cohesion. By stimulating economic growth, fostering innovation ecosystems, and promoting collaboration, RISE@ATU will catalyse regional development.","RISE@ATU invests European Regional Development Funds to progress Ireland’s Smart Specialisation Strategy for Innovation (S3) in the Northern and Western region. RISE@ATU will advance institutional Research and Innovation (R&I) capacity while delivering tangible ecosystem supports empowering diverse beneficiaries, and ultimately fostering regional prosperity and cohesion. By stimulating economic growth, fostering innovation ecosystems, and promoting collaboration, RISE@ATU will catalyse regional development.",,,,,IE
https://linkedopendata.eu/entity/Q7361360,2021IE16JTPR001_42523,Birr Town Enhancement Project,Birr Town Enhancement Project,Ireland,01/12/2024,30/06/2025,50.0,188183.0,EUR,94091.5,https://linkedopendata.eu/entity/Q7361226,"53.1361722,-7.8103408",21,"SME business development and internationalisation, including productive investments",,,PO08,Just Transition,JTF,JTF,JTF,Just Transition Fund,2021IE16JTPR001,Just Transition - IE – JTF,,IE_13180400,Birr,,,Midlands Region,,,IE012|IE063,2021-2027,Improvements to William Street leading to the new to the new entrance to Birr Castle. The aim of this project is to make the entrance to the castle more visible and more easily accessible than the current narrow footpath that runs from the old entrance along the castle wall.,Improvements to William Street leading to the new to the new entrance to Birr Castle. The aim of this project is to make the entrance to the castle more visible and more easily accessible than the current narrow footpath that runs from the old entrance along the castle wall.,,,,,IE
https://linkedopendata.eu/entity/Q7361452,2021IE16RFPR002_42944,Mol Teic SMART Regions Stream 4 Feasibility,Mol Teic SMART Regions Stream 4 Feasibility,Ireland,29/04/2024,29/04/2025,40.0,39840.0,EUR,15936.0,https://linkedopendata.eu/entity/Q7361297,"53.41291,-8.24389",26,"Support for innovation clusters including between businesses, research organisations and public authorities and business networks primarily benefiting SMEs",,,PO01,Smarter Europe,RSO1.3,RSO1.3,ERDF,European Regional Development Fund,2021IE16RFPR002,"Southern, Eastern and Midland - IE – ERDF",,,,,Southern,,,IE05,,2021-2027,"Feasibility Study to scope out and research a future Smart Region Stream 3 application to develop a range of bespoke supports for the food sector, leading to more sustainable enterprises","Feasibility Study to scope out and research a future Smart Region Stream 3 application to develop a range of bespoke supports for the food sector, leading to more sustainable enterprises",,,,,IE
https://linkedopendata.eu/entity/Q7361501,2021IE16RFPR001_40956,THRIVE - S1 Leitrim,THRIVE - S1 Leitrim,Ireland,01/06/2024,30/06/2025,60.0,130540.0,EUR,78324.0,https://linkedopendata.eu/entity/Q7361467,"53.963472222222,-7.3574444444444",169,"Territorial development initiatives, including preparation of territorial strategies",,,PO05,Europe closer to citizens,RSO5.1,RSO5.1,ERDF,European Regional Development Fund,2021IE16RFPR001,Northern and Western - IE – ERDF,,,,,,Border Region,,,IE041,2021-2027,"This THRIVE Strand 1 project will enhance the Carrick-on-Shannon Town Centre First Plan (Integrated Urban Strategy) using the Town Centre First Framework and will embrace the values of New European Bauhaus - sustainability, aesthetics, and inclusion The project will focus on Town Hall and by using a citizen-centred approach, identify a viable and sustainable end use for this heritage building. A multidisciplinary team will carry out a feasibility study, consultations, designs, surveys, and secure planning permission with the aim of creating an investment-ready proposal for a THRIVE Strand 2 application.","This THRIVE Strand 1 project will enhance the Carrick-on-Shannon Town Centre First Plan (Integrated Urban Strategy) using the Town Centre First Framework and will embrace the values of New European Bauhaus - sustainability, aesthetics, and inclusion The project will focus on Town Hall and by using a citizen-centred approach, identify a viable and sustainable end use for this heritage building. A multidisciplinary team will carry out a feasibility study, consultations, designs, surveys, and secure planning permission with the aim of creating an investment-ready proposal for a THRIVE Strand 2 application.",,,,,IE
https://linkedopendata.eu/entity/Q7361318,2021IE16JTPR001_41147,Ballaghaderreen Just Transition Hub,Ballaghaderreen Just Transition Hub,Ireland,01/05/2024,31/03/2026,50.0,1000000.0,EUR,500000.0,https://linkedopendata.eu/entity/Q7361229|https://linkedopendata.eu/entity/Q7361244,"53.728973746337,-8.3626566419304",169,"Territorial development initiatives, including preparation of territorial strategies",,,PO08,Just Transition,JTF,JTF,JTF,Just Transition Fund,2021IE16JTPR001,Just Transition - IE – JTF,,IE_13190401,Roscommon,,,"West Region, Ireland",,,IE042,2021-2027,"Located on the Sligo road in Ballaghaderreen, County Roscommon, this partially completed filling station was recently purchased by Roscommon County Council along with 13 derelict houses in Shannon Valley, Ballaghaderreen. This property has laid unfinished for over 10 years. The proposed project aims to transform this long abandoned building in Ballaghaderreen into a vibrant training, upskilling and community hub catering for the region, including travellers, non-national and indigenous population by fostering inclusivity and promoting cultural exchange. This initiative seeks to create a space that reflects the rich diversity of the community.","Located on the Sligo road in Ballaghaderreen, County Roscommon, this partially completed filling station was recently purchased by Roscommon County Council along with 13 derelict houses in Shannon Valley, Ballaghaderreen. This property has laid unfinished for over 10 years. The proposed project aims to transform this long abandoned building in Ballaghaderreen into a vibrant training, upskilling and community hub catering for the region, including travellers, non-national and indigenous population by fostering inclusivity and promoting cultural exchange. This initiative seeks to create a space that reflects the rich diversity of the community.",,,,,IE
https://linkedopendata.eu/entity/Q7361329,2021IE16JTPR001_41634,AquaQuiet – Development and deployment of an offshore piling noise mitigation system,AquaQuiet – Development and deployment of an offshore piling noise mitigation system,Ireland,01/07/2024,31/03/2026,50.0,299439.5,EUR,149719.75,https://linkedopendata.eu/entity/Q7361239,"52.4734839,-8.1614446",169,"Territorial development initiatives, including preparation of territorial strategies",,,PO08,Just Transition,JTF,JTF,JTF,Just Transition Fund,2021IE16JTPR001,Just Transition - IE – JTF,,IE_13210404,Cashel-Tipperary,,,Mid-West Region,,,IE051,2021-2027,To fund the development and deployment of an offshore piling noise mitigation system named AquaQuiet.,To fund the development and deployment of an offshore piling noise mitigation system named AquaQuiet.,,,,,IE
https://linkedopendata.eu/entity/Q7361510,2021IE16RFPR001_33774,ATU KT Boost,ATU KT Boost,Ireland,01/01/2024,31/12/2027,60.0,1532020.0,EUR,919212.0,https://linkedopendata.eu/entity/Q7361472,"53.963472222222,-7.3574444444444",28,"Technology transfer and cooperation between enterprises, research centres and higher education sector",,,PO01,Smarter Europe,RSO1.1,RSO1.1,ERDF,European Regional Development Fund,2021IE16RFPR001,Northern and Western - IE – ERDF,,,,,,Border Region,,,IE041,2021-2027,"To further the development of the capacity and capability in Atlantic Technological University to support knowledge and technology transfer and associated outcomes, increase knowledge transfer outcomes within the sector and enhance associated operational quality across the sector.","To further the development of the capacity and capability in Atlantic Technological University to support knowledge and technology transfer and associated outcomes, increase knowledge transfer outcomes within the sector and enhance associated operational quality across the sector.",,,,,IE
https://linkedopendata.eu/entity/Q7361377,2021IE16JTPR001_43331,Laois County Council Tourism Activator,Laois County Council Tourism Activator,Ireland,01/01/2024,31/12/2026,50.0,290462.0,EUR,145231.0,https://linkedopendata.eu/entity/Q7361227,"52.9984575,-7.3980338",21,"SME business development and internationalisation, including productive investments",,,PO08,Just Transition,JTF,JTF,JTF,Just Transition Fund,2021IE16JTPR001,Just Transition - IE – JTF,,IE_13100401,Portlaoise,,,Midlands Region,,,IE012|IE063,2021-2027,Provide EU JTF funds to the amount specified to employ an EU JTF County Tourism Activator on a special-purpose 3-year fixed term contract and an operational budget.,Provide EU JTF funds to the amount specified to employ an EU JTF County Tourism Activator on a special-purpose 3-year fixed term contract and an operational budget.,,,,,IE
https://linkedopendata.eu/entity/Q7361358,2021IE16JTPR001_42493,BNM Development Grant,BNM Development Grant,Ireland,31/07/2023,31/08/2025,50.0,3641408.0,EUR,1820704.0,https://linkedopendata.eu/entity/Q7361266,"53.176199987311,-6.947392978892",73,Rehabilitation of industrial sites and contaminated land,,,PO08,Just Transition,JTF,JTF,JTF,Just Transition Fund,2021IE16JTPR001,Just Transition - IE – JTF,,IE_01380404,Kildare,,,"Mid-East Region, Ireland",,,IE062,2021-2027,"The purpose of the Project is to bring to planning stage a minimum of 60km and up to 79km of universally accessible “rollable” new cycle trails across the Grantee’s lands (the “Project Property”) to significantly improve the tourism offering in the Midlands as a regenerative tourism destination supporting the creation of new jobs in ancillary related activities e.g. bike hire, hospitality services, visitor attractions and activities. The Development Phase consists of a series of preparation measures covering: Environmental assessments and screenings, Technical feasibility studies, Detailed trail audits and design, Interpretation and wayfinding strategies, and Retraining and skills development for former peat workers","The purpose of the Project is to bring to planning stage a minimum of 60km and up to 79km of universally accessible “rollable” new cycle trails across the Grantee’s lands (the “Project Property”) to significantly improve the tourism offering in the Midlands as a regenerative tourism destination supporting the creation of new jobs in ancillary related activities e.g. bike hire, hospitality services, visitor attractions and activities. The Development Phase consists of a series of preparation measures covering: Environmental assessments and screenings, Technical feasibility studies, Detailed trail audits and design, Interpretation and wayfinding strategies, and Retraining and skills development for former peat workers",,,,,IE
https://linkedopendata.eu/entity/Q7361422,2021IE16RFPR002_41052,"Dun Laoghaire, Dublin - THRIVE Strand One","Dun Laoghaire, Dublin - THRIVE Strand One",Ireland,01/06/2024,30/06/2025,40.0,200000.0,EUR,80000.0,https://linkedopendata.eu/entity/Q7361279,"53.3979685,-7.0276759",169,"Territorial development initiatives, including preparation of territorial strategies",,,PO05,Europe closer to citizens,RSO5.1,RSO5.1,ERDF,European Regional Development Fund,2021IE16RFPR002,"Southern, Eastern and Midland - IE – ERDF",,,,,Eastern and Midland,,,IE06,,2021-2027,"Dún Laoghaire Rathdown County Council was awarded €200,000 under THRIVE Strand 1. This funding will be utilised to develop a new integrated urban strategy for George’s Place and Kelly’s Avenue, Dún Laoghaire, to identify a pipeline of projects for regeneration and to bring one project to a stage of readiness to be included in a THRIVE Strand 2 application. The development of the integrated urban strategy will use a bottom-up and participatory approach and will embed the values of the New European Bauhaus. Citizen and stakeholder engagement will include a workshop or event with a broad spectrum of the community. Preliminary design work, site investigations, conservation civil and structural engineer reports, conservation report, architectural heritage impact assessment, mechanical and electrical reports, energy upgrade retrofit strategy, disability access strategy and fire safety strategy, environmental screening and preparation of a planning application will be conducted for a selected heritage building project to ensure this project is investment ready and can be included within a THRIVE Strand 2 application.","Dún Laoghaire Rathdown County Council was awarded €200,000 under THRIVE Strand 1. This funding will be utilised to develop a new integrated urban strategy for George’s Place and Kelly’s Avenue, Dún Laoghaire, to identify a pipeline of projects for regeneration and to bring one project to a stage of readiness to be included in a THRIVE Strand 2 application. The development of the integrated urban strategy will use a bottom-up and participatory approach and will embed the values of the New European Bauhaus. Citizen and stakeholder engagement will include a workshop or event with a broad spectrum of the community. Preliminary design work, site investigations, conservation civil and structural engineer reports, conservation report, architectural heritage impact assessment, mechanical and electrical reports, energy upgrade retrofit strategy, disability access strategy and fire safety strategy, environmental screening and preparation of a planning application will be conducted for a selected heritage building project to ensure this project is investment ready and can be included within a THRIVE Strand 2 application.",,,,,IE
https://linkedopendata.eu/entity/Q7361427,2021IE16RFPR002_41033,"Drogheda, Co. Louth - THRIVE Strand One","Drogheda, Co. Louth - THRIVE Strand One",Ireland,01/06/2024,30/06/2025,40.0,200000.0,EUR,80000.0,https://linkedopendata.eu/entity/Q4365321,"53.3979685,-7.0276759",169,"Territorial development initiatives, including preparation of territorial strategies",,,PO05,Europe closer to citizens,RSO5.1,RSO5.1,ERDF,European Regional Development Fund,2021IE16RFPR002,"Southern, Eastern and Midland - IE – ERDF",,,,,Eastern and Midland,,,IE06,,2021-2027,"Louth County Council was awarded €200,000 under THRIVE Strand 1. This funding will be utilised to enhance the Urban Design Framework for the Heritage Quarter, Drogheda 2013, to identify a pipeline of projects for regeneration and to bring one project to a stage of readiness to be included in a THRIVE Strand 2 application. A multi-disciplinary design team will undertake stakeholder engagement including co-creation activities by generating ideas to maximise opportunities to address the needs in the community. Stakeholders will select one project to progress for THRIVE Stand 2 funding. A preliminary design, planning approval, feasibility study, demand analysis, business case, preliminary costings, architectural and archaeological surveys will be completed for this project.","Louth County Council was awarded €200,000 under THRIVE Strand 1. This funding will be utilised to enhance the Urban Design Framework for the Heritage Quarter, Drogheda 2013, to identify a pipeline of projects for regeneration and to bring one project to a stage of readiness to be included in a THRIVE Strand 2 application. A multi-disciplinary design team will undertake stakeholder engagement including co-creation activities by generating ideas to maximise opportunities to address the needs in the community. Stakeholders will select one project to progress for THRIVE Stand 2 funding. A preliminary design, planning approval, feasibility study, demand analysis, business case, preliminary costings, architectural and archaeological surveys will be completed for this project.",,,,,IE
https://linkedopendata.eu/entity/Q7361433,2021IE16RFPR002_40923,"Thurles, Tipperary - Strand One","Thurles, Tipperary - Strand One",Ireland,01/06/2024,30/06/2025,40.0,190460.0,EUR,76184.0,https://linkedopendata.eu/entity/Q7361230,"53.41291,-8.24389",169,"Territorial development initiatives, including preparation of territorial strategies",,,PO05,Europe closer to citizens,RSO5.1,RSO5.1,ERDF,European Regional Development Fund,2021IE16RFPR002,"Southern, Eastern and Midland - IE – ERDF",,,,,Southern,,,IE05,,2021-2027,"Tipperary County Council was awarded €190,460.00 under THRIVE Strand 1.This funding will be utilised to enhance the Thurles Town Centre Renewal Strategy 2021, to identify projects that promote the conservation and adaptive reuse of the built heritage stock while reducing vacancy and dereliction in the town centre, to create a pipeline of investment ready built heritage projects, and to bring one of these projects to the stage of readiness where it can be included in a THRIVE Strand 2 application. This THRIVE Strand 1 project will involve stakeholder and citizen engagement to co-create the enhanced integrated urban strategy, to explore local needs and opportunities and to co-design a viable and sustainable end use for one building project to be put forward for funding under THRIVE Strand 2.","Tipperary County Council was awarded €190,460.00 under THRIVE Strand 1.This funding will be utilised to enhance the Thurles Town Centre Renewal Strategy 2021, to identify projects that promote the conservation and adaptive reuse of the built heritage stock while reducing vacancy and dereliction in the town centre, to create a pipeline of investment ready built heritage projects, and to bring one of these projects to the stage of readiness where it can be included in a THRIVE Strand 2 application. This THRIVE Strand 1 project will involve stakeholder and citizen engagement to co-create the enhanced integrated urban strategy, to explore local needs and opportunities and to co-design a viable and sustainable end use for one building project to be put forward for funding under THRIVE Strand 2.",,,,,IE
https://linkedopendata.eu/entity/Q7361368,2021IE16JTPR001_43317,Clonmacnoise,Clonmacnoise,Ireland,07/01/2024,31/12/2026,50.0,7800000.0,EUR,3900000.0,https://linkedopendata.eu/entity/Q7361270,"53.1361722,-7.8103408",21,"SME business development and internationalisation, including productive investments",,,PO08,Just Transition,JTF,JTF,JTF,Just Transition Fund,2021IE16JTPR001,Just Transition - IE – JTF,,IE_13180400,Birr,,,Midlands Region,,,IE012|IE063,2021-2027,"Redevelopment of the visitor centre at the high-profile site of Clonmacnoise, including both_x000D_ refurbishment and extension to buildings, to increase capacity, improve visitor management and_x000D_ enhance the experience for visitors.","Redevelopment of the visitor centre at the high-profile site of Clonmacnoise, including both_x000D_ refurbishment and extension to buildings, to increase capacity, improve visitor management and_x000D_ enhance the experience for visitors.",,,,,IE
https://linkedopendata.eu/entity/Q7361337,2021IE16JTPR001_41645,"Upgrading of facilities, and staff up-skilling/training for conversion","Upgrading of facilities, and staff up-skilling/training for conversion",Ireland,01/07/2024,31/03/2026,50.0,171732.86,EUR,85866.43,https://linkedopendata.eu/entity/Q7361251,"53.1361722,-7.8103408",169,"Territorial development initiatives, including preparation of territorial strategies",,,PO08,Just Transition,JTF,JTF,JTF,Just Transition Fund,2021IE16JTPR001,Just Transition - IE – JTF,,IE_13180400,Birr,,,Midlands Region,,,IE012|IE063,2021-2027,"To fund infrastructure adaptations, equipment and the salaries of three technicians in full Electric and Hybrid Electrical vehicle manufacturing processes. The project will equip them to safely decommission and recommission the high voltage system within these vehicles during the conversion process. Additionally, the project will provide necessary safety equipment and tools for the safe conversion of electric vehicles for the emergency services of Ireland. Furthermore, it entails the setup of three fully equipped specialised conversion bays within the facility to conduct the auto electrical aspect of the conversion in a secure working environment.","To fund infrastructure adaptations, equipment and the salaries of three technicians in full Electric and Hybrid Electrical vehicle manufacturing processes. The project will equip them to safely decommission and recommission the high voltage system within these vehicles during the conversion process. Additionally, the project will provide necessary safety equipment and tools for the safe conversion of electric vehicles for the emergency services of Ireland. Furthermore, it entails the setup of three fully equipped specialised conversion bays within the facility to conduct the auto electrical aspect of the conversion in a secure working environment.",,,,,IE
https://linkedopendata.eu/entity/Q7361431,2021IE16RFPR002_40964,"Shandon, Cork City - THRIVE Strand One","Shandon, Cork City - THRIVE Strand One",Ireland,01/06/2024,30/06/2025,40.0,198838.1,EUR,79535.24,https://linkedopendata.eu/entity/Q7361283,"53.41291,-8.24389",169,"Territorial development initiatives, including preparation of territorial strategies",,,PO05,Europe closer to citizens,RSO5.1,RSO5.1,ERDF,European Regional Development Fund,2021IE16RFPR002,"Southern, Eastern and Midland - IE – ERDF",,,,,Southern,,,IE05,,2021-2027,"Cork City Council was awarded €198,838.10 under THRIVE Strand 1. This funding will be utilised to develop an integrated urban strategy for the Shandon Area of Cork City, to include a historic character assessment. As part of this project, Cork City Council will establish a new Shandon Neighbourhood team to co-design the strategy using a Town Centre First approach and incorporating the values and principles of the New European Bauhaus. Once the strategy is complete, one heritage building project will be prioritised and the remainder of the funding will be utilised to undertake enabling works, surveys and the conservation approach in preparation for an application for funding under THRIVE Strand 2.","Cork City Council was awarded €198,838.10 under THRIVE Strand 1. This funding will be utilised to develop an integrated urban strategy for the Shandon Area of Cork City, to include a historic character assessment. As part of this project, Cork City Council will establish a new Shandon Neighbourhood team to co-design the strategy using a Town Centre First approach and incorporating the values and principles of the New European Bauhaus. Once the strategy is complete, one heritage building project will be prioritised and the remainder of the funding will be utilised to undertake enabling works, surveys and the conservation approach in preparation for an application for funding under THRIVE Strand 2.",,,,,IE
https://linkedopendata.eu/entity/Q7361456,2021IE16RFPR002_42796,Cork Biomanufacturing Park SMART Regions Stream 4 Priming,Cork Biomanufacturing Park SMART Regions Stream 4 Priming,Ireland,12/07/2024,12/07/2025,40.0,200000.0,EUR,80000.0,https://linkedopendata.eu/entity/Q7361301,"53.41291,-8.24389",26,"Support for innovation clusters including between businesses, research organisations and public authorities and business networks primarily benefiting SMEs",,,PO01,Smarter Europe,RSO1.3,RSO1.3,ERDF,European Regional Development Fund,2021IE16RFPR002,"Southern, Eastern and Midland - IE – ERDF",,,,,Southern,,,IE05,,2021-2027,To confirm the opportunity for the Southern Region to create Cork Biomanufacturing Park as the anchor for a new Precision Fermentation Biomanufacturing sector.,To confirm the opportunity for the Southern Region to create Cork Biomanufacturing Park as the anchor for a new Precision Fermentation Biomanufacturing sector.,,,,,IE
https://linkedopendata.eu/entity/Q7361338,2021IE16JTPR001_41647,To introduce a new format straw product to market that can be used as a horticultural peat replacement,To introduce a new format straw product to market that can be used as a horticultural peat replacement,Ireland,01/07/2024,31/03/2026,50.0,300000.0,EUR,150000.0,https://linkedopendata.eu/entity/Q7361252,"53.176199987311,-6.947392978892",169,"Territorial development initiatives, including preparation of territorial strategies",,,PO08,Just Transition,JTF,JTF,JTF,Just Transition Fund,2021IE16JTPR001,Just Transition - IE – JTF,,IE_01380404,Kildare,,,"Mid-East Region, Ireland",,,IE062,2021-2027,"To fund the purchase of equipment, introduce a new format straw product to the market which can be used as a horticultural peat replacement. The proposed product takes the form of a first-generation straw bale mulch product in a similar form to the former 100 litre peat compost bale. The equipment will enable the company to purchase equipment to enter the peat replacement market.","To fund the purchase of equipment, introduce a new format straw product to the market which can be used as a horticultural peat replacement. The proposed product takes the form of a first-generation straw bale mulch product in a similar form to the former 100 litre peat compost bale. The equipment will enable the company to purchase equipment to enter the peat replacement market.",,,,,IE
https://linkedopendata.eu/entity/Q7361412,2021IE16RFPR002_34006,MTU KT Boost,MTU KT Boost,Ireland,01/01/2024,31/12/2027,40.0,1162075.0,EUR,464830.0,https://linkedopendata.eu/entity/Q4384945,"53.41291,-8.24389",28,"Technology transfer and cooperation between enterprises, research centres and higher education sector",,,PO01,Smarter Europe,RSO1.1,RSO1.1,ERDF,European Regional Development Fund,2021IE16RFPR002,"Southern, Eastern and Midland - IE – ERDF",,,,,Southern,,,IE05,,2021-2027,"To further the development of the capacity and capability in Munster Technological University to support knowledge and technology transfer and associated outcomes, increase knowledge transfer outcomes within the sector and enhance associated operational quality across the sector.","To further the development of the capacity and capability in Munster Technological University to support knowledge and technology transfer and associated outcomes, increase knowledge transfer outcomes within the sector and enhance associated operational quality across the sector.",,,,,IE
https://linkedopendata.eu/entity/Q7361440,2021IE16RFPR002_41853,Navan County Archive & Community Hub – THRIVE Strand Two,Navan County Archive & Community Hub – THRIVE Strand Two,Ireland,04/05/2024,31/08/2027,40.0,7000000.0,EUR,2800000.0,https://linkedopendata.eu/entity/Q7361286,"53.3979685,-7.0276759",168,Physical regeneration and security of public spaces,,,PO05,Europe closer to citizens,RSO5.1,RSO5.1,ERDF,European Regional Development Fund,2021IE16RFPR002,"Southern, Eastern and Midland - IE – ERDF",,,,,Eastern and Midland,,,IE06,,2021-2027,"Refurbishment, renovation and adaptive reuse of St Finian’s Seminary Study Hall, a vacant or derelict heritage building owned by Meath County Council in Navan, County Meath to create a Community Hub & County Archive, that will have a positive and transformative impact on the urban centre and reduce vacancy and dereliction. • St Finian’s Seminary Study Hall was identified for regeneration in the Integrated Urban Strategy – Navan Railway Lands Urban Design Plan and Conservation Management Plans 2019. • The regeneration of St Finian’s Seminary Study Hall will promote the values and working principles of the New European Bauhaus by ensuring the regeneration of St Finian’s Seminary Study Hall will be beautiful, sustainable and inclusive and was conceived and developed with a reinforced citizen and stakeholder involvement. • The regeneration of St Finian’s Seminary Study Hall will promote the implementation of circular economy principles and high-quality heritage-led regeneration and conservation outcomes in the built environment.","Refurbishment, renovation and adaptive reuse of St Finian’s Seminary Study Hall, a vacant or derelict heritage building owned by Meath County Council in Navan, County Meath to create a Community Hub & County Archive, that will have a positive and transformative impact on the urban centre and reduce vacancy and dereliction. • St Finian’s Seminary Study Hall was identified for regeneration in the Integrated Urban Strategy – Navan Railway Lands Urban Design Plan and Conservation Management Plans 2019. • The regeneration of St Finian’s Seminary Study Hall will promote the values and working principles of the New European Bauhaus by ensuring the regeneration of St Finian’s Seminary Study Hall will be beautiful, sustainable and inclusive and was conceived and developed with a reinforced citizen and stakeholder involvement. • The regeneration of St Finian’s Seminary Study Hall will promote the implementation of circular economy principles and high-quality heritage-led regeneration and conservation outcomes in the built environment.",,,,,IE
https://linkedopendata.eu/entity/Q7361400,2021IE16RFPR002_31845,CAPPA,CAPPA,Ireland,01/05/2023,31/12/2029,40.0,2161200.0,EUR,864480.0,https://linkedopendata.eu/entity/Q4384945,"53.41291,-8.24389",12,"Research and innovation activities in public research centres, higher education and centres of competence including networking (industrial research, experimental development, feasibility studies)",,,PO01,Smarter Europe,RSO1.1,RSO1.1,ERDF,European Regional Development Fund,2021IE16RFPR002,"Southern, Eastern and Midland - IE – ERDF",,,,,Southern,,,IE05,,2021-2027,"The CAPPA Gateway applies photonics solutions to industry in a wide range of sectors, including medical devices and technologies, pharmaceutical manufacturing, food & beverage technologies and electronics and telecommunications. This operation will fund personnel in the Gateway whose role it is to increase the level of engagement with industry.","The CAPPA Gateway applies photonics solutions to industry in a wide range of sectors, including medical devices and technologies, pharmaceutical manufacturing, food & beverage technologies and electronics and telecommunications. This operation will fund personnel in the Gateway whose role it is to increase the level of engagement with industry.",,,,,IE
