Operation_Unique_Identifier,Operation_Local_Identifier,Operation_Name_English,Operation_Name_Programme_Language,Country,Operation_Start_Date,Operation_End_Date,Cofinancing_Rate,Total_Eligible_Expenditure_amount,Total_Eligible_Expenditure_Currency,Project_EU_Budget,Beneficiary_Unique_Identifier,Location_Indicator_latitude_longitude,Category_Of_Intervention,Category_Label,Thematic_Objective_ID,Thematic_Objective_Label,Policy_Objective_ID,Policy_Objective_Label,Specific_Objective_ID,Specific_Objective_Label,Fund_Code,Fund_Name,Programme_Code,Programme_Name,Postal_Code,LAU_IDs,LAU_Labels,NUTS1_Label,NUTS2_Label,NUTS3_Label,NUTS1_Code,NUTS2_Code,NUTS3_Code,Programming_Period,Operation_Summary_English,Operation_Summary_Programme_Language,ManagingAuthority,Image_URL,InfoRegio_ID,InfoRegio_URL,CountryCode
https://linkedopendata.eu/entity/Q7503613,2021LU05FFPR001_2010,Height Training,Height Training,Luxembourg,01/07/2023,30/06/2025,40.0,163000.0,EUR,65200.0,https://linkedopendata.eu/entity/Q7503579,"49.521188235059,6.0845686331659",146,"Support for adaptation of workers, enterprises and entrepreneurs to change",,,PO04,Social Europe,ESO4.7,ESO4.7,ESF+,European Social Fund Plus,2021LU05FFPR001,Investing in the Future - LU - ESF+/JTF,,LU_0201,Bettembourg,,,Luxembourg,,,LU000,2021-2027,"Given the technical developments in construction, especially with prefabrication, employees are required to work more and more at height. On construction sites, it is not always possible to place collective protections, therefore the only way to protect the employee against falling at height remains the wearing of personal protection because a fall of an employee often has a fatal outcome for the latter. It is therefore essential to train employees in the sector to wear this personal protection. The aim of the project is therefore to raise awareness among employees in the construction sector of the risks of falls from a height and to take appropriate preventive measures.","Compte tenu des évolutions techniques de construction notamment avec la préfabrication, les salariés sont amenés à travailler de plus en plus en hauteur. Sur les chantiers de construction, il n'est pas toujours possible de placer des protections collectives, par conséquent le seul moyen pour protéger le salarié contre la chute en hauteur reste le port de la protection individuelle car une chute d'un salarié a souvent une issue fatale pour ce dernier. Il est donc indispensable de former les salariés du secteur au port de cette protection individuelle. Le but du projet est donc de sensibiliser les salariés du secteur de la construction aux risques de chutes de hauteur et à prendre les mesures de prévention appropriées.",,,,,LU
https://linkedopendata.eu/entity/Q7503641,2021LU05FFPR001_2061,Community with Impact,Community with Impact,Luxembourg,01/01/2025,31/12/2026,70.0,210000.0,EUR,147000.0,https://linkedopendata.eu/entity/Q7503576,"49.61407716459,6.1267143840571",138,Support for social economy and social enterprises,,,PO04,Social Europe,ESO4.7,ESO4.7,ESF+,European Social Fund Plus,2021LU05FFPR001,Investing in the Future - LU - ESF+/JTF,,LU_0304,Luxembourg,,,Luxembourg,,,LU000,2021-2027,"Community With Impact This project aims to strengthen links between companies and SSE structures in Luxembourg through sustainable partnerships. It promotes responsible purchasing and values the social and environmental impact of SSE structures. On the agenda: 2 speed meetings for 140 participants, 4 preparatory workshops, 1 partnership guide and a Commitment Day. Objectives: 80 partnerships created, 40 SSE structures supported, 200 participants involved. This project acts as a lever for societal impact through intersectoral cooperation.","Community With Impact Ce projet vise à renforcer les liens entre entreprises et structures de l’ESS au Luxembourg via des partenariats durables. Il promeut les achats responsables et valorise l’impact social et environnemental des structures ESS. Au programme : 2 speed meetings pour 140 participant·es, 4 workshops préparatoires, 1 guide des partenariats et une Journée de l’Engagement. Objectifs : 80 partenariats créés, 40 structures ESS accompagnées, 200 participant·es impliqué·es. Ce projet agit comme levier d’impact sociétal via la coopération intersectorielle.",,,,,LU
https://linkedopendata.eu/entity/Q7503619,2021LU05FFPR001_2022,Languages and cultures,Langues et cultures,Luxembourg,01/07/2023,31/12/2025,40.0,67500.0,EUR,27000.0,https://linkedopendata.eu/entity/Q7503577,"49.61407716459,6.1267143840571",163,"Promoting social integration of people at risk of poverty or social exclusion, including the most deprived and children",,,PO04,Social Europe,ESO4.6,ESO4.6,ESF+,European Social Fund Plus,2021LU05FFPR001,Investing in the Future - LU - ESF+/JTF,,LU_0304,Luxembourg,,,Luxembourg,,,LU000,2021-2027,"Given that about half of Luxembourg’s pupils have a foreign background and that more than 60% speak another language at home than Luxembourgish, teaching and socio-educational staff, as well as SECAM staff, face a very diverse population. It is very difficult, if not impossible, to know all the linguistic and cultural variations or the school systems of all the countries of origin of the students. Therefore, this project, which is part of a plurilingual and intercultural approach, aims to contribute to a more adapted, complete and targeted management of students' knowledge and cultural and linguistic background. This approach is also compatible with the European Child Guarantee as it is an effective measure to combat social exclusion and also a measure that promotes equal opportunities for children and young people newly arrived in Luxembourg. As regards the practical application of the project, the Language and Culture sheets are put into practice in an insertion class for young adults, thus with 15 students aged 16 to 17.","Étant donné qu’environ la moitié des élèves du Luxembourg a une origine étrangère et que plus de 60% parlent une autre langue à la maison que le luxembourgeois, le personnel enseignant et socio-éducatif, ainsi que le personnel du SECAM font face à une population très diversifiée. Il est très difficile, voire impossible, de connaître toutes les variations linguistiques et culturelles ou encore les systèmes scolaires de tous les pays d'origine des élèves. Par conséquent, ce projet, qui s'inscrit dans une approche plurilingue et interculturelle, vise à contribuer à une prise en charge plus adaptée, plus complète et plus ciblée des connaissances et du bagage culturel et langagier des élèves. Cette approche est également compatible avec la Garantie européenne pour l’enfance comme il s'agit d'une mesure efficace de lutte contre l'exclusion sociale et aussi d'une mesure qui favorise l'égalité des chances des enfants et des jeunes nouvellement arrivés au Luxembourg. En ce qui concerne l'application concrète du projet, les fiches Langues et Cultures sont mises en pratique dans une classe d'insertion pour jeunes adultes, donc auprès de 15 élèves âgés de 16 à 17 ans.",,,,,LU
https://linkedopendata.eu/entity/Q7503647,2021LU05FFPR001_2072,"KE3, Kanner,Ekippen,Elteren,Empowerment","KE3, Kanner,Ekippen,Elteren,Empowerment",Luxembourg,01/01/2025,31/12/2026,40.0,667300.0,EUR,266920.0,https://linkedopendata.eu/entity/Q7503601,"49.981163381881,5.9372637289084",163,"Promoting social integration of people at risk of poverty or social exclusion, including the most deprived and children",,,PO04,Social Europe,ESO4.6,ESO4.6,ESF+,European Social Fund Plus,2021LU05FFPR001,Investing in the Future - LU - ESF+/JTF,,LU_0807,Wiltz,,,Luxembourg,,,LU000,2021-2027,"The non-profit organisation Kannerhaus Wooltz works to ensure that every child, including those with special needs, is accommodated in its facilities. However, the KE3 team observes a lack of resources and expertise in the north of the country, increasing the risks of social exclusion. Through local and low-threshold support, KE3 supports children, families and educational teams, thus promoting inclusion adapted to local living realities and better access to essential services.","L’asbl Kannerhaus Wooltz agit pour que chaque enfant, y compris ceux à besoins spécifiques, soit accueilli dans ses structures. L’équipe KE3 observe cependant un manque de ressources et d’expertise dans le nord du pays, renforçant les risques d’exclusion sociale. Grâce à un accompagnement de proximité et à bas seuil, KE3 soutient enfants, familles et équipes éducatives, favorisant ainsi une inclusion adaptée aux réalités de vie locales et un meilleur accès aux services essentiels.",,,,,LU
https://linkedopendata.eu/entity/Q7503651,2021LU05FFPR001_2039,Fit4Inclusion,Fit4Inclusion,Luxembourg,01/01/2024,31/12/2025,40.0,391200.0,EUR,156480.0,https://linkedopendata.eu/entity/Q3113580,"49.61407716459,6.1267143840571",154,"Measures to improve access of marginalised groups such as the Roma to education, employment and to promote their social inclusion",,,PO04,Social Europe,ESO4.8,ESO4.8,ESF+,European Social Fund Plus,2021LU05FFPR001,Investing in the Future - LU - ESF+/JTF,,LU_0304,Luxembourg,,,Luxembourg,,,LU000,2021-2027,"A strategic partnership between the Employment Development Agency (ADEM), the House of Training and the National Institute for Sustainable Development and CSR (INDR), the Fit4Inclusion project aims, on the one hand, to support 80 jobseekers with disabilities or on reclassification in their (re)integration into the labour market and, on the other hand, to make companies aware of the recruitment of the target audience.","Partenariat stratégique entre l’Agence pour le développement de l’emploi (ADEM), la House of Training et l’Institut national pour le développement durable et la RSE (INDR), le projet Fit4Inclusion vise d'une part à accompagner 80 demandeurs d'emplois en situation de handicap ou en reclassement professionnel dans leur (ré)insertion sur le marché de l’emploi et de l'autre, à sensibiliser les entreprises à l'embauche du public ciblé.",,,,,LU
https://linkedopendata.eu/entity/Q7503660,2021LU16FFPR001_11,Sustainable public transportation operated with electric buses,Sustainable public transportation operated with electric buses,Luxembourg,16/01/2023,31/12/2025,50.0,3100000.0,EUR,1550000.0,https://linkedopendata.eu/entity/Q7322356,"49.6271194,6.1306279",82,Clean urban transport rolling stock,,,PO08,Just Transition,JTF,JTF,JTF,Just Transition Fund,2021LU16FFPR001,Smarter and greener Europe – LU – ERDF/JTF,,LU_0304,Luxembourg,,,Luxembourg,,,LU000,2021-2027,"The CTBT has the ambitious ""no-emission"" goal for the renewal of its bus fleet that serves the southern region of the country. By 2030, the bus fleet will be completely converted into alternative propulsion, making the use of diesel-burning buses obsolete. The future fleet will consist of battery-powered electric motor buses, fuel cell buses and CNG (compressed natural gas) efficient hybrid buses. The purpose of this JTF project is limited to the acquisition of 5 buses equipped with a battery-powered electric motor.","Le TICE a l'objectif ambitieux « no-emission » pour le renouvellement de sa flotte de bus qui assure la desserte de la région Sud du pays. A l'horizon 2030, la flotte de bus sera complètement convertie en propulsions alternatives, rendant obsolète l'utilisation de bus à combustion de diesel. La future flotte sera composée de bus à moteur électrique alimenté par batterie, de bus équipés d’une pile à combustible et de bus efficienthybrid à CNG (compressed natural gaz). L’objet de ce projet FTJ se limite à l'acquisition de 5 bus équipés d’un moteur électrique alimenté par batterie.",,,,,LU
https://linkedopendata.eu/entity/Q7503648,2021LU05FFPR001_2030,Combating material deprivation,Lutte contre la privation matérielle,Luxembourg,01/01/2024,31/12/2027,90.0,1400433.0,EUR,1260389.7,https://linkedopendata.eu/entity/Q7503583,"49.61407716459,6.1267143840571",164,"Addressing material deprivation through food and/or material assistance to the most deprived, including accompanying measures",,,PO04,Social Europe,ESO4.13,ESO4.13,ESF+,European Social Fund Plus,2021LU05FFPR001,Investing in the Future - LU - ESF+/JTF,,LU_0304,Luxembourg,,,Luxembourg,,,LU000,2021-2027,"With its project to help the most deprived under the ESF + Investing in the future 2020-2027, the Ministry of the Family, Solidarity, Living Together and Home Affairs intends to continue the commitment made with the FEAD, the Fund for Aid to the Most Deprived over the period 2014-2023, to provide material support to some 5,400 households living in poverty with food and basic necessities. The support is provided throughout Luxembourg by the Ministry’s partner organisations; the Spëndchen asbl which acquires the products and delivers them to the distribution points, which are the 12 social grocery stores of HUT and the Luxembourg Red Cross, the 3 Cent Butteks of the asbl ‘Den Cent Buttek’; ""Eis Epicerie Zolwer"" and the Food Bank.","Avec son projet d’aide aux plus démunis dans le cadre du FSE + « Investir dans le futur » 2020-2027, le ministère de la Famille, des Solidarités, du Vivre ensemble et de l’Accueil entend perdurer l’engagement pris avec le FEAD, le Fonds d’aide aux plus démunis sur la période 2014-2023, à savoir soutenir matériellement quelques 5.400 ménages qui vivent dans la pauvreté avec des produits alimentaires et des biens de première nécessité. L’aide est assurée sur l’ensemble du territoire luxembourgeois par les organisations partenaires du ministère; la Spëndchen asbl qui acquiert les produits et les livre aux points de distribution qui sont les 12 épiceries sociales de HUT et de la Croix-Rouge luxembourgeoise, les 3 Cent-Butteks de l’asbl « Den Cent Buttek » ; « Eis Epicerie Zolwer » et la Banque alimentaire.",,,,,LU
https://linkedopendata.eu/entity/Q7503637,2021LU05FFPR001_2053,CLALT,CLALT,Luxembourg,01/07/2024,31/12/2026,40.0,81900.0,EUR,32760.0,https://linkedopendata.eu/entity/Q7503588,"49.6926081,6.1416258",153,Pathways to integration and re-entry into employment for disadvantaged people,,,PO04,Social Europe,ESO4.8,ESO4.8,ESF+,European Social Fund Plus,2021LU05FFPR001,Investing in the Future - LU - ESF+/JTF,,LU_0408,Lorentzweiler,,,Luxembourg,,,LU000,2021-2027,"Language and integration: A secure command of French is essential for integration. This project offers targeted language courses for beneficiaries of an activation measure at the CNDS asbl, in order to facilitate team communication, understanding of instructions and professional inclusion. Faced with an insufficient supply, especially in the north of the country, classes will be held 2 times a week for 11 weeks, 4 times a year, or 176 hours a year. Groups will have 5 to 10 participants. Objective: train 90 people by 2026, ensuring proximity, regularity and progression adapted to the needs of the field.","Langue et intégration : un levier pour l’inclusion Une maîtrise sécurisée du français est essentielle à l’intégration. Ce projet propose des cours de langue ciblés pour les bénéficiaires d’une mesure d’activation auprès du CNDS asbl, afin de faciliter la communication en équipe, la compréhension des consignes et l’inclusion professionnelle. Face à une offre insuffisante, surtout dans le nord du pays, les cours auront lieu 2 fois par semaine pendant 11 semaines, 4 fois par an, soit 176 heures par an. Les groupes compteront 5 à 10 participants. Objectif : former 90 personnes d’ici 2026, en garantissant proximité, régularité et progression adaptée aux besoins du terrain.",,,,,LU
https://linkedopendata.eu/entity/Q7503631,2021LU05FFPR001_2046,0CO2Chantier,0CO2Chantier,Luxembourg,01/07/2024,30/06/2026,50.0,306300.0,EUR,153150.0,https://linkedopendata.eu/entity/Q7503579,"49.521188235059,6.0845686331659",146,"Support for adaptation of workers, enterprises and entrepreneurs to change",,,PO08,Just Transition,JTF,JTF,JTF,Just Transition Fund,2021LU05FFPR001,Investing in the Future - LU - ESF+/JTF,,LU_0201,Bettembourg,,,Luxembourg,,,LU000,2021-2027,"Reducing the carbon footprint on construction sites Project 0 (Zero) CO2 Chantier aims to reduce the carbon impact of construction sites through practical training on low-carbon solutions. Aimed at manual workers, machine operators and supervisors, the programme addresses the operation of electric machines, the optimisation of construction sites and the integration of local energy strategies. This project responds to the climate emergency and the need for retraining in the sector. The IFSB thus supports companies in their energy transition, strengthening skills for a more sustainable future.","Réduire l’empreinte carbone sur les chantiers Le projet 0 (Zéro) CO2 Chantier vise à diminuer l’impact carbone des chantiers de construction via des formations pratiques sur les solutions bas carbone. Destiné aux salariés manuels, conducteurs d’engins et encadrants, le programme aborde la conduite d’engins électriques, l’optimisation des chantiers et l’intégration de stratégies énergétiques locales. Ce projet répond à l’urgence climatique et au besoin de reconversion professionnelle dans le secteur. L’IFSB accompagne ainsi les entreprises dans leur transition énergétique, en renforçant les compétences pour un avenir plus durable.",,,,,LU
https://linkedopendata.eu/entity/Q7503670,2021LU16FFPR001_19,"CENSOR - Competence Centre for Digitization and Optimization of Energy, Resources and Processes","CENSOR - Competence Centre for Digitization and Optimization of Energy, Resources and Processes",Luxembourg,01/10/2024,30/06/2028,40.0,750000.0,EUR,300000.0,https://linkedopendata.eu/entity/Q3113563,"49.6271194,6.1306279",29,"Research and innovation processes, technology transfer and cooperation between enterprises, research centres and universities, focusing on the low carbon economy, resilience and adaptation to climate change",,,PO01,Smarter Europe,RSO1.1,RSO1.1,ERDF,European Regional Development Fund,2021LU16FFPR001,Smarter and greener Europe – LU – ERDF/JTF,,LU_0304,Luxembourg,,,Luxembourg,,,LU000,2021-2027,"The project aims to create a Competence Centre for digitalisation and optimisation in energy, resources and processes within the University of Luxembourg. The objectives of this project are to develop models (via digital twins) on energy efficiency, reducing CO2 emissions, developing new technological sensors and optimising transport, material and energy flows in industrial processes. Reducing energy and resource consumption in the production of materials/processes is the overarching objective.","Le projet vise la création d’un Centre de Compétence de digitalisation et d’optimisation en énergie, ressources et procédés au sein de l’Université du Luxembourg. Les objectifs de ce projet consistent à développer des modèles (via des digital-twins) portant sur l’efficience énergétique, la réduction des émissions de CO2, le développement de nouveaux capteurs technologiques et l’optimisation des flux de transports, de matériaux et d’énergie dans les processus industriels. La réduction de la consommation d’énergie et des ressources dans la production de matériaux/procédés est l’objectif primordial.",,,,,LU
https://linkedopendata.eu/entity/Q7503617,2021LU05FFPR001_2019,Update Evening Classes,Update cours du soir,Luxembourg,01/07/2023,30/06/2025,40.0,468200.0,EUR,187280.0,https://linkedopendata.eu/entity/Q7503580,"49.61407716459,6.1267143840571",151,Support for adult education (excluding infrastructure),,,PO04,Social Europe,ESO4.7,ESO4.7,ESF+,European Social Fund Plus,2021LU05FFPR001,Investing in the Future - LU - ESF+/JTF,,LU_0304,Luxembourg,,,Luxembourg,,,LU000,2021-2027,"In summary, the objective of this project is twofold: - Optimize the offer of evening courses (update, replacement of courses, creation of new courses ...) in order to attract and train as many candidates as possible to the needs of the market. - And perpetuate the process of continuous optimization of evening courses by setting up quality circles composed of trainers-experts.","En résumé, le présent projet a un double objectif: - Optimiser l'offre de cours du soir (update, remplacement de cours, création de nouveaux cours ...) afin d'attirer et de former un maximum de candidats aux besoin du marché. - Et pérenniser la démarche d'optimisation en continue des cours du soir par la mise en place de cercles de qualité composés de formateurs-experts.",,,,,LU
https://linkedopendata.eu/entity/Q7503650,2021LU05FFPR001_2037,Basic Digital Skills,Basic Digital Skills,Luxembourg,01/01/2024,31/12/2025,40.0,264400.0,EUR,105760.0,https://linkedopendata.eu/entity/Q3113580,"49.61407716459,6.1267143840571",134,Measures to improve access to employment,,,PO04,Social Europe,ESO4.1,ESO4.1,ESF+,European Social Fund Plus,2021LU05FFPR001,Investing in the Future - LU - ESF+/JTF,,LU_0304,Luxembourg,,,Luxembourg,,,LU000,2021-2027,"As part of Basic Digital Skills, 144 jobseekers registered with the Agency for the Development of Employment (ADEM) are training in basic digital skills at the House of Training and the Luxembourg Lifelong Learning Centre, in order to demystify the computer, discover office automation tools and learn how to master online services and information. The digital skills acquired are immediately put into practice in order to increase employability and to accompany job search and subsequent professional integration.","Dans le cadre de Basic Digital Skills, 144 demandeurs d’emploi inscrits à l’Agence pour le développement de l’emploi (ADEM) se forment aux compétences numériques de base à la House of Training et au Luxembourg Lifelong Learning Centre, afin de démystifier l’ordinateur, de découvrir les outils de bureautique et d’apprendre à maîtriser les services et informations en ligne. Les compétences numériques acquises sont immédiatement mises en pratique afin d’augmenter l’employabilité et d’accompagner la recherche d’emploi puis l’intégration professionnelle.",,,,,LU
https://linkedopendata.eu/entity/Q7503611,2021LU05FFPR001_2012,RCO2 - Reduce CO2 for the building sector,RCO2 - Reduce CO2 for the building sector,Luxembourg,01/07/2023,30/06/2025,50.0,167400.0,EUR,83700.0,https://linkedopendata.eu/entity/Q7503579,"49.521188235059,6.0845686331659",146,"Support for adaptation of workers, enterprises and entrepreneurs to change",,,PO08,Just Transition,JTF,JTF,JTF,Just Transition Fund,2021LU05FFPR001,Investing in the Future - LU - ESF+/JTF,,LU_0201,Bettembourg,,,Luxembourg,,,LU000,2021-2027,"The building and public works sector is an important contributor to greenhouse gas emissions as mentioned in the Territorial Just Transition Plan. As a result, employees are impacted by the climate transition with changes in their jobs and construction or work methods. The IFSB is located in the south of the country and is therefore particularly concerned by the issue of the just transition. Given the geographical location of the IFSB, a significant number of companies from the South and employees living in the South have more facilities to come and train at the IFSB. The objective of the project is therefore to support employees in the sector in the evolution of jobs linked to the current climate crisis. The trades concerned are bricklayers, bankers, assemblers, mechanical excavator operators as well as bio-based bricklayers.","Le secteur du bâtiment et des travaux publics est un secteur contribuant de manière importante aux émissions de gaz à effet de serre comme le mentionne le Plan territorial pour une transition juste. Par conséquent, les salariés sont impactés par la transition climatique avec une évolution de leurs métiers et des méthodes de construction ou de travail. L'IFSB est situé dans le Sud du pays et donc particulièrement concerné par la problématique de la transition juste. Compte tenu de la situation géographique de l'IFSB, un nombre conséquent d'entreprises du Sud et salariés habitant dans le Sud ont plus de facilités à venir se former à l'IFSB. L'objectif du projet est donc d'accompagner les salariés du secteur à l'évolution des métiers liées à la crise climatique actuelle. Les métiers concernés sont les maçons coffreurs, bancheurs, assembleurs, opérateurs de pelle mécanique ainsi que façadiers biosourcés.",,,,,LU
https://linkedopendata.eu/entity/Q7503609,2021LU05FFPR001_2011,FORDUMP,FORDUMP,Luxembourg,01/07/2023,30/06/2025,40.0,71300.0,EUR,28520.0,https://linkedopendata.eu/entity/Q7503579,"49.521188235059,6.0845686331659",146,"Support for adaptation of workers, enterprises and entrepreneurs to change",,,PO04,Social Europe,ESO4.7,ESO4.7,ESF+,European Social Fund Plus,2021LU05FFPR001,Investing in the Future - LU - ESF+/JTF,,LU_0201,Bettembourg,,,Luxembourg,,,LU000,2021-2027,"Currently some employees in the construction sector are not trained in the safe driving of dumpers (motor-togglers). Accidents at work with this type of machinery are numerous in Europe, particularly with the overturning of the machinery leading to significant damage or even the death of the user. Many companies are currently using it etc. This corresponds to a new use on construction sites for which employees are not trained. Proper and efficient use leads to a limitation of the greenhouse gas emissions of the machinery. The FORDUMP project therefore consists in making the current users of dumpers aware of the safe use of this machine, which is increasingly present on site.",Actuellement certains salariés du secteur de la construction ne sont pas formés à la conduite en sécurité des dumpers (motobasculeurs). Les accidents de travail avec ce type d'engins sont nombreux en Europe notamment avec le renversement de l'engins conduisant à des dommages importants voire le décès de l'utilisateur. De nombreuses entreprises l'utilisent actuellement etcela correspond à un nouvel usage sur les chantiers pour lequel les salariés ne sont pas formés. L'utilisation correcte et de manière efficiente conduit à une limitation des émissions de gaz à effet de serre de l'engin. Le projet FORDUMP consiste donc à sensibiliser les utilisateurs actuels des dumpers à l'utilisation en sécurité de cet engin qui est présent de plus en plus sur chantier.,,,,,LU
https://linkedopendata.eu/entity/Q7503649,2021LU05FFPR001_2032,Language learning platform,Plateforme d'apprentissage de langues,Luxembourg,01/01/2024,31/12/2025,40.0,224800.0,EUR,89920.0,https://linkedopendata.eu/entity/Q7503595,"49.61407716459,6.1267143840571",153,Pathways to integration and re-entry into employment for disadvantaged people,,,PO04,Social Europe,ESO4.8,ESO4.8,ESF+,European Social Fund Plus,2021LU05FFPR001,Investing in the Future - LU - ESF+/JTF,,LU_0304,Luxembourg,,,Luxembourg,,,LU000,2021-2027,"Luxembourg’s labour market is strongly characterised by its resolutely multilingual environment, composed of several main languages such as French, Luxembourgish, English and German. Among the 170 nationalities identified in Luxembourg, proficiency in one or more of the country’s languages is a real added value for job search. It may therefore happen that a person who already speaks one or more languages does not have, or is not sufficiently proficient in, one of the main languages of the country needed to find a job. This is especially true for people who have not followed Luxembourg’s plurilingual school system. Considering this multilingual environment and the added value of language skills on the labour market, ADEM created the ESF project on online language learning. Indeed, the priority objective behind this project is to further strengthen the employability of jobseekers through autonomous ‘online’ learning of one or more languages, specifically requested in the sector(s) targeted.","Le marché de l’emploi du Luxembourg est fortement caractérisé par son environnement résolument multilingue, composé de plusieurs langues principales comme le français, le luxembourgeois, l’anglais et l’allemand. Parmi les 170 nationalités recensées au Luxembourg, la maîtrise d’une ou plusieurs langues du pays constitue une réelle valeur ajoutée pour la recherche d’emploi. Il peut donc arriver qu’une personne parlant déjà une ou plusieurs langues ne maîtrise pas, ou pas suffisamment, une des langues principales du pays nécessaire pour trouver un emploi. Ceci est surtout valable pour les personnes qui n’ont pas suivi le système scolaire luxembourgeois plurilingue. C’est en considérant cet environnement plurilingue et la valeur ajoutée des compétences linguistiques sur le marché de l’emploi, que l’ADEM a créé le projet FSE portant sur l’apprentissage de langues en ligne. Effectivement, l’objectif prioritaire derrière ce projet est de renforcer davantage l’employabilité des demandeurs d’emploi par l’apprentissage autonome « en ligne » d’une ou plusieurs langues, spécifiquement demandées dans le ou les secteur(s) visé(s).",,,,,LU
https://linkedopendata.eu/entity/Q7503653,2021LU16FFPR001_3,"Energy renovation ""Zesumme renovéieren"" in Differdange","Rénovation énergétique ""Zesumme renovéieren"" à Differdange",Luxembourg,21/04/2021,31/12/2025,50.0,1100000.0,EUR,550000.0,https://linkedopendata.eu/entity/Q7322355,"49.521641122718,5.8810184318047",41,"Energy efficiency renovation of existing housing stock, demonstration projects and supporting measures",,,PO08,Just Transition,JTF,JTF,JTF,Just Transition Fund,2021LU16FFPR001,Smarter and greener Europe – LU – ERDF/JTF,,LU_0202,Differdange,,,Luxembourg,,,LU000,2021-2027,"The City of Differdange and the Klima-Agence are implementing an energy efficiency pilot project to encourage the renovation of existing homes and the reduction of energy consumption, increasing the rate of renovation in the most suitable neighbourhoods and providing intensive support to homeowners throughout the renovation process. A new pre-financing mechanism with the objective of pre-financing targeted work will be developed and tested under this JTF project.","La Ville de Differdange et la Klima-Agence mettent en place un projet pilote en matière d'efficience énergétique pour encourager la rénovation de maisons existantes et la réduction de la consommation d'énergie, en augmentant le taux de rénovation dans les quartiers les plus propices et en fournissant un accompagnement intensif aux propriétaires tout au long du processus de rénovation. Un nouveau mécanisme de préfinancement avec l'objectif de préfinancer des travaux ciblés sera développé et testé dans le cadre de ce projet FTJ.",,,,,LU
https://linkedopendata.eu/entity/Q7503627,2021LU05FFPR001_2038,Start Your Career,Start Your Career,Luxembourg,01/01/2024,31/12/2025,40.0,343700.0,EUR,137480.0,https://linkedopendata.eu/entity/Q3113580,"49.61407716459,6.1267143840571",134,Measures to improve access to employment,,,PO04,Social Europe,ESO4.1,ESO4.1,ESF+,European Social Fund Plus,2021LU05FFPR001,Investing in the Future - LU - ESF+/JTF,,LU_0304,Luxembourg,,,Luxembourg,,,LU000,2021-2027,"The StartYourCareer programme developed by the House of Training supports 200 young jobseekers aged 18-29 who are registered with the Employment Development Agency (ADEM). During the programme, participants define a realistic short-term professional project, decode the realities of the labour market, work on their job search strategy and strengthen the transversal skills in demand on the labour market.","Le programme StartYourCareer élaboré par la House of Training accompagne 200 jeunes demandeurs d’emplois âgés de 18 à 29 ans et inscrits à l’Agence pour le développement de l’emploi (ADEM). Au cours du programme, les participants définissent un projet professionnel réaliste à court terme, décodent les réalités du marché de l'emploi, travaillent sur leur stratégie de recherche d'emploi et renforcent les compétences transversales en demande sur le marché de l’emploi.",,,,,LU
https://linkedopendata.eu/entity/Q7503629,2021LU05FFPR001_2044,Employment Integrity,Intègr'Emploi,Luxembourg,01/01/2024,31/12/2025,40.0,194700.0,EUR,77880.0,https://linkedopendata.eu/entity/Q7503587,"49.6552606,6.1215966",154,"Measures to improve access of marginalised groups such as the Roma to education, employment and to promote their social inclusion",,,PO04,Social Europe,ESO4.8,ESO4.8,ESF+,European Social Fund Plus,2021LU05FFPR001,Investing in the Future - LU - ESF+/JTF,,LU_0310,Walferdange,,,Luxembourg,,,LU000,2021-2027,"The Intègr'Emploi initiative proposes a targeted programme to increase the employability of many newcomers and beneficiaries of REVIS in Luxembourg who are struggling to integrate into the Luxembourg labour market due to limited language skills and a lack of knowledge of professional standards. The programme includes business-oriented language courses and workshops on workplace culture and standards, tailored to the specific needs of these groups. This targeted approach ensures that the programme addresses the unique challenges faced by newcomers and REVIS beneficiaries, facilitating their successful entry into the labour market.","L'initiative Intègr'Emploi propose un programme ciblé visant à augmenter l’employabilité de nombreux nouveaux arrivants et bénéficiaires du REVIS au Luxembourg qui peinent à s'intégrer sur le marché du travail luxembourgeois en raison de compétences linguistiques limitées et d'une méconnaissance des normes professionnelles. Le programme comprend des cours de langue orientés métier et des ateliers sur la culture et les normes du lieu de travail, adaptés aux besoins spécifiques de ces groupes. Cette approche ciblée garantit que le programme aborde les défis uniques auxquels sont confrontés les nouveaux arrivants et les bénéficiaires du REVIS, facilitant leur entrée réussie sur le marché du travail.",,,,,LU
https://linkedopendata.eu/entity/Q7503620,2021LU05FFPR001_2024,Food Recycling Workshop - Caddy,Atelier de recyclage alimentaire - Caddy,Luxembourg,01/01/2024,31/12/2025,40.0,232700.0,EUR,93080.0,https://linkedopendata.eu/entity/Q7503575,"49.61407716459,6.1267143840571",153,Pathways to integration and re-entry into employment for disadvantaged people,,,PO04,Social Europe,ESO4.8,ESO4.8,ESF+,European Social Fund Plus,2021LU05FFPR001,Investing in the Future - LU - ESF+/JTF,,LU_0304,Luxembourg,,,Luxembourg,,,LU000,2021-2027,"Since 2014 the professional reintegration workshop ""Caddy"" fights against food waste by recycling consumable food destined to go to the trash. Thanks to a partnership with a hypermarket, a team of 40 people in professional reintegration, recovers and reworked on a daily basis these products under the supervision of chefs-cooks and educators. The reprocessing of these foodstuffs is then redistributed free of charge to disadvantaged people in SVDS restaurants or to third-party associations (currently 10 partners). This workshop makes it possible to give work to people who are in difficulty, dependent, far from the labour market and to fight poverty.","Depuis 2014 l'atelier de réinsertion professionnelle ""Caddy"" lutte contre le gaspillage alimentaire en recyclant des denrées alimentaires consommables destinées à partir à la poubelle. Grâce à un partenariat avec un hypermarché, une équipe de 40 personnes en réinsertion professionnelle, récupère et retravaiile au quotidien ces produits sous la surveillance de chefs-cuisiniers et éducateurs. Le retraitement de ces denrées est ensuite redistribué gratuitement aux personnes défavorisées dans les restaurants de la SVDS ou à des associations tiers (actuellement 10 partenaires). Cet atelier permet de donner du travail à des personnes en difficulté, dépendantes, éloignées du marché de l’emploi et de lutter contre la pauvreté.",,,,,LU
https://linkedopendata.eu/entity/Q7503667,2021LU16FFPR001_13,Sustainable Composite Materials and Manufacturing - SCMM,Sustainable Composite Materials and Manufacturing - SCMM,Luxembourg,01/01/2023,31/12/2026,40.0,6495319.19,EUR,2598127.68,https://linkedopendata.eu/entity/Q7503593,"49.6271194,6.1306279",29,"Research and innovation processes, technology transfer and cooperation between enterprises, research centres and universities, focusing on the low carbon economy, resilience and adaptation to climate change",,,PO01,Smarter Europe,RSO1.1,RSO1.1,ERDF,European Regional Development Fund,2021LU16FFPR001,Smarter and greener Europe – LU – ERDF/JTF,,LU_0304,Luxembourg,,,Luxembourg,,,LU000,2021-2027,"Since 2016, LIST has maintained a High-Charge Innovation Centre for the research of innovative composite materials. In this context, the Institute submitted a research project for the specific needs of the transport sector and vehicles in particular in the automotive, aerospace, rail and aviation sectors. The objective of this project is the creation of ultralight, durable, recyclable and high-strength composite materials. This project is one of the operations of strategic importance.","Le LIST entretient depuis 2016 un Centre d’Innovation à Hautcharage pour la recherche de matériaux composites novateurs. Dans ce contexte, l’Institut a soumis un projet de recherche pour les besoins spécifiques du secteur du transport et des véhicules en particulier dans les secteurs de l’automobile, l’aérospatial, le rail et l’aviation. L'objectif de ce projet est la création de matériaux composites ultralégers, durables, recyclables et à haute solidité. Ce projet fait partie des opérations d'importance stratégique.",,,,,LU
https://linkedopendata.eu/entity/Q7503663,2021LU05FFPR001_2065,Girls: Deploy your talents!,Girls: Deploy your talents!,Luxembourg,01/01/2025,30/06/2027,40.0,325000.0,EUR,130000.0,https://linkedopendata.eu/entity/Q7503576,"49.61407716459,6.1267143840571",136,Specific support for youth employment and socio-economic integration of young people,,,PO04,Social Europe,ESO4.5,ESO4.5,ESF+,European Social Fund Plus,2021LU05FFPR001,Investing in the Future - LU - ESF+/JTF,,LU_0304,Luxembourg,,,Luxembourg,,,LU000,2021-2027,"Women remain underrepresented in STEM careers. To combat stereotypes and promote these professions among girls, IMS launches ""Girls: Deploy Your Talents! The project proposes: - Awareness through educational evenings, podcasts, and an exhibition co-created with high school students. - Immersion: 2 days in the company to discover STEM professions. - Synergies: exchanges between young people, schools and businesses for inclusive support. - Objective: 195 young people sensitized, 50 partner companies, 8 podcasts, 2 conferences, 1 exhibition. A concrete step towards more equality and diversity in STEM!","Les femmes restent sous-représentées dans les carrières STIM. Pour lutter contre les stéréotypes et promouvoir ces métiers auprès des filles, IMS lance ""Girls: Deploy Your Talents!"". Le projet propose : - Sensibilisation via soirées éducatives, podcasts, et une expo co-créée avec des lycéen·nes. - Immersion : 2 journées en entreprise pour découvrir les métiers STIM. - Synergies : échanges entre jeunes, écoles et entreprises pour un accompagnement inclusif. - Objectif : 195 jeunes sensibilisé·es, 50 entreprises partenaires, 8 podcasts, 2 conférences, 1 exposition. Un pas concret vers plus d’égalité et de diversité dans les STIM !",,,,,LU
https://linkedopendata.eu/entity/Q7503652,2021LU05FFPR001_2073,Hidden Disability Hub,Hidden Disability Hub,Luxembourg,01/01/2025,31/12/2026,40.0,183500.0,EUR,73400.0,https://linkedopendata.eu/entity/Q7503598,"49.6751263,6.1394127",154,"Measures to improve access of marginalised groups such as the Roma to education, employment and to promote their social inclusion",,,PO04,Social Europe,ESO4.8,ESO4.8,ESF+,European Social Fund Plus,2021LU05FFPR001,Investing in the Future - LU - ESF+/JTF,,LU_0308,Steinsel,,,Luxembourg,,,LU000,2021-2027,"Be Human's Hidden Disability Hub (HDH) supports young people under 35 with invisible disabilities (ADHD, ASD, dyslexia, etc.). The program offers rights-based educational workshops and support groups led by volunteer psychologists. Structured in two semesters according to age, it offers free and personalised support to build trust, promote autonomy and create a community of solidarity. Each participant attends one workshop, one support session and legal interviews per month. HDH aims to train 60 young people in two years and promote the inclusion of neurominorities in Luxembourg.","Le Hidden Disability Hub (HDH) de Be Human soutient les jeunes de moins de 35 ans ayant des handicaps invisibles (TDAH, TSA, dyslexie, etc.). Le programme propose des ateliers éducatifs basés sur les droits et des groupes de soutien animés par des psychologues bénévoles. Structuré en deux semestres selon l’âge, il offre un accompagnement gratuit et personnalisé pour renforcer la confiance, favoriser l’autonomie et créer une communauté solidaire. Chaque participant suit un atelier, une session de soutien et des entretiens juridiques par mois. HDH vise à former 60 jeunes en deux ans et à promouvoir l’inclusion des neurominorités au Luxembourg.",,,,,LU
https://linkedopendata.eu/entity/Q7503672,2021LU05FFPR001_2074,Skills4Job 2.0,Skills4Job 2.0,Luxembourg,01/01/2025,30/06/2027,40.0,1118900.0,EUR,447560.0,https://linkedopendata.eu/entity/Q3113580,"49.61407716459,6.1267143840571",134,Measures to improve access to employment,,,PO04,Social Europe,ESO4.1,ESO4.1,ESF+,European Social Fund Plus,2021LU05FFPR001,Investing in the Future - LU - ESF+/JTF,,LU_0304,Luxembourg,,,Luxembourg,,,LU000,2021-2027,"The ‘Skills4Job 2.0’ programme, run by the House of Training and ADEM, supports jobseekers (30+) in their reintegration into employment in Luxembourg. Through a mix of coaching, training and e-learning, it helps to define a realistic professional project, strengthen transversal and technical skills, and optimise job search (online presence, interviews, CV). Version 2.0 reinforces ""self-marketing"" and digital skills, while offering more flexible and personalized support. Objective: 280 participants accompanied between 2025 and 2026.","Le programme « Skills4Job 2.0 », porté par la House of Training et l’ADEM, accompagne les demandeurs d’emploi (30+) dans leur réinsertion professionnelle au Luxembourg. Grâce à un mix de coaching, formations et e-learning, il aide à définir un projet professionnel réaliste, renforcer les compétences transversales et techniques, et optimiser la recherche d’emploi (présence en ligne, entretiens, CV). La version 2.0 renforce le « marketing de soi » et les compétences numériques, tout en offrant un accompagnement plus flexible et personnalisé. Objectif : 280 participants accompagnés entre 2025 et 2026.",,,,,LU
https://linkedopendata.eu/entity/Q7503664,2021LU05FFPR001_2067,New Tech Adaptation for Companies (NTAC),New Tech Adaptation for Companies (NTAC),Luxembourg,01/01/2025,31/12/2026,40.0,180600.0,EUR,72240.0,https://linkedopendata.eu/entity/Q7503576,"49.61407716459,6.1267143840571",145,Support for the development of digital skills,,,PO04,Social Europe,ESO4.7,ESO4.7,ESF+,European Social Fund Plus,2021LU05FFPR001,Investing in the Future - LU - ESF+/JTF,,LU_0304,Luxembourg,,,Luxembourg,,,LU000,2021-2027,"Faced with the rapid emergence of AI and digital tools, this project aims to support employees in the development of their digital skills, in order to strengthen their employability and the competitiveness of Luxembourg companies. It uses the PIX tool to assess skills, offers conferences, 8 workshops (inter and intra-company), and creates a mentoring guide. Objectives: 150 employees trained, 10 companies involved, 2 conferences, 1 practical guide. This programme fosters a better understanding of AI and sustainable digital challenges in the professional world.","Face à l’émergence rapide de l’IA et des outils numériques, ce projet vise à accompagner les salarié·es dans le développement de leurs compétences digitales, afin de renforcer leur employabilité et la compétitivité des entreprises luxembourgeoises. Il s’appuie sur l’outil PIX pour évaluer les compétences, propose des conférences, 8 workshops (inter et intra-entreprises), et crée un guide de mentoring. Objectifs : 150 salarié·es formé·es, 10 entreprises impliquées, 2 conférences, 1 guide pratique. Ce programme favorise une meilleure compréhension de l’IA et des enjeux numériques durables dans le monde professionnel.",,,,,LU
https://linkedopendata.eu/entity/Q7503607,2021LU05FFPR001_2005,Sectoral competences 2023-2025,Compétences sectorielles 2023-2025,Luxembourg,01/01/2023,30/06/2025,40.0,939300.0,EUR,375720.0,https://linkedopendata.eu/entity/Q7503584,"49.521188235059,6.0845686331659",146,"Support for adaptation of workers, enterprises and entrepreneurs to change",,,PO04,Social Europe,ESO4.7,ESO4.7,ESF+,European Social Fund Plus,2021LU05FFPR001,Investing in the Future - LU - ESF+/JTF,,LU_0201,Bettembourg,,,Luxembourg,,,LU000,2021-2027,"The Competence Centres maintain a structured offer of training for various sectors of Luxembourg activities such as crafts, security guards or even more recently the real estate sector. The training offer is constantly updated to optimally meet the needs of employees on the Luxembourg labour market. The target audience of the project are companies and their employees in the craft, real estate and security sectors as well as SMEs from other interested sectors.","Les Centres de Compétences maintiennent une offre structurée de formations destinées à divers secteurs d'activités Luxembourgeois tels que l'artisanat, les agents de sécurité ou encore plus récemment le secteur immobilier. L'offre de formation est mise à jour en permanence afin de répondre de manière optimale aux besoins des salarié.e.s sur le marché de travail luxembourgeois. Le public cible du projet sont les entreprises et leurs salarié.e.s du secteur artisanat, immobilier et agents de sécurité ainsi que des PME d'autres secteurs intéressés.",,,,,LU
https://linkedopendata.eu/entity/Q7503642,2021LU05FFPR001_2062,ESS Skills 2024-2026,Compétences SSE 2024-2026,Luxembourg,01/07/2024,31/12/2026,40.0,655900.0,EUR,262360.0,https://linkedopendata.eu/entity/Q7503584,"49.521188235059,6.0845686331659",140,Support for labour market matching and transitions,,,PO04,Social Europe,ESO4.7,ESO4.7,ESF+,European Social Fund Plus,2021LU05FFPR001,Investing in the Future - LU - ESF+/JTF,,LU_0201,Bettembourg,,,Luxembourg,,,LU000,2021-2027,"Machinery training – Safety and compliance in crafts The use of machinery in crafts (construction, carpentry, etc.) involves significant risks. This project aims to train employees in safe driving, in line with legal requirements. Supervised by the Labour Code, the ITM and the AAA, it guarantees training adapted, validated and supervised in accordance with Recommendation R02. The courses include 125 days of theory (15 pers. max) and 500 days of practice (3 pers./day). Objectives: strengthen skills, reduce accidents, support companies in their compliance. Thanks to ESF+ support, artisans have access to quality training in a secure environment.","Formations aux Engins – Sécurité et conformité dans l’artisanat L’usage d’engins dans l’artisanat (construction, menuiserie, etc.) implique des risques importants. Ce projet vise à former les salariés à une conduite sûre, conforme aux exigences légales. Encadré par le Code du travail, l’ITM et l’AAA, il garantit des formations adaptées, validées et encadrées selon la recommandation R02. Les formations incluent 125 jours de théorie (15 pers. max) et 500 jours de pratique (3 pers./jour). Objectifs : renforcer les compétences, réduire les accidents, accompagner les entreprises dans leur mise en conformité. Grâce au soutien du FSE+, les artisans accèdent à des formations de qualité dans un cadre sécurisé.",,,,,LU
https://linkedopendata.eu/entity/Q7503668,2021LU16FFPR001_7,START2SCALE,START2SCALE,Luxembourg,01/01/2021,31/12/2023,40.0,2000000.0,EUR,800000.0,https://linkedopendata.eu/entity/Q3113565,"49.6271194,6.1306279",24,"Advanced support services for SMEs and groups of SMEs (including management, marketing and design services)",,,PO01,Smarter Europe,RSO1.3,RSO1.3,ERDF,European Regional Development Fund,2021LU16FFPR001,Smarter and greener Europe – LU – ERDF/JTF,,LU_0304,Luxembourg,,,Luxembourg,,,LU000,2021-2027,"The objective of this project is to support high-growth innovative SMEs by focusing efforts on start-ups and SMEs under the age of 10, to contribute to the national policy for the development and diversification of the Luxembourg economy and to support the transition to a data-driven sustainable economy.","L’objectif de ce projet est de soutenir les PME innovantes à forte croissance en concentrant les efforts sur les Start-ups et les PME de moins de 10 ans, de contribuer à la politique nationale de développement et de diversification de l’économie luxembourgeoise et de soutenir la transition vers une économie durable autour de la donnée.",,,,,LU
https://linkedopendata.eu/entity/Q7503658,2021LU16FFPR001_9,Nahkaltwärmenetz - New subdivision op Heidert,Nahkaltwärmenetz - Nouveau lotissement op Heidert,Luxembourg,22/08/2022,31/12/2024,14.98,6676437.27,EUR,1000000.0,https://linkedopendata.eu/entity/Q7503592,"49.981163381881,5.9372637289084",46,"Support to entities that provide services contributing to the low carbon economy and to resilience to climate change, including awareness-raising measures",,,PO02,"Greener, carbon-free Europe",RSO2.1,RSO2.1,ERDF,European Regional Development Fund,2021LU16FFPR001,Smarter and greener Europe – LU – ERDF/JTF,,LU_0807,Wiltz,,,Luxembourg,,,LU000,2021-2027,Construction of a new subdivision inspired by the principles of the circular economy and based on an ecological approach of an autark subdivision. A district heating and cooling network allows homes to be heated and cooled in a sustainable way. The houses are equipped with a heat pump and photovoltaic faults for the production of electricity. An energy cooperative is created by the municipality to reduce the purchase of electricity on the grid.,Construction d'un nouveau lotissement qui s'inspire des principes de l'économie circulaire et se base sur une approche écologique d'un lotissement autarc. Un réseau de chaleur et de froid urbain permet de chauffer et de refroidir les maisons de manière durable. Les maisons sont équipées d'une pompe à chaleur et de panneux photovoltaïques pour la production de l'électricité. Une coopérative énergétique est créée par la commune pour réduire l'achat de l'électricité sur le réseau.,,,,,LU
https://linkedopendata.eu/entity/Q7503645,2021LU05FFPR001_2068,Learning French,Apprentissage du français,Luxembourg,01/01/2025,31/12/2026,40.0,112000.0,EUR,44800.0,https://linkedopendata.eu/entity/Q7503600,"49.521188235059,6.0845686331659",153,Pathways to integration and re-entry into employment for disadvantaged people,,,PO04,Social Europe,ESO4.8,ESO4.8,ESF+,European Social Fund Plus,2021LU05FFPR001,Investing in the Future - LU - ESF+/JTF,,LU_0201,Bettembourg,,,Luxembourg,,,LU000,2021-2027,"The non-profit organisation Eng nei Schaff manages 67 beneficiaries of social inclusion income to help them join the first labour market. With 70% of participants from third countries, fluency in French is essential. Co-financed by the ESF+ and ONIS, the project offers 40 beneficiaries professionalised learning of French for 4 hours per week over 8 months, divided into small groups of 8 depending on their level. The language is also used in gardening, recycling, decluttering and DIY activities, promoting sustainable linguistic integration.","L’asbl « Eng nei Schaff » encadre 67 bénéficiaires du revenu d’inclusion sociale pour les aider à rejoindre le premier marché de l’emploi. Avec 70 % de participants issus de pays tiers, la maîtrise du français est essentielle. Cofinancé par le FSE+ et l’ONIS, le projet propose à 40 bénéficiaires un apprentissage professionnalisant du français à raison de 4 heures par semaine sur 8 mois, répartis en petits groupes de 8 selon leur niveau. La langue est également pratiquée lors d’activités de jardinage, recyclage, désencombrement et bricolage, favorisant une intégration linguistique durable.$",,,,,LU
https://linkedopendata.eu/entity/Q7503626,2021LU05FFPR001_2036,Fit4AgilePM,Fit4AgilePM,Luxembourg,01/07/2023,31/12/2025,40.0,249200.0,EUR,99680.0,https://linkedopendata.eu/entity/Q3113580,"49.61407716459,6.1267143840571",134,Measures to improve access to employment,,,PO04,Social Europe,ESO4.1,ESO4.1,ESF+,European Social Fund Plus,2021LU05FFPR001,Investing in the Future - LU - ESF+/JTF,,LU_0304,Luxembourg,,,Luxembourg,,,LU000,2021-2027,"With Fit4AgilePM, the House of Training and the Employment Development Agency train 120 jobseekers in agile project management methods. After 5 weeks combining technical training and leadership and team management skills development workshops, participants can obtain certification on the Scrum Methodology (PSM-I).","Avec Fit4AgilePM, la House of Training et l’Agence pour le Développement de l’Emploi forment 120 demandeurs d’emploi aux méthodes de gestion de projet agiles. À l’issue de 5 semaines alliant formations techniques et ateliers de développement des compétences de leadership et de gestion d’équipe, les participants peuvent obtenir une certification sur la méthodologie Scrum (PSM-I).",,,,,LU
https://linkedopendata.eu/entity/Q7503614,2021LU05FFPR001_2014,Handi-Perception,Handi-Perception,Luxembourg,01/01/2023,31/12/2024,40.0,183000.0,EUR,73200.0,https://linkedopendata.eu/entity/Q7503576,"49.61407716459,6.1267143840571",153,Pathways to integration and re-entry into employment for disadvantaged people,,,PO04,Social Europe,ESO4.8,ESO4.8,ESF+,European Social Fund Plus,2021LU05FFPR001,Investing in the Future - LU - ESF+/JTF,,LU_0304,Luxembourg,,,Luxembourg,,,LU000,2021-2027,"The project aims to improve the inclusion of people with disabilities in the workplace. Despite the increase in the number of measures to promote the inclusion of disability in enterprises, the topic does not seem to progress. To respond to this observation, the Handi-Perception project will work on two solutions for employers in Luxembourg at the end of the project: 1. A tool to measure the effectiveness of disability inclusion policies in companies by questioning the perception of employees. 2. A range of effective ways to improve the inclusion of people with disabilities in organisations.","Le projet cible l’amélioration de l’inclusion des personnes en situation de handicap dans le milieu professionnel. Malgré la hausse du nombre de mesures pour favoriser l’inclusion du handicap en entreprise, le sujet ne semble pas progresser. Pour répondre à ce constat, le projet Handi-Perception va travailler sur deux solutions qui seront à destination des employeurs du Luxembourg à l’issu du projet : 1. Un outil pour mesurer l’efficacité des politiques d’inclusion du handicap en entreprise en interrogeant la perception des collaborateurs et collaboratrices. 2. Une panoplie de moyens efficaces pour améliorer l’inclusion des personnes en situation de handicap aux seins des organisations.",,,,,LU
https://linkedopendata.eu/entity/Q7503671,2021LU16FFPR001_1,Differdange - Decarbonisation with geothermal energy,Differdange - Décarbonisation avec la géothermie,Luxembourg,01/03/2024,31/12/2028,50.0,3956000.0,EUR,1978000.0,https://linkedopendata.eu/entity/Q7503589,"49.521641122718,5.8810184318047",52,Other renewable energy (including geothermal energy),,,PO08,Just Transition,JTF,JTF,JTF,Just Transition Fund,2021LU16FFPR001,Smarter and greener Europe – LU – ERDF/JTF,,LU_0202,Differdange,,,Luxembourg,,,LU000,2021-2027,"The municipality of Differdange has set itself the objective of achieving carbon neutrality by 2030 and aims to promote an environmentally friendly energy transition. This project aims to provide renewable energy based on geothermal energy to a district of an industrial city in the midst of a green and innovative transition and reduces CO2 emissions by 1,400 to/year.",La commune de Differdange s'est fixé pour objectif d'atteindre la neutralité carbone d'ici 2030 et vise à promouvoir une transition énergétique respectueuse de l'environnement. Ce projet vise à fournir de l'énergie renouvelable sur base de la géothermie à un quartier d'une ville industrielle en pleine transition verte et innovante et permet de réduire les émissions de CO2 de 1.400 to/an.,,,,,LU
https://linkedopendata.eu/entity/Q7503604,2021LU16FFPR001_2,LUX-ULTRA-FAST 2,LUX-ULTRA-FAST 2,Luxembourg,01/01/2024,31/12/2027,40.0,2006977.82,EUR,802791.13,https://linkedopendata.eu/entity/Q3113563,"49.6271194,6.1306279",12,"Research and innovation activities in public research centres, higher education and centres of competence including networking (industrial research, experimental development, feasibility studies)",,,PO01,Smarter Europe,RSO1.1,RSO1.1,ERDF,European Regional Development Fund,2021LU16FFPR001,Smarter and greener Europe – LU – ERDF/JTF,,LU_0304,Luxembourg,,,Luxembourg,,,LU000,2021-2027,"The project aims at yielding cutting-edge research results as well as advancing scientific knowledge in materials spectroscopy for future development of innovative materials. The objectives of the project are to perform groundbreaking research and yield cutting-edge insight into the light-matter interaction in advanced functional materials and novel nano-structured materials. With this new ultrafast spectroscopy setup combining extreme temporal resolution and large sensitivity, the University of Luxembourg will study fundamental processes such as electron-electron and electron-phonon scattering mechanisms at the micro-scale in these materials.","Le projet vise à produire des résultats de recherche de pointe ainsi qu'à faire progresser les connaissances scientifiques en spectroscopie des matériaux pour le développement futur de matériaux innovants. Les objectifs du projet sont d'effectuer des recherches révolutionnaires et de fournir un aperçu de pointe de l'interaction lumière-matière dans les matériaux fonctionnels avancés et les nouveaux matériaux nanostructurés. Avec cette nouvelle installation de spectroscopie ultrarapide combinant une résolution temporelle extrême et une grande sensibilité, l'Université du Luxembourg étudiera des processus fondamentaux tels que les mécanismes de diffusion électron-électron et électron-phonon à l'échelle microscopique dans ces matériaux.",,,,,LU
https://linkedopendata.eu/entity/Q7503602,2021LU16FFPR001_5,ODIN,ODIN,Luxembourg,01/01/2024,31/12/2027,40.0,1170099.49,EUR,468039.8,https://linkedopendata.eu/entity/Q3113563,"49.6271194,6.1306279",29,"Research and innovation processes, technology transfer and cooperation between enterprises, research centres and universities, focusing on the low carbon economy, resilience and adaptation to climate change",,,PO01,Smarter Europe,RSO1.1,RSO1.1,ERDF,European Regional Development Fund,2021LU16FFPR001,Smarter and greener Europe – LU – ERDF/JTF,,LU_0304,Luxembourg,,,Luxembourg,,,LU000,2021-2027,"The key objective of this project is the development of modelling skills and competences allowing to capture the interactions between different elements of the infrastructure supply supporting transport and mobility systems, with a focus on the impact of parking and electromobility solutions. The final product will be a holistic approach integrating transport and energy systems in a ‘Digital Twin’ fashion that will seamlessly integrate transport and energy functionalities.","L'objectif principal de ce projet est le développement d'aptitudes et de compétences en modélisation permettant de saisir les interactions entre les différents éléments de l'offre d'infrastructures soutenant les systèmes de transport et de mobilité, en mettant l'accent sur l'impact des solutions de stationnement et d'électromobilité. Le produit final sera une approche globale intégrant les systèmes de transport et d’énergie d’une manière «jumeau numérique» qui intégrera de manière transparente les fonctionnalités de transport et d’énergie.",,,,,LU
https://linkedopendata.eu/entity/Q7503643,2021LU05FFPR001_2029,e-Services 4 Inclusion,e-Services 4 Inclusion,Luxembourg,01/01/2024,31/12/2025,40.0,246200.0,EUR,98480.0,https://linkedopendata.eu/entity/Q7503585,"49.61407716459,6.1267143840571",134,Measures to improve access to employment,,,PO04,Social Europe,ESO4.1,ESO4.1,ESF+,European Social Fund Plus,2021LU05FFPR001,Investing in the Future - LU - ESF+/JTF,,LU_0304,Luxembourg,,,Luxembourg,,,LU000,2021-2027,"The aim of the project is to use the shortage of IT professionals, which is causing enormous tension in the labour market, to promote an eServices-oriented LowCode-NoCode approach to offer jobseekers the opportunity to increase their skills in order to seize the opportunities offered by the digitalisation of services. By combining interactive diagnostics and in-depth training, Jway's ambitious project seeks to reduce lags in the job market by specifically training people with significant experience, but excluded professionally, to become competent players in digital transformation as ""Business Analyst e-Services"".","Le projet a pour but d’utiliser la pénurie d’informaticiens qui provoque une énorme tension sur le marché de l’emploi pour promouvoir une approche LowCode-NoCode orientée eServices permettant d’offrir à des demandeurs d’emploi la possibilité d'augmenter leurs compétences en vue de saisir les opportunités offertes par la digitalisation des services. En combinant diagnostic interactif et formation approfondie, ce projet ambitieux de Jway cherche à réduire les décalages sur le marché de l'emploi en formant spécifiquement les personnes ayant une expérience significative, mais exclues professionnellement, pour devenir des acteurs compétents de la transformation digitale en tant que ""Business Analyst e-Services"".",,,,,LU
https://linkedopendata.eu/entity/Q7503666,2021LU05FFPR001_2075,NEW PRATICAL SAFETY DAY,NEW PRATICAL SAFETY DAY,Luxembourg,01/07/2024,31/12/2026,40.0,590900.0,EUR,236360.0,https://linkedopendata.eu/entity/Q7503579,"49.521188235059,6.0845686331659",151,Support for adult education (excluding infrastructure),,,PO04,Social Europe,ESO4.7,ESO4.7,ESF+,European Social Fund Plus,2021LU05FFPR001,Investing in the Future - LU - ESF+/JTF,,LU_0201,Bettembourg,,,Luxembourg,,,LU000,2021-2027,"With the New Practical Safety Day project, the IFSB organises tailor-made days dedicated to occupational safety and health in the construction sector. These sessions, organised in partnership with companies, offer interactive and immersive workshops on the premises of the IFSB. Employees learn about preventive measures, essential OSH rules and the use of protective equipment. Objective: raise awareness among 2,400 employees and sustainably strengthen safety, accident prevention and the quality of working conditions.","Avec le projet New Practical Safety Day, l’IFSB organise des journées sur mesure dédiées à la sécurité et à la santé au travail dans le secteur de la construction. Ces sessions, organisées en partenariat avec les entreprises, proposent des ateliers interactifs et immersifs dans les locaux de l’IFSB. Les salariés y apprennent les gestes de prévention, les règles SST essentielles et l’utilisation des équipements de protection. Objectif : sensibiliser 2.400 salariés et renforcer durablement la sécurité, la prévention des accidents et la qualité des conditions de travail.",,,,,LU
https://linkedopendata.eu/entity/Q7503605,2021LU05FFPR001_2004,Energy transition crafts,Transition énérgétique artisanat,Luxembourg,01/07/2023,30/06/2026,50.0,964100.0,EUR,482050.0,https://linkedopendata.eu/entity/Q7503584,"49.521188235059,6.0845686331659",146,"Support for adaptation of workers, enterprises and entrepreneurs to change",,,PO08,Just Transition,JTF,JTF,JTF,Just Transition Fund,2021LU05FFPR001,Investing in the Future - LU - ESF+/JTF,,LU_0201,Bettembourg,,,Luxembourg,,,LU000,2021-2027,"This project is part of the objectives of the National Integrated Energy and Climate Plan (PNEC), which sets out the framework for energy and climate policy in the Grand Duchy of Luxembourg for the period from 2021 to 2030. Craftsmen must therefore not only have an overview of the various techniques and technologies to manage a technical installation, but also extend their fields of competence to neighbouring areas (electricity, BIM, smart building), as provided for in the new constellation of the Craftsman’s Master’s Certificate in Technical Building Engineering. Companies and employees in the craft sector but also in other sectors directly impacted by the energy transition will be mainly affected.","Ce projet s'intègre dans les objectifs du Plan national intégré en matière d’énergie et de climat (PNEC) qui définit le cadre de la politique énergétique et climatique au Grand-Duché de Luxembourg pour la période de 2021 à 2030. Les artisans doivent ainsi non seulement disposer d’une vue d’ensemble des différentes techniques et technologies pour gérer une installation technique, mais aussi étendre leurs champs de compétences aux domaines avoisinants (électricité, BIM, smart building), tels que prévus dans la nouvelle constellation du Brevet de maîtrise artisanal en génie technique du bâtiment. Les entreprises et salarié.e.s du secteur artisanat mais également d’autres secteurs directement impactés par la transition énergétique seront concernées principalement.",,,,,LU
https://linkedopendata.eu/entity/Q7503639,2021LU05FFPR001_2056,Empower to Employ,Empower to Employ,Luxembourg,01/01/2025,31/12/2026,40.0,779300.0,EUR,311720.0,https://linkedopendata.eu/entity/Q7503597,"49.61407716459,6.1267143840571",153,Pathways to integration and re-entry into employment for disadvantaged people,,,PO04,Social Europe,ESO4.8,ESO4.8,ESF+,European Social Fund Plus,2021LU05FFPR001,Investing in the Future - LU - ESF+/JTF,,LU_0304,Luxembourg,,,Luxembourg,,,LU000,2021-2027,"Launched by the Luxembourg-Ukraine Chamber of Commerce (LUCC), this initiative supports Ukrainians under temporary protection in Luxembourg in their professional integration. Through training, coaching, mentoring and networking events, the project helps overcome language, cultural and professional barriers. Objective: support 300 participants through 72 sectoral trainings, 24 practical workshops and 24 feedback sessions, to promote their autonomy and sustainable economic integration.","Lancée par la Luxembourg-Ukraine Chambre de Commerce (LUCC), cette initiative soutient les Ukrainiens sous protection temporaire au Luxembourg dans leur insertion professionnelle. Grâce à formations, coaching, mentorat et événements de réseautage, le projet aide à surmonter les barrières linguistiques, culturelles et professionnelles. Objectif : accompagner 300 participants via 72 formations sectorielles, 24 ateliers pratiques et 24 sessions de feedback, pour favoriser leur autonomie et leur intégration économique durable.",,,,,LU
https://linkedopendata.eu/entity/Q7503640,2021LU05FFPR001_2060,Disconnect360,Disconnect360,Luxembourg,01/01/2025,30/06/2027,40.0,208300.0,EUR,83320.0,https://linkedopendata.eu/entity/Q7503576,"49.61407716459,6.1267143840571",145,Support for the development of digital skills,,,PO04,Social Europe,ESO4.7,ESO4.7,ESF+,European Social Fund Plus,2021LU05FFPR001,Investing in the Future - LU - ESF+/JTF,,LU_0304,Luxembourg,,,Luxembourg,,,LU000,2021-2027,"The project aims to promote the practical application of the right to disconnect in Luxembourg, in response to the risks of hyperconnection on mental health. It relies on 4 sectoral working groups, 4 awareness-raising workshops and a trilingual toolkit to help companies structure their policy. Objectives: 150 employees sensitized, 1 final conference, 1 guide in 3 languages, 100 participants mobilized. Disconnect360 puts well-being at the heart of professional practices and supports employers in their compliance.","Le projet vise à promouvoir l’application concrète du droit à la déconnexion au Luxembourg, en réponse aux risques de l’hyperconnexion sur la santé mentale. Il s’appuie sur 4 groupes de travail sectoriels, 4 ateliers de sensibilisation et un toolkit trilingue pour aider les entreprises à structurer leur politique. Objectifs : 150 salarié·es sensibilisé·es, 1 conférence finale, 1 guide en 3 langues, 100 participant·es mobilisé·es. Disconnect360 place le bien-être au cœur des pratiques professionnelles et accompagne les employeurs dans leur mise en conformité.",,,,,LU
https://linkedopendata.eu/entity/Q7503606,2021LU05FFPR001_2006,PAC training,Formations PAC,Luxembourg,01/01/2023,30/06/2025,50.0,247200.0,EUR,123600.0,https://linkedopendata.eu/entity/Q7503586,"49.61407716459,6.1267143840571",146,"Support for adaptation of workers, enterprises and entrepreneurs to change",,,PO08,Just Transition,JTF,JTF,JTF,Just Transition Fund,2021LU05FFPR001,Investing in the Future - LU - ESF+/JTF,,LU_0304,Luxembourg,,,Luxembourg,,,LU000,2021-2027,"The Trainings PAC project aims first to develop 3 training modules related to the technique of heat pumps and then to provide courses to employees of companies in the heating-sanitary field. The target audience for PAC training is the employees of Luxembourg heating and healthcare companies who plan, install, troubleshoot and maintain heat pumps in buildings.","Le projet Formations PAC vise en premier lieu à élaborer 3 modules de formation liés à la technique des pompes à chaleur pour ensuite dispenser les cours aux salariés des entreprises dans le domaine chauffage-sanitaire. Le public-cible pour les formations PAC sont les salariés des entreprises chauffage-sanitaire luxembourgeoises qui sont amenés à planifier, installer, dépanner et maintenir des pompes à chaleur dans les bâtiments.",,,,,LU
https://linkedopendata.eu/entity/Q7503673,2021LU16FFPR001_18,LETZGROW2,LETZGROW2,Luxembourg,01/10/2024,30/06/2028,40.0,750000.0,EUR,300000.0,https://linkedopendata.eu/entity/Q3113563,"49.6271194,6.1306279",12,"Research and innovation activities in public research centres, higher education and centres of competence including networking (industrial research, experimental development, feasibility studies)",,,PO01,Smarter Europe,RSO1.1,RSO1.1,ERDF,European Regional Development Fund,2021LU16FFPR001,Smarter and greener Europe – LU – ERDF/JTF,,LU_0304,Luxembourg,,,Luxembourg,,,LU000,2021-2027,"This project aims to implement a research laboratory in the “Maison des Matériaux” in Belval specialising in the development of single crystals. A monocrystal is a solid material consisting of a single crystal, formed from a single germ and which is mainly used in the sectors of environmental technology (solar panels), biotechnology (microfluid apparatus for blood analysis) and ICT (sensors for autonomous driving, smartphones and computers). Monocrystals are also used in the design of transistors, diodes and solar cells used in electronic devices and solar energy systems.","Ce projet vise l'implémentation d’un laboratoire de recherche dans la “Maison des Matériaux” à Belval spécialisé dans le développement de monocristaux. Un monocristal est un matériau solide constitué d'un unique cristal, formé à partir d’un seul germe et qui est principalement utilisé dans les secteurs de l’écotechnologie (panneaux solaires), de la biotechnologie (appareil microfluide pour l’analyse sanguine) et de la TIC (capteurs pour la conduite autonome, smartphones et ordinateurs). Les monocristaux sont également utilisés dans la conception de transistors, de diodes et de cellules solaires utilisés dans les appareils électroniques et les systèmes d'énergie solaire.",,,,,LU
https://linkedopendata.eu/entity/Q7503603,2021LU16FFPR001_14,UDAM@UNI.LU,UDAM@UNI.LU,Luxembourg,01/09/2023,31/12/2027,40.0,1725889.77,EUR,690355.91,https://linkedopendata.eu/entity/Q3113563,"49.6271194,6.1306279",29,"Research and innovation processes, technology transfer and cooperation between enterprises, research centres and universities, focusing on the low carbon economy, resilience and adaptation to climate change",,,PO01,Smarter Europe,RSO1.1,RSO1.1,ERDF,European Regional Development Fund,2021LU16FFPR001,Smarter and greener Europe – LU – ERDF/JTF,,LU_0304,Luxembourg,,,Luxembourg,,,LU000,2021-2027,"The Department of Engineering of the University of Luxembourg is proposing another Competence Centre on Unlimited Design and Additive Manufacturing. Additive manufacturing, also known as 3D printing, is an emerging technology to build up parts layer by layer directly from a computer-aided design (CAD) model. Therefore, it allows for complex geometries, higher accuracy and cost efficiency, while minimising waste and environmental impact.","Le département d'ingénierie de l'Université du Luxembourg propose un autre centre de compétences sur la conception illimitée et la fabrication additive. La fabrication additive, également connue sous le nom d'impression 3D, est une technologie émergente permettant de construire des pièces couche par couche directement à partir d'un modèle de conception assistée par ordinateur (CAO). Par conséquent, il permet des géométries complexes, une plus grande précision et un meilleur rapport coût-efficacité, tout en minimisant les déchets et l'impact environnemental.",,,,,LU
https://linkedopendata.eu/entity/Q7503634,2021LU05FFPR001_2027,Let'z Work!,Let'z Work !,Luxembourg,01/01/2024,31/12/2025,40.0,329900.0,EUR,131960.0,https://linkedopendata.eu/entity/Q7503582,"49.61407716459,6.1267143840571",134,Measures to improve access to employment,,,PO04,Social Europe,ESO4.1,ESO4.1,ESF+,European Social Fund Plus,2021LU05FFPR001,Investing in the Future - LU - ESF+/JTF,,LU_0304,Luxembourg,,,Luxembourg,,,LU000,2021-2027,"Lët’z Work! aims to increase the employability of applicants for international protection (DPI), i.e. the individual’s ability to maintain or acquire the skills necessary to find a job, to understand the labour market in Luxembourg and to be able to adapt to changes.Since 2004, the Migrants and Refugees Service of the Luxembourg Red Cross has been taking care of applicants for international protection. With its expertise and the individual support proposed, the Red Cross will rely on four areas of work to achieve this objective: an offer of collective workshops, individual follow-up of the participant through a skills assessment and regular meetings, the creation of a mentoring programme and the search for partner companies.","Lët’z Work ! a pour objectif d’augmenter l’employabilité des demandeurs de protection internationale (DPI) soit la capacité individuelle à maintenir ou acquérir les compétences nécessaires pour trouver un emploi, à comprendre le marché du travail au Luxembourg et à pouvoir s’adapter aux changements.Depuis 2004, le Service Migrants et Réfugiés de la Croix-Rouge luxembourgeoise assure la prise en charge des demandeurs de protection internationale. Forte de son expertise et de l’accompagnement individuel proposé, la Croix-Rouge s’appuiera sur 4 axes de travail pour atteindre cet objectif : une offre de workshops collectif, le suivi individuel du participant par un bilan de compétences et des rencontres régulières, la création d’un programme de mentorat et la recherche d’entreprises partenaires.",,,,,LU
https://linkedopendata.eu/entity/Q7503665,2021LU16FFPR001_16,Boosting Energy Transition: qualitative reinforcement and thematic expansion of Klima-Agence's core advisory activities,Boosting Energy Transition: renforcement qualitatif et élargissement thématique des activités de conseil de base de Klima-Agence,Luxembourg,01/01/2022,31/12/2027,40.0,2000000.0,EUR,800000.0,https://linkedopendata.eu/entity/Q7503594,"49.61407716459,6.1267143840571",46,"Support to entities that provide services contributing to the low carbon economy and to resilience to climate change, including awareness-raising measures",,,PO02,"Greener, carbon-free Europe",RSO2.1,RSO2.1,ERDF,European Regional Development Fund,2021LU16FFPR001,Smarter and greener Europe – LU – ERDF/JTF,,LU_0304,Luxembourg,,,Luxembourg,,,LU000,2021-2027,"This project aims to strengthen the ""Advisory and operational implementation"" department to place particular emphasis on expertise in energy efficiency and the decarbonisation of heating systems, as well as to develop and implement a specific support offer for the municipal sector aimed at the development of public charging infrastructure and the electrification of municipal fleets.","Ce projet vise à renforcer le département ""Conseil et implémentation opérationnelle"" permettant de mettre un accent particulier sur l'expertise au niveau de l'efficience énergétique et la décarbonisation des systèmes de chauffage, ainsi qu'à développer et de mettre en place une offre d'accompagnement spécifique pour le secteur communal visant le développement d'infrastructure de charge publique et l'électrification des flottes communales.",,,,,LU
https://linkedopendata.eu/entity/Q7503625,2021LU05FFPR001_2035,TRENOVERG,TRENOVERG,Luxembourg,01/01/2024,31/12/2025,50.0,203000.0,EUR,101500.0,https://linkedopendata.eu/entity/Q7503579,"49.521188235059,6.0845686331659",146,"Support for adaptation of workers, enterprises and entrepreneurs to change",,,PO08,Just Transition,JTF,JTF,JTF,Just Transition Fund,2021LU05FFPR001,Investing in the Future - LU - ESF+/JTF,,LU_0201,Bettembourg,,,Luxembourg,,,LU000,2021-2027,"In view of the challenges and climate change facing the construction sector, it is essential to train manual workers in new techniques and materials. The current construction market is evolving with a very important energy renovation market. The latter is essential to the satisfaction of the national plan linked to the reduction of greenhouse gas emissions. The Trenoverg project consists in training manual employees in the construction sector in the implementation of new techniques and materials on construction sites especially on the theme of energy renovation of buildings. This project will offer 6 training models for 144 participants until 31 December 2025.","Aux vues des enjeux et changements climatiques qui se présentent pour le secteur de la construction, il est primordial de former les salariés manuels aux nouvelles techniques et nouveaux matériaux. Le marché de la construction actuel est en évolution avec un marché de la rénovation énergétique très important. Ce dernier est indispensable à la satisfaction du plan national lié à la diminution des émissions de gaz à effet de serre. Le projet Trenoverg consiste en effet à former les salariés manuels du secteur de la construction à la mise en œuvre des nouvelles techniques et matériaux sur les chantiers de construction spécialement sur la thématique de la rénovation énergétique des bâtiments. Ce projet proposera 6 modèles de formations pour un nombre de 144 participants jusqu’au 31 Décembre 2025.",,,,,LU
https://linkedopendata.eu/entity/Q7503615,2021LU05FFPR001_2015,Orientation in times of crisis,L'orientation en temps de crise,Luxembourg,01/07/2023,30/06/2025,40.0,142000.0,EUR,56800.0,https://linkedopendata.eu/entity/Q7503576,"49.61407716459,6.1267143840571",149,Support for primary to secondary education (excluding infrastructure),,,PO04,Social Europe,ESO4.5,ESO4.5,ESF+,European Social Fund Plus,2021LU05FFPR001,Investing in the Future - LU - ESF+/JTF,,LU_0304,Luxembourg,,,Luxembourg,,,LU000,2021-2027,"The world is undergoing major upheavals, so it is crucial to be able to anticipate and prepare for uncertainty with resilience. These upheavals have an impact on all sectors: the daily life of young people, the professional and educational world. To help young people demonstrate resilience, IMS Luxembourg, with the support of the ESF, MENEJ and the Maison de l’Orientation, will deliver 8 workshops for young people, bringing together at least one company and one formal education actor each time. Thereafter, 8 actions will be deployed to enable young people to consolidate the skills and knowledge needed to demonstrate resilience. In addition, two major awareness-raising events will be organized to bring together business professionals, high schools, young people and parents around this subject. The various targets are targeted through this project: high school pupils in Luxembourg, the guidance units of high schools in Luxembourg and the educational staff of schools as well as businesses.","Le monde connaît de grands bouleversements, il est donc primordial de savoir anticiper et de se préparer à faire face à l’incertitude avec résilience. Ces bouleversements impactent tous les secteurs : le quotidien des jeunes, le monde professionnel et éducatif. Pour aider les jeunes à faire preuve de résilience, IMS Luxembourg avec le soutien du FSE, de MENEJ et de la Maison de l’Orientation, dispensera 8 ateliers à destination des jeunes et rassemblant au moins à chaque fois une entreprise et un acteur de l’éducation formelle. Par la suite, 8 actions seront déployées pour permettre aux jeunes de consolider les compétences et connaissances utiles pour faire preuve de résilience. En complément, deux grands événements de sensibilisation seront organisés pour réunir les professionnels des entreprises, les lycées, les jeunes et les parents autour de ce sujet. Les différentes cibles sont visées à travers ce projet :les élèves de lycées au Luxembourg, les cellules d’orientation des lycées au Luxembourg et le personnel éducatif des écoles ainsi que les entreprises.",,,,,LU
https://linkedopendata.eu/entity/Q7503633,2021LU05FFPR001_2048,CarboneCoaching,CarboneCoaching,Luxembourg,01/07/2024,30/06/2026,50.0,315100.0,EUR,157550.0,https://linkedopendata.eu/entity/Q7503579,"49.521188235059,6.0845686331659",146,"Support for adaptation of workers, enterprises and entrepreneurs to change",,,PO08,Just Transition,JTF,JTF,JTF,Just Transition Fund,2021LU05FFPR001,Investing in the Future - LU - ESF+/JTF,,LU_0201,Bettembourg,,,Luxembourg,,,LU000,2021-2027,"Craftsmen, get ready for the low-carbon transition The CarboneCoaching project supports craft professionals in the face of the challenges of decarbonisation. Many craft enterprises still lack the tools and skills to adapt to environmental requirements. This programme offers accessible training, focusing on national and European challenges, and on carbon impact assessment. The objective: train and equip artisans to anticipate low-carbon bonds, while valuing their role in the ecological and sustainable transition.","Artisans, préparez-vous à la transition bas carbone Le projet CarboneCoaching accompagne les professionnels de l’artisanat face aux défis de la décarbonation. Nombreuses sont les entreprises artisanales qui manquent encore d’outils et de compétences pour s’adapter aux exigences environnementales. Ce programme propose des formations accessibles, centrées sur les enjeux nationaux et européens, et sur l’évaluation de l’impact carbone. L’objectif : former et outiller les artisans pour anticiper les obligations bas carbone, tout en valorisant leur rôle dans la transition écologique et durable.",,,,,LU
https://linkedopendata.eu/entity/Q7503628,2021LU05FFPR001_2040,Resilient Generation,Resilient Generation,Luxembourg,01/07/2023,30/06/2025,40.0,216600.0,EUR,86640.0,https://linkedopendata.eu/entity/Q7503579,"49.521188235059,6.0845686331659",149,Support for primary to secondary education (excluding infrastructure),,,PO04,Social Europe,ESO4.5,ESO4.5,ESF+,European Social Fund Plus,2021LU05FFPR001,Investing in the Future - LU - ESF+/JTF,,LU_0201,Bettembourg,,,Luxembourg,,,LU000,2021-2027,"Lack of labour is a major obstacle to the development of craft enterprises, particularly in the construction sector. In this context, vocational training, including early guidance, plays a crucial role. As a Building Sector Training Institute, it is essential to work with partners to attract young people, mainly in the 17-20 age group, to meet the future challenges of the sector, with a focus on digitalization and the discovery of emerging professions. 2041 participants will be divided into 5 types of activities under the Resilient Generation project.","Le manque de main-d'œuvre constitue un obstacle majeur au développement des entreprises artisanales, en particulier dans le secteur de la construction. Dans ce contexte, la formation professionnelle, notamment l'orientation précoce, joue un rôle crucial. En tant qu'Institut de Formation Sectoriel du Bâtiment, il est essentiel de collaborer avec des partenaires pour attirer les jeunes, principalement dans la tranche d'âge 17-20 ans, en vue de relever les défis futurs du secteur, en mettant l'accent sur la digitalisation et la découverte des métiers émergents. 2041 participants seront répartis dans 5 types d’activités dans le cadre du projet Resilient Generation.",,,,,LU
https://linkedopendata.eu/entity/Q7503621,2021LU05FFPR001_2025,LINK+,LINK+,Luxembourg,01/01/2024,31/12/2025,40.0,337200.0,EUR,134880.0,https://linkedopendata.eu/entity/Q7503578,"49.61407716459,6.1267143840571",136,Specific support for youth employment and socio-economic integration of young people,,,PO04,Social Europe,ESO4.1,ESO4.1,ESF+,European Social Fund Plus,2021LU05FFPR001,Investing in the Future - LU - ESF+/JTF,,LU_0304,Luxembourg,,,Luxembourg,,,LU000,2021-2027,"The objective of the project is to improve the professional opportunities of young people from the care facilities of Solina Solidarité Jeunes a.s.b.l. and Wunnéngshëllef a.s.b.l. by providing them with intensive support throughout their integration into the world of work. The target audience is young people and young adults aged 16 to 27 who have dropped out of school or work, from the care facilities (homes and supervised social housing) of Solina Solidarité Jeunes a.s.b.l. and Wunnéngshëllef a.s.b.l. The most represented category: NEETs. The objective is to guide them, to accompany them intensively in order to increase their motivation, perseverance and employability.","L' Objectif du projet est d'améliorer les opportunités professionnelles des jeunes issus des structures d’accueil de Solina Solidarité Jeunes a.s.b.l. et de Wunnéngshëllef a.s.b.l. en les accompagnant de manière intensive tout au long de leur parcours d’insertion dans le monde du travail. Le public cible sont les jeunes et jeunes adultes de 16 à 27 ans en décrochage scolaire ou professionnel, issus des structures d’accueil (foyers et logements sociaux encadrés) de Solina Solidarité Jeunes a.s.b.l. et de Wunnéngshëllef a.s.b.l. La catégorie la plus représentée: les NEET. L'objectif est de les orienter, de les accompagner de façon intensive afin d'augmenter leur motivation, persévérance et employabilité.",,,,,LU
https://linkedopendata.eu/entity/Q7503610,2021LU05FFPR001_2003,Cross Road,Cross Road,Luxembourg,01/07/2023,30/06/2025,40.0,300000.0,EUR,120000.0,https://linkedopendata.eu/entity/Q3113599,"50.131648362669,6.0656118600782",154,"Measures to improve access of marginalised groups such as the Roma to education, employment and to promote their social inclusion",,,PO04,Social Europe,ESO4.8,ESO4.8,ESF+,European Social Fund Plus,2021LU05FFPR001,Investing in the Future - LU - ESF+/JTF,,LU_0505,Weiswampach,,,Luxembourg,,,LU000,2021-2027,The CROSS ROADS project is an initiative to equip beneficiaries with the necessary information and guidance so that they can make choices for their professional future and take the initiative. It aims to remotivate beneficiaries to resume their socio-professional integration and become actors in their development. The project aims to reach people in vulnerable situations who are at an important crossroads of their professional development as well as people with a migrant background.,Le projet CROSS ROADS est une initiative pour équiper les bénéficiaires des informations et orientations nécessaires afin qu'ils/elles puissent faire des choix pour leur avenir professionnel et prendre l'initiative. Il vise à remotiver les bénéficiaires à reprendre leur intégration socio-professionnelle en main et à devenir acteur de leur développement. Le projet vise à toucher des personnes en situation de vulnérabilité et qui se trouvent à un carrefour important de leur développement professionnel ainsi que les personnes issues de la migration.,,,,,LU
https://linkedopendata.eu/entity/Q7503638,2021LU05FFPR001_2055,Skills for employment (SFE),Skills for employment (SFE),Luxembourg,01/01/2025,31/12/2026,40.0,292700.0,EUR,117080.0,https://linkedopendata.eu/entity/Q7503599,"49.61407716459,6.1267143840571",153,Pathways to integration and re-entry into employment for disadvantaged people,,,PO04,Social Europe,ESO4.8,ESO4.8,ESF+,European Social Fund Plus,2021LU05FFPR001,Investing in the Future - LU - ESF+/JTF,,LU_0304,Luxembourg,,,Luxembourg,,,LU000,2021-2027,"This Women in Distress (WED) project supports women in vulnerable situations, registered with ONIS, in a professional activity in a solidarity shop. Participants develop technical skills (sales, logistics, stock management), social skills (communication, teamwork) and transversal skills (organization, self-confidence). Objective: 16 women supported over two years through socio-pedagogical coaching, skills workshops, individual assessment and action plan towards employment. EDF-Store concretely promotes active inclusion in the labour market.","Ce projet de Femmes en détresse (FED) accompagne des femmes en situation de vulnérabilité, inscrites à l’ONIS, dans une activité professionnelle au sein d’une boutique solidaire. Les participantes y développent des compétences techniques (vente, logistique, gestion de stock), sociales (communication, travail en équipe) et transversales (organisation, confiance en soi). Objectif : 16 femmes accompagnées sur deux ans via encadrement sociopédagogique, ateliers de compétences, bilan individuel et plan d’action vers l’emploi. FED-Store favorise concrètement l’inclusion active sur le marché du travail.",,,,,LU
https://linkedopendata.eu/entity/Q7503659,2021LU16FFPR001_10,Sustainable public transportation operated with hydrogene nozzles,Sustainable public transportation operated with hydrogene buses,Luxembourg,16/01/2023,31/12/2025,50.0,5200000.0,EUR,2600000.0,https://linkedopendata.eu/entity/Q7322356,"49.6271194,6.1306279",82,Clean urban transport rolling stock,,,PO08,Just Transition,JTF,JTF,JTF,Just Transition Fund,2021LU16FFPR001,Smarter and greener Europe – LU – ERDF/JTF,,LU_0304,Luxembourg,,,Luxembourg,,,LU000,2021-2027,"The CTBT has the ambitious ""no-emission"" goal for the renewal of its bus fleet that serves the southern region of the country. By 2030, the bus fleet will be completely converted into alternative propulsion, making the use of diesel-burning buses obsolete. The future fleet will consist of battery-powered electric motor buses, buses equipped with a fuel cell (hydrogen) and efficient hybrid buses with CNG (compressed natural gas). The purpose of this JTF project is limited to the acquisition of 8 buses equipped with a fuel cell.","Le TICE a l'objectif ambitieux « no-emission » pour le renouvellement de sa flotte de bus qui assure la desserte de la région Sud du pays. A l'horizon 2030, la flotte de bus sera complètement convertie en propulsions alternatives, rendant obsolète l'utilisation de bus à combustion de diesel. La future flotte sera composée de bus à moteur électrique alimentés par batterie, de bus équipés d’une pile à combustible (hydrogène) et de bus efficienthybrid à CNG (compressed natural gaz). L’objet de ce projet FTJ se limite à l'acquisition de 8 bus équipés d’une pile à combustible.",,,,,LU
https://linkedopendata.eu/entity/Q7503630,2021LU05FFPR001_2045,Sustainable development in crafts,Développement durable dans l'Artisanat,Luxembourg,01/01/2024,30/06/2026,50.0,658700.0,EUR,329350.0,https://linkedopendata.eu/entity/Q7503586,"49.61407716459,6.1267143840571",146,"Support for adaptation of workers, enterprises and entrepreneurs to change",,,PO08,Just Transition,JTF,JTF,JTF,Just Transition Fund,2021LU05FFPR001,Investing in the Future - LU - ESF+/JTF,,LU_0304,Luxembourg,,,Luxembourg,,,LU000,2021-2027,"As part of the ecological transition, the Chamber of Trades offers a catalogue of training courses to help artisans meet the challenges of sustainable development. The project has two components: - ""Sustainability"" training courses: they cover the circular economy, CSR, CSRD, decarbonisation, human rights, etc., with a focus on practical skills for businesses. - ""Nohalteg an d'Zukunft +"" training courses: In partnership with the Energy Agency, this programme focuses on sustainable and efficient construction. A label is issued after passing an exam. Target audience: all employees of craft enterprises. Objectives: 1140 people trained, 39 ""Sustainability"" sessions, 75 ""Nohalteg an d'Zukunft +"" sessions.","Dans le cadre de la transition écologique, la Chambre des Métiers propose un catalogue de formations pour aider les artisans à relever les défis du développement durable. Le projet comprend deux volets : - Formations ""Sustainability"" : elles couvrent l’économie circulaire, la RSE, la CSRD, la décarbonation, les droits humains, etc., avec un focus sur des compétences pratiques pour les entreprises. - Formations ""Nohalteg an d’Zukunft +"" : en partenariat avec l’Energieagence, ce programme porte sur la construction durable et performante. Un label est délivré après réussite d’un examen. Public cible : tous les salariés d’entreprises artisanales. Objectifs : 1140 personnes formées, 39 sessions ""Sustainability"", 75 sessions ""Nohalteg an d’Zukunft +"".",,,,,LU
https://linkedopendata.eu/entity/Q7503646,2021LU05FFPR001_2070,"Concepts of AML, KYC & Compliance","Concepts of AML, KYC & Compliance",Luxembourg,01/01/2025,31/12/2026,40.0,150700.0,EUR,60280.0,https://linkedopendata.eu/entity/Q3113580,"49.61407716459,6.1267143840571",134,Measures to improve access to employment,,,PO04,Social Europe,ESO4.1,ESO4.1,ESF+,European Social Fund Plus,2021LU05FFPR001,Investing in the Future - LU - ESF+/JTF,,LU_0304,Luxembourg,,,Luxembourg,,,LU000,2021-2027,"The House of Training, in partnership with ADEM and ABBL, offers a programme for jobseekers registered with ADEM to develop skills in AML, KYC and Compliance. Co-financed by the European Union (ESF+) and the Ministry of Labour, this hybrid programme (presental and e-learning) also integrates the fundamentals of digital finance and ICT risk management. Objective: accompanying 112 jobseekers by 2026 to posts in financial compliance and risk analysis.","La House of Training, en partenariat avec l’ADEM et l’ABBL, propose un programme destiné aux demandeurs d’emploi inscrits à l’ADEM pour développer des compétences en AML, KYC et Compliance. Cofinancé par l'Union européenne (FSE+) et le Ministère du Travail, ce programme hybride (présentiel et e-learning) intègre aussi les fondamentaux de la finance digitale et de la gestion des risques TIC. Objectif : accompagner 112 demandeurs d’emploi d’ici 2026 vers des postes dans la conformité financière et l’analyse des risques.",,,,,LU
https://linkedopendata.eu/entity/Q7503656,2021LU16FFPR001_6,Installation of photovoltaic panels at the Kinneksbond School Campus in Mamer,Installation de panneaux photovoltaïques au Campus scolaire Kinneksbond à Mamer,Luxembourg,01/01/2023,31/12/2024,40.0,1250000.0,EUR,500000.0,https://linkedopendata.eu/entity/Q3113575,"49.630053719364,6.0051312893642",48,Renewable energy: solar,,,PO02,"Greener, carbon-free Europe",RSO2.2,RSO2.2,ERDF,European Regional Development Fund,2021LU16FFPR001,Smarter and greener Europe – LU – ERDF/JTF,,LU_0108,Mamer,,,Luxembourg,,,LU000,2021-2027,"The Municipality of Mamer is planning the installation of 4 photovoltaic installations on different roofs at the Kinneksbond School Campus. The objective of the project is to produce the maximum amount of renewable energy on existing roofs and thus reduce the environmental impact from electrical energy. Indeed, these installations will save about 279,000 kg CO2 per year.","La Commune de Mamer planifie la mise en place de 4 installations photovoltaïques sur différentes toitures au Campus Scolaire Kinneksbond. L'objectif du projet est de produire le maximum d’énergie renouvelable sur des toitures existantes et de diminuer ainsi l’impact environnemental provenant de l’énergie électrique. En effet, ces installations économiseront environ 279.000 kg CO2 par an.",,,,,LU
https://linkedopendata.eu/entity/Q7503636,2021LU05FFPR001_2049,Schweesdrëps Workshop 2025-2026,Atelier Schweesdrëps 2025-2026,Luxembourg,01/01/2025,31/12/2026,40.0,252000.0,EUR,100800.0,https://linkedopendata.eu/entity/Q7503575,"49.61407716459,6.1267143840571",153,Pathways to integration and re-entry into employment for disadvantaged people,,,PO04,Social Europe,ESO4.8,ESO4.8,ESF+,European Social Fund Plus,2021LU05FFPR001,Investing in the Future - LU - ESF+/JTF,,LU_0304,Luxembourg,,,Luxembourg,,,LU000,2021-2027,"Every day, nearly 250 people are accompanied in the rehabilitation workshops of the Stëmm vun der Strooss. The Schweesdrëps therapeutic workshop enables around 40 people to regain their confidence through valuable work: In 2024, 97 tonnes of sportswear were washed there. This project finances the commitment of an additional educator, which is essential to ensure quality supervision, group cohesion and individual support. Target audience: people in difficulty or away from work. Objective: accommodate 15 more people in reintegration and increase the capacity to process laundry.","Chaque jour, près de 250 personnes sont accompagnées dans les ateliers de réinsertion de la Stëmm vun der Strooss. L’atelier thérapeutique Schweesdrëps permet à une quarantaine de personnes de reprendre confiance via un travail valorisant : en 2024, 97 tonnes de vêtements de sport y ont été lavées. Ce projet finance l’engagement d’un éducateur supplémentaire, indispensable pour garantir un encadrement de qualité, la cohésion du groupe et un accompagnement individuel. Public-cible : personnes en difficulté ou éloignées de l’emploi. Objectif : accueillir 15 personnes de plus en réinsertion et augmenter la capacité de traitement du linge.",,,,,LU
https://linkedopendata.eu/entity/Q7503622,2021LU05FFPR001_2028,LAMA-Academy seasons 2 & 3 (2023 - 2025),LAMA-Academy saisons 2 & 3 (2023 - 2025),Luxembourg,01/07/2023,30/06/2025,40.0,222800.0,EUR,89120.0,https://linkedopendata.eu/entity/Q7503581,"49.61407716459,6.1267143840571",140,Support for labour market matching and transitions,,,PO04,Social Europe,ESO4.7,ESO4.7,ESF+,European Social Fund Plus,2021LU05FFPR001,Investing in the Future - LU - ESF+/JTF,,LU_0304,Luxembourg,,,Luxembourg,,,LU000,2021-2027,"Young graduates who enter the marketing-communication environment at the end of their studies are most often disoriented at the beginning of their career because the theoretical training provided to them (usually abroad) is not applicable as it is in Luxembourg where the tools, supports and means are very different. The objective of the project is to grow these young graduates by sharing the field experience of experienced professionals of the place to teach them what is not learned in books or on the benches of the university. The Markcom, organizes a series of 20 workshops addressing the fundamentals of marketing and media through the prism of the reality of the Luxembourg terrain.","Les jeunes diplômés qui intègrent le milieu du marketing-communication à l'issue de leurs études sont le plus souvent désorientés en début de carrière car la formation théorique qui leur a été dispensée (généralement à l'étranger) n'est pas applicable en l'état à Luxembourg où les outils, les supports et les moyens sont très différents. L'objectif du projet est de faire grandir ces jeunes diplômés en leur partageant l'expérience du terrain des professionnels expérimentés de la place pour leur enseigner ce qui ne s'apprend ni dans les livres ni sur les bancs de la fac. La Markcom, organise une série de 20 workshops abordant les fondamentaux du marketing et des médias à travers le prisme de la réalité du terrain luxembourgeois.",,,,,LU
https://linkedopendata.eu/entity/Q7503644,2021LU05FFPR001_2066,HandiMentor Connect,HandiMentor Connect,Luxembourg,01/01/2025,31/12/2026,40.0,183000.0,EUR,73200.0,https://linkedopendata.eu/entity/Q7503576,"49.61407716459,6.1267143840571",153,Pathways to integration and re-entry into employment for disadvantaged people,,,PO04,Social Europe,ESO4.8,ESO4.8,ESF+,European Social Fund Plus,2021LU05FFPR001,Investing in the Future - LU - ESF+/JTF,,LU_0304,Luxembourg,,,Luxembourg,,,LU000,2021-2027,"This project aims to strengthen the professional inclusion of people with disabilities in Luxembourg. IMS offers a 12-week mentorship: a high-level manager is matched with a person with a disability. Objectives: 12 pairs, 5 workshops, 1 good practice report, 1 communication campaign, 1 final event, 100 participants. Through proof by example, the project helps organisations to sustainably transform their culture and make disability a lever for inclusion.","Ce projet vise à renforcer l’inclusion professionnelle des personnes en situation de handicap au Luxembourg. IMS propose un mentorat de 12 semaines : un·e manager de haut niveau est jumelé·e avec une personne concernée par le handicap. Objectifs : 12 binômes, 5 ateliers, 1 rapport de bonnes pratiques, 1 campagne de communication, 1 événement final, 100 participant·es. Grâce à la preuve par l’exemple, le projet aide les organisations à transformer durablement leur culture et à faire du handicap un levier d’inclusion.",,,,,LU
https://linkedopendata.eu/entity/Q7503616,2021LU05FFPR001_2016,Digital Skills Partnership Program,Digital Skills Partnership Program,Luxembourg,01/01/2023,31/12/2024,70.0,270000.0,EUR,189000.0,https://linkedopendata.eu/entity/Q7503576,"49.61407716459,6.1267143840571",138,Support for social economy and social enterprises,,,PO04,Social Europe,ESO4.7,ESO4.7,ESF+,European Social Fund Plus,2021LU05FFPR001,Investing in the Future - LU - ESF+/JTF,,LU_0304,Luxembourg,,,Luxembourg,,,LU000,2021-2027,The Digital Skills Partnership project aims to strengthen digital skills in Luxembourg by promoting partnerships between companies and associations. It is part of the context of the digital transition that impacts all aspects of society. The CSP aims to establish links between companies and initiatives in the digital field.,Le projet Digital Skills Partnership a pour objectif de renforcer les compétences numériques au Luxembourg en favorisant des partenariats entre les entreprises et les associations. Il s'inscrit dans le contexte de la transition numérique qui impacte tous les aspects de la société. Le DSP vise à établir des liens entre les entreprises et les initiatives engagées dans le domaine du digital.,,,,,LU
https://linkedopendata.eu/entity/Q7503612,2021LU05FFPR001_2001,Social restaurant Esch 2023,Restaurant social Esch 2023,Luxembourg,01/01/2023,31/12/2023,40.0,107000.0,EUR,42800.0,https://linkedopendata.eu/entity/Q7503575,"49.61407716459,6.1267143840571",153,Pathways to integration and re-entry into employment for disadvantaged people,,,PO04,Social Europe,ESO4.8,ESO4.8,ESF+,European Social Fund Plus,2021LU05FFPR001,Investing in the Future - LU - ESF+/JTF,,LU_0304,Luxembourg,,,Luxembourg,,,LU000,2021-2027,"Since 2021, the number of people welcomed per day has been doubled. Moreover, a strengthening of the management team has made it possible to support 12 people able to reintegrate professionally who contribute to room service, cleaning, meal preparation. In 2022, 47,000 meals were provided and 32,000 people served. This project helps more homeless people by covering all basic needs (feeding, dressing, caring and creating social bonds) and it also helps to preserve calm on the streets of the city. The target audience is jobseekers who cannot access the first job market, TUC (collective benefit worker) offered by ONIS.","Depuis 2021, le nombre de personnes accueillies par jour a pu être doublé. D'ailleurs, un renforcement de l'équipe encadrante a permis d'accompagner 12 personnes en mesure de réinsertion professionnelle qui contribuent au service en salle, au nettoyage, à la préparation des repas. En 2022, 47.000 repas ont été fournis et 32.000 personnes servies. Ce projet permet d'aider davantage de sans-abris en couvrant tous les besoins de base (se nourrir, se vêtir, se soigner et créer du lien social) et cela aide aussi à préserver le calme dans les rues de la ville. Le public cible est composé de demandeurs d'emploi ne pouvant accéder au premier marché de l'emploi, TUC (travailleur d'utilité collectif) proposé par l’ONIS.",,,,,LU
https://linkedopendata.eu/entity/Q7503618,2021LU05FFPR001_2021,PSD - Practical Safety Day,PSD - Practical Safety Day,Luxembourg,01/07/2023,30/06/2025,40.0,132200.0,EUR,52880.0,https://linkedopendata.eu/entity/Q7503579,"49.521188235059,6.0845686331659",146,"Support for adaptation of workers, enterprises and entrepreneurs to change",,,PO04,Social Europe,ESO4.7,ESO4.7,ESF+,European Social Fund Plus,2021LU05FFPR001,Investing in the Future - LU - ESF+/JTF,,LU_0201,Bettembourg,,,Luxembourg,,,LU000,2021-2027,"The construction sector is an accident-prone sector because of its activities. Therefore, it is good to constantly remind workers of the basics of occupational safety and health in order to make them aware of occupational risks at their workplace. This will be done through the organization of safety and health days at work (Safety Day) which will be composed of different thematic workshops to be chosen by the company according to the specificities of the company. There will be a minimum of 6 workshops per day.","Les secteur de la construction est un secteur accidentogène de par ses activités. Par conséquent, il est bon de rappeler en permanence les bases de la sécurité et santé au travail aux travailleurs et cela afin de les sensibiliser aux risques professionnels sur leur poste de travail. Cela se fera grâce à l'organisation de journées sécurité et santé au travail (Safety Day) qui seront composées de différents ateliers thématiques à choisir par l'entreprise en fonction des spécificités de l'entreprise. Il y a aura au minimum 6 ateliers par journée.",,,,,LU
https://linkedopendata.eu/entity/Q7503657,2021LU16FFPR001_8,Construction of a biogas production line with trigeneration plant and in situ use of heat production,Construction d'une filière de production de biogaz avec centrale de trigénération et utilisation in situ de la production calorifique,Luxembourg,01/07/2027,01/12/2027,40.0,3000000.0,EUR,1200000.0,https://linkedopendata.eu/entity/Q7503591,"49.531926510866,6.0113690566656",50,Renewable energy: biomass with high greenhouse gas savings,,,PO02,"Greener, carbon-free Europe",RSO2.2,RSO2.2,ERDF,European Regional Development Fund,2021LU16FFPR001,Smarter and greener Europe – LU – ERDF/JTF,,LU_0208,Mondercange,,,Luxembourg,,,LU000,2021-2027,This project aims to build a second biogas production chain from organic waste from the collection of the green waste bin and to recover biogas in a cogeneration plant simultaneously producing green electricity and green heating energy (heat and cold). The electricity will be consumed in the Minett-Kompost treatment facilities and the surplus will be injected into the CREOS network.,Ce projet a pour objectif de construire une seconde filière de production de biogaz à partir de déchets organiques provenant de la collecte de la poubelle verte et de valoriser du biogaz dans une centrale de cogénération produisant simultanément de l'électricité verte et de l'énergie calorifique verte (chaleur et froid). L'électricité sera consommée dans les installations de traitement du Minett-Kompost et le surplus sera injecté dans le réseau CREOS.,,,,,LU
https://linkedopendata.eu/entity/Q7503654,2021LU05FFPR001_2051,ReStart!,ReStart!,Luxembourg,01/01/2025,31/12/2026,40.0,241700.0,EUR,96680.0,https://linkedopendata.eu/entity/Q7503596,"49.61407716459,6.1267143840571",153,Pathways to integration and re-entry into employment for disadvantaged people,,,PO04,Social Europe,ESO4.8,ESO4.8,ESF+,European Social Fund Plus,2021LU05FFPR001,Investing in the Future - LU - ESF+/JTF,,LU_0304,Luxembourg,,,Luxembourg,,,LU000,2021-2027,"Refugees, often marginalized, face high unemployment. It is crucial to support applicants for international protection (IPDs) in their professional integration. The objective of the project is to support 120 IPRs in their professional career in Luxembourg. Our actions: - Career guidance: personalised project with an action plan. - Training courses: French professional, soft skills, specialized training. - Accompaniment: mentoring for job search and implementation of the professional project. - Awareness-raising for businesses: recruitment, mentoring and conversation tables.","Les réfugiés, souvent marginalisés, font face à un taux de chômage élevé. Il est crucial de soutenir les demandeurs de protection internationale (DPI) dans leur intégration professionnelle. L’objectif du projet est d’accompagner 120 DPI dans leur parcours professionnel au Luxembourg. Nos actions : - Orientation professionnelle : projet personnalisé avec un plan d’action. - Formations : français professionnel, soft skills, formations spécialisées. - Accompagnement : mentorat pour la recherche d’emploi et la mise en œuvre du projet professionnel. - Sensibilisation des entreprises : recrutement, mentorat et tables de conversation.",,,,,LU
https://linkedopendata.eu/entity/Q7503661,2021LU16FFPR001_12,CitCom.AI,CitCom.AI,Luxembourg,01/01/2023,31/12/2027,33.81,3742767.5,EUR,1265359.2,https://linkedopendata.eu/entity/Q7503593,"49.6271194,6.1306279",17,"Government ICT solutions, eservices, applications compliant with greenhouse gas emission reduction or energy efficiency criteria",,,PO01,Smarter Europe,RSO1.2,RSO1.2,ERDF,European Regional Development Fund,2021LU16FFPR001,Smarter and greener Europe – LU – ERDF/JTF,,LU_0304,Luxembourg,,,Luxembourg,,,LU000,2021-2027,"This project is part of a European project called CitCom.AI (Artificial Intelligence for Cities and Communities). It is co-financed by the EU Digital Europe programme in relation to artificial intelligence operations managed by DG CONNECT for cities and communities. The project, formalising the decline of the global project at Luxembourg level, is called LuxCitCom.AI comprising a set-up in software, hardware and expertise promoting the prototyping of AI services and products in real-world conditions related to electromobility in Luxembourg.","Ce projet fait partie d’un projet européen appelé CitCom.AI (intelligence artificielle pour les villes et communautés). Il est cofinancé par le programme ""EU Digital Europe” en relation avec les opérations d’intelligence artificielle gérées par DG CONNECT pour les villes et communautés. Le projet, formalisant la déclination du projet global au niveau du Luxembourg, est appelé LuxCitCom.AI comprenant un set-up en software, hardware et expertise promouvant le prototypage de services et produits AI en conditions réelles relié à l’électromobilité au Luxembourg.",,,,,LU
https://linkedopendata.eu/entity/Q7503624,2021LU05FFPR001_2017,Techwell - Digital Risk Anticipation,Techwell - Digital Risk Anticiption,Luxembourg,01/07/2023,30/06/2025,40.0,250000.0,EUR,100000.0,https://linkedopendata.eu/entity/Q7503576,"49.61407716459,6.1267143840571",146,"Support for adaptation of workers, enterprises and entrepreneurs to change",,,PO04,Social Europe,ESO4.7,ESO4.7,ESF+,European Social Fund Plus,2021LU05FFPR001,Investing in the Future - LU - ESF+/JTF,,LU_0304,Luxembourg,,,Luxembourg,,,LU000,2021-2027,"The TechWell project aims to raise awareness and train Luxembourg workers on the challenges of digital well-being. The aim is to support companies in setting up a responsible and sustainable digital working environment, while strengthening the efficiency and competitiveness of workers in the digital economy. The project is also committed to preserving the physical, mental and emotional well-being of workers by helping them adopt responsible practices in their use of digital tools.","Le projet TechWell vise à sensibiliser et former les travailleurs luxembourgeois aux enjeux du bien-être numérique. L'objectif est d'accompagner les entreprises dans la mise en place d'un environnement de travail numérique responsable et durable, tout en renforçant l'efficacité et la compétitivité des travailleurs dans l'économie numérique. Le projet s'engage de plus à préserver le bien-être physique, mental et émotionnel des travailleurs en les aidant à adopter des pratiques responsables dans leur utilisation des outils numériques.",,,,,LU
https://linkedopendata.eu/entity/Q7503662,2021LU16FFPR001_15,School and sports centre - Autarque site,Centre scolaire et sportif - Site autarque,Luxembourg,01/12/2023,31/12/2027,40.0,3750000.0,EUR,1500000.0,https://linkedopendata.eu/entity/Q7503590,"50.065417508478,6.0543721292655",45,"Energy efficiency renovation or energy efficiency measures regarding public infrastructure, demonstration projects and supporting measures compliant with energy efficiency criteria",,,PO02,"Greener, carbon-free Europe",RSO2.1,RSO2.1,ERDF,European Regional Development Fund,2021LU16FFPR001,Smarter and greener Europe – LU – ERDF/JTF,,LU_0501,Clervaux,,,Luxembourg,,,LU000,2021-2027,This project aims to reduce the consumption rate of fossil fuels to 0 and to make the school and sports center in Reuler energy autonomous. A key element is the establishment of a central heat pump system. Electrical energy for the operation of heat pumps will be produced by photovoltaic panel installations. Production data will be displayed on visibly installed screens to promote the educational effect vis-à-vis students and site staff.,Ce projet a pour objectif de réduire à 0 le taux de consommation des énergies fossiles et de rendre le centre scolaire et sportif à Reuler autonome au niveau énergétique. Un élément clé est la mise en place d'un système central de pompes à chaleurs. L'énergie électrique pour le fonctionnement des pompes à chaleur sera produite par des installations de panneaux photovoltaïques. Les données de production seront affichées sur des écrans installés visiblement afin de promouvoir l'effet éducatif vis-à-vis des élèves et du personnel du site.,,,,,LU
https://linkedopendata.eu/entity/Q7503632,2021LU05FFPR001_2047,Energy Efficiency Buildings,Energy Efficiency Buildings,Luxembourg,01/07/2024,30/06/2026,50.0,206800.0,EUR,103400.0,https://linkedopendata.eu/entity/Q7503579,"49.521188235059,6.0845686331659",146,"Support for adaptation of workers, enterprises and entrepreneurs to change",,,PO08,Just Transition,JTF,JTF,JTF,Just Transition Fund,2021LU05FFPR001,Investing in the Future - LU - ESF+/JTF,,LU_0201,Bettembourg,,,Luxembourg,,,LU000,2021-2027,"Improving energy efficiency in buildings The Energy Efficiency Buildings project trains managers to optimise the energy performance of buildings and reduce CO2 emissions. Through hands-on training, participants learn how to monitor, analyze and manage consumption through advanced systems. Designed for Facility Managers, technical managers or employees of condominium unions, this training supports national and European climate objectives. It provides the key competencies for sustainable management, in line with current and future environmental standards.","Améliorer l’efficacité énergétique des bâtiments Le projet Energy Efficiency Buildings forme les gestionnaires à optimiser la performance énergétique des bâtiments et à réduire les émissions de CO₂. Grâce à des formations pratiques, les participants apprennent à surveiller, analyser et gérer la consommation via des systèmes avancés. Destinée aux Facility Managers, gestionnaires techniques ou salariés de syndicats de copropriété, cette formation soutient les objectifs climatiques nationaux et européens. Elle fournit les compétences clés pour une gestion durable, conforme aux normes environnementales actuelles et à venir.",,,,,LU
https://linkedopendata.eu/entity/Q7503669,2021LU16FFPR001_17,Luxembourg Venture Days - VDL,Luxembourg Venture Days - VDL,Luxembourg,01/01/2025,31/12/2027,40.0,625000.0,EUR,250000.0,https://linkedopendata.eu/entity/Q3113565,"49.6271194,6.1306279",25,"Incubation, support to spin offs and spin outs and start ups",,,PO01,Smarter Europe,RSO1.3,RSO1.3,ERDF,European Regional Development Fund,2021LU16FFPR001,Smarter and greener Europe – LU – ERDF/JTF,,LU_0304,Luxembourg,,,Luxembourg,,,LU000,2021-2027,"The project aims to contribute to the emergence and growth of high-growth start-ups and SMEs in Luxembourg. Luxinnovation has set up a programme with several strategic initiatives to strengthen and energise the start-up ecosystem. In 2024, the result of initiatives supporting start-ups, scale-ups and high-growth companies materialised at a national event, the Luxembourg Venture Days. From 2025, Luxinnovation plans to expand this event on a European and international scale by bringing together start-ups, scale-ups, investors, large companies, SMEs, facilitators and talent.","Le projet a pour objectif de contribuer à faire émerger et grandir des start-ups et PME à forte croissance au Luxembourg. Luxinnovation a mis en place un programme avec plusieurs initiatives stratégiques pour renforcer et dynamiser l’écosystème des start-ups. En 2024, le résultat des initiatives en support à des start-ups, scale-ups et à forte croissance s’est matérialisé lors d’un évènement national, les Luxembourg Venture Days. A compter de 2025, Luxinnovation envisage d’élargir cet évènement à une échelle européenne et internationale en réunissent les start-ups, les scale-ups, les investisseurs, les grandes entreprises, les PME, les facilitateurs et les talents.",,,,,LU
https://linkedopendata.eu/entity/Q7503608,2021LU05FFPR001_2009,Coach4Work,Coach4Work,Luxembourg,01/07/2023,30/06/2025,40.0,240000.0,EUR,96000.0,https://linkedopendata.eu/entity/Q3113557,"49.61407716459,6.1267143840571",153,Pathways to integration and re-entry into employment for disadvantaged people,,,PO04,Social Europe,ESO4.8,ESO4.8,ESF+,European Social Fund Plus,2021LU05FFPR001,Investing in the Future - LU - ESF+/JTF,,LU_0304,Luxembourg,,,Luxembourg,,,LU000,2021-2027,"Some beneficiaries have difficulties in finding a job on the Luxembourg labour market and require an individualised information and support approach. It is a question of carrying out a work of empowerment in the search for a job, while motivating the beneficiaries to access a work in tune with their real resources and possibilities. A work of adjustment of their professional project and activation to the job search is to be done in consultation with the concerned and with the help of volunteer coaches. The aim is above all to provide individualised guidance to people who are far from the labour market by means of a volunteer employment coach in order to adjust the beneficiaries' professional project to their real skills and to the needs of the market in order to support them in their search for a job, inter alia by means of targeted partnerships with companies and/or professional chambers.","Certains bénéficiaires ont des difficultés dans leur recherche d'un emploi sur le marché du travail du Luxembourg et nécessitent une approche d'information et d’accompagnement individualisée. Il s'agit de réaliser un travail d'autonomisation dans la recherche d'un emploi, tout en motivant les bénéficiaires à accéder à un travail en phase avecleurs réelles ressources et possibilités. Un travail d'ajustement de leur projet professionnel et d'activation à la recherche d'emploi est à faire en concertation avec les concernés et avec l'aide de coaches bénévoles. Il s'agit avant tout de mener un encadrement individualisé de personnes éloignées du marché de l'emploi grâce à un coach à l'emploi bénévole pour ajuster le projet professionnel des bénéficiaires à leurs réelles compétences et aux besoins du marché pour les accompagner dans la recherche d'un emploi , entre autres par des partenariats ciblés avec des entreprises et/ou des chambres professionnelles.",,,,,LU
https://linkedopendata.eu/entity/Q7503623,2021LU05FFPR001_2033,CRCO2C CO2 reduction construction,CRCO2C Réduction CO2 construction,Luxembourg,01/01/2024,31/12/2025,50.0,507100.0,EUR,253550.0,https://linkedopendata.eu/entity/Q7503579,"49.521188235059,6.0845686331659",146,"Support for adaptation of workers, enterprises and entrepreneurs to change",,,PO08,Just Transition,JTF,JTF,JTF,Just Transition Fund,2021LU05FFPR001,Investing in the Future - LU - ESF+/JTF,,LU_0201,Bettembourg,,,Luxembourg,,,LU000,2021-2027,"The construction sector, a significant contributor to greenhouse gas emissions, is undergoing changes related to the climate transition. The IFSB, located in the South, aims to support workers in the sector in adapting to these changes. The ""CRCO2C Reduction CO2 construction"" project aims to fill the lack of trained staff on the challenges of reducing greenhouse gas emissions, crucial to achieving national and European objectives. By responding to new needs and skills, this project will contribute to the transition of construction professions to more sustainable practices.","Le secteur de la construction, significativement contributeur aux émissions de gaz a effet de serre, subit des changements liés à la transition climatique. L'IFSB, situé dans le Sud, vise à accompagner les travailleurs du secteur dans l'adaptation à ces évolutions. Le projet « CRCO2C Reduction CO2 construction » vise à combler le manque de personnel formé aux enjeux de réduction des émissions de gaz à effet de serre, crucial pour atteindre les objectifs nationaux et européens. En répondant aux nouveaux besoins et compétences, ce projet contribuera à la transition des métiers de la construction vers des pratiques plus durables.",,,,,LU
https://linkedopendata.eu/entity/Q7503655,2021LU16FFPR001_4,Management of the energy mix - Commune,Gestion du mix énergie - Commune,Luxembourg,15/11/2023,31/12/2027,40.0,1000000.0,EUR,400000.0,https://linkedopendata.eu/entity/Q7503590,"50.065417508478,6.0543721292655",16,"Government ICT solutions, e-services, applications",,,PO01,Smarter Europe,RSO1.2,RSO1.2,ERDF,European Regional Development Fund,2021LU16FFPR001,Smarter and greener Europe – LU – ERDF/JTF,,LU_0501,Clervaux,,,Luxembourg,,,LU000,2021-2027,"The municipality of Clervaux owns a wide range of more than 100 municipal buildings and proposes the creation of a platform for ‘Smart Energy Management’. A first step in the project is to collect data on energy production. A second step is used to enhance energy consumption. A third step is the establishment of an energy management system. This system will make it possible to analyse the data collected, refer them to other data, monitor energy consumption in real time and take immediate measures to optimise its use.","La commune de Clervaux est propriétaire d’un large éventail de plus de 100 bâtiments communaux et propose la création d’une plateforme pour la ""Gestion intelligente de l'énergie"". Une première étape du projet consiste à récolter les données de la production d’énergie. Une deuxième étape sert à valoriser la consommation de l'énergie. Une troisième étape est la mise en place d’un système de gestion de l'énergie. Ce système permettra d’analyser les données récoltées, de les référencier à d’autres données, de surveiller la consommation d'énergie en temps réel et de prendre à l’immédiat des mesures pour en optimiser l’utilisation.",,,,,LU
https://linkedopendata.eu/entity/Q7503635,2021LU05FFPR001_2018,Skills4Job,Skills4Job,Luxembourg,01/01/2023,30/06/2025,40.0,1554200.0,EUR,621680.0,https://linkedopendata.eu/entity/Q3113580,"49.61407716459,6.1267143840571",134,Measures to improve access to employment,,,PO04,Social Europe,ESO4.1,ESO4.1,ESF+,European Social Fund Plus,2021LU05FFPR001,Investing in the Future - LU - ESF+/JTF,,LU_0304,Luxembourg,,,Luxembourg,,,LU000,2021-2027,"With the ‘Skills4Job’ programme, the House of Training and the Agence pour le Développement de l’Emploi (ADEM) support jobseekers in Luxembourg to promote their sustainable reintegration into a constantly changing labour market. Three courses offered combine individual coaching, in-person and online group training so that each participant can, according to their needs: (re)defining a short-term professional project in relation to their professional profile and the needs of the labour market and identifying the need for upskilling or reskilling; strengthen its transversal skills and, through a tailor-made training plan, develop the technical knowledge necessary for successful reintegration or retraining; optimise their employability by working on their job search strategy, online presence, application file and preparation for job interviews.","Avec le programme « Skills4Job », la House of Training et l’Agence pour le Développement de l’Emploi (ADEM) accompagnent les demandeurs d’emploi au Luxembourg pour favoriser leur réinsertion durable sur un marché de l’emploi en constante évolution. Trois parcours proposés allient coaching individuel, formations collectives en présentiel et en ligne afin que chaque participant puisse, selon ses besoins : (re)définir un projet professionnel à court-terme en lien avec son profil professionnel et les besoins du marché de l’emploi et identifier le besoin de monter en compétences (« upskilling ») ou de se reconvertir (« reskilling »); renforcer ses compétences transversales et, grâce à un plan de formation sur mesure, développer les connaissances techniques nécessaires pour réussir une réinsertion ou une reconversion professionnelle ; optimiser son employabilité en travaillant sur sa stratégie de recherche d’emploi, sa présence en ligne, le dossier de candidature et la préparation aux entretiens d’embauche.",,,,,LU
