Operation_Unique_Identifier,Operation_Local_Identifier,Operation_Name_English,Operation_Name_Programme_Language,Country,Operation_Start_Date,Operation_End_Date,Cofinancing_Rate,Total_Eligible_Expenditure_amount,Total_Eligible_Expenditure_Currency,Project_EU_Budget,Beneficiary_Unique_Identifier,Location_Indicator_latitude_longitude,Category_Of_Intervention,Category_Label,Thematic_Objective_ID,Thematic_Objective_Label,Policy_Objective_ID,Policy_Objective_Label,Specific_Objective_ID,Specific_Objective_Label,Fund_Code,Fund_Name,Programme_Code,Programme_Name,Postal_Code,LAU_IDs,LAU_Labels,NUTS1_Label,NUTS2_Label,NUTS3_Label,NUTS1_Code,NUTS2_Code,NUTS3_Code,Programming_Period,Operation_Summary_English,Operation_Summary_Programme_Language,ManagingAuthority,Image_URL,InfoRegio_ID,InfoRegio_URL,CountryCode
https://linkedopendata.eu/entity/Q7501582,2021SI16FFPR001_OP27.00400,Management of LAG Notranjska in the period 2021-2027,Upravljanje LAS Notranjska v obdobju 2021-2027,Slovenia,01/01/2024,30/09/2029,85.0,161930.2,EUR,137640.67,https://linkedopendata.eu/entity/Q3279866,"45.6800342,14.3195439",169,"Territorial development initiatives, including preparation of territorial strategies",,,PO05,Europe closer to citizens,RSO5.2,RSO5.2,ERDF,European Regional Development Fund,2021SI16FFPR001,EU Cohesion Policy - SI -  ERDF/CF/ESF+/JTF,,,,,,Primorsko-notranjska,,,SI038,2021-2027,"Support for the management of the LAG is intended to co-finance the costs incurred in the management and operation of the LAG, including monitoring and evaluation of the approved SLR, animation of the LAG area and assistance to potential beneficiaries for developing project ideas and preparing projects.","Podpora za upravljanje LAS je namenjena za sofinanciranje stroškov, ki so nastali pri upravljanju in delovanju LAS, vključno s spremljanjem in vrednotenjem odobrene SLR, animacijo območja LAS in pomoči morebitnim upravičencem za razvijanje projektnih idej in pripravo projektov.",,,,,SI
https://linkedopendata.eu/entity/Q7501641,2021SI16FFPR001_OP27.00470,Early vocational and occupational rehabilitation model in the return-to-work process from a health perspective,Model zgodnje poklicne in zaposlitvene rehabilitacije v procesu vračanja na delo z vidika zdravja,Slovenia,01/01/2025,15/11/2028,61.92,1800000.0,EUR,1114627.2,https://linkedopendata.eu/entity/Q3280789,"46.054328329124,14.562956200712",160,"Measures to improve the accessibility, effectiveness and resilience of healthcare systems (excluding infrastructure)",,,PO04,Social Europe,ESO4.11,ESO4.11,ESF+,European Social Fund Plus,2021SI16FFPR001,EU Cohesion Policy - SI -  ERDF/CF/ESF+/JTF,,SI_061,Ljubljana,,,Osrednjeslovenska,,,SI041,2021-2027,"The purpose of the project is to establish a model of integrated early vocational and employment rehabilitation for persons with mental health problems, which will enable faster and more successful return to work, and consequently (wider effects) reduce the duration of sick leave and disability retirements, or will contribute to increasing the preservation of employment and social inclusion of that group of persons. The purpose of the project is also to assess the performance of the model tested in the project and to support the introduction of the necessary systemic changes for the implementation of comprehensive early vocational and employment rehabilitation in Slovenia. The objectives of the project are: 1. Preparation of expert bases for comprehensive treatment of persons with mental health problems by adapting the model of integrated early vocational and employment rehabilitation in the process of returning to work. 2. Raising awareness and information of users of health services, employers, the professional public and key institutions at the state level. 3. Supporting people with mental health problems in returning to work with a pilot implementation of a comprehensive early vocational and employment rehabilitation model.","Namen projekta je vzpostaviti model celostne zgodnje poklicne in zaposlitvene rehabilitacije za osebe s težavami v duševnem zdravju, ki bo omogočal hitrejše in uspešnejše vračanje na delo, posledično (širši učinki) pa zmanjšanje trajanja bolniškega staleža in invalidskih upokojitev oziroma bo prispeval k povečanju ohranjanja zaposlenosti in socialne vključenosti navedene skupine oseb. Namen projekta je tudi oceniti uspešnost v projektu preizkušenega modela ter podpreti uvedbo potrebnih sistemskih sprememb za izvajanje celostne zgodnje poklicne in zaposlitvene rehabilitacije v Sloveniji. Cilji projekta so: 1. Priprava strokovnih podlag za celostno obravnavo oseb s težavami v duševnem zdravju s prilagoditvijo modela celostne zgodnje poklicne in zaposlitvene rehabilitacije v procesu vračanja na delo. 2. Dvig ozaveščenosti in informiranosti uporabnikov zdravstvenih storitev, delodajalcev, strokovne javnosti in ključnih inštitucij na ravni države. 3. Podpora osebam s težavami v duševnem zdravju pri vračanju na delo s pilotno implementacijo modela celostne zgodnje poklicne in zaposlitvene rehabilitacije.",,,,,SI
https://linkedopendata.eu/entity/Q7501583,2021SI16FFPR001_OP27.00401,Management of LAGs Connected between Drava and Gorizia in the period 2021-2027,Upravljanje LAS Povezani med Dravo in goricami v obdobju 2021-2027,Slovenia,01/01/2024,30/09/2029,85.0,152513.56,EUR,129636.53,https://linkedopendata.eu/entity/Q3279872,"46.45,15.68333333",169,"Territorial development initiatives, including preparation of territorial strategies",,,PO05,Europe closer to citizens,RSO5.2,RSO5.2,ERDF,European Regional Development Fund,2021SI16FFPR001,EU Cohesion Policy - SI -  ERDF/CF/ESF+/JTF,,,,,,Podravska,,,SI032,2021-2027,"Support for the management of the LAG is intended to co-finance the costs incurred in the management and operation of the LAG, including monitoring and evaluation of the approved SLR, animation of the LAG area and assistance to potential beneficiaries for developing project ideas and preparing projects.","Podpora za upravljanje LAS je namenjena za sofinanciranje stroškov, ki so nastali pri upravljanju in delovanju LAS, vključno s spremljanjem in vrednotenjem odobrene SLR, animacijo območja LAS in pomoči morebitnim upravičencem za razvijanje projektnih idej in pripravo projektov.",,,,,SI
https://linkedopendata.eu/entity/Q7501713,2021SI16FFPR001_OP27.00572,Multipurpose Roma Centre,Večnamenski romski center,Slovenia,01/07/2025,30/09/2029,85.0,1099999.99,EUR,934999.99,https://linkedopendata.eu/entity/Q3280317,"46.556796233015,16.445035196574",163,"Promoting social integration of people at risk of poverty or social exclusion, including the most deprived and children",,,PO04,Social Europe,ESO4.12,ESO4.12,ESF+,European Social Fund Plus,2021SI16FFPR001,EU Cohesion Policy - SI -  ERDF/CF/ESF+/JTF,,SI_059,Lendava/Lendva,,,Pomurska,,,SI031,2021-2027,"The purpose of the project is to establish and operate two VNRC+ in the area of the Municipality of Murska Sobota and the Municipality of Lendava, in which activities will be carried out aimed at strengthening and improving the socio-economic position of members of the Roma community in the Republic of Slovenia, raising the quality of their lives, promoting and strengthening their integration into the wider community and establishing trust and cooperation with the majority population.","Namen projekta je vzpostavitev in delovanje dveh VNRC+, in sicer na območju Mestne občine Murska Sobota in Občine Lendava, v katerih se bodo izvajale aktivnosti, namenjene krepitvi in izboljševanju socialno-ekonomskega položaja pripadnikov romske skupnosti v Republiki Sloveniji, dvigu kakovosti njihovega življenja, spodbujanju in krepitvi njihovega vključevanja v širšo skupnost ter vzpostavljanju zaupanja in sodelovanja z večinskim prebivalstvom.",,,,,SI
https://linkedopendata.eu/entity/Q7501361,2021SI16FFPR001_OP27.00174,Production of OCPS of the municipality of Škocjan,Izdelava OCPS občine Škocjan,Slovenia,01/01/2023,31/12/2025,85.0,28000.0,EUR,23800.0,https://linkedopendata.eu/entity/Q3279660,"45.916598155454,15.298648224966",109,Multimodal transport (not urban),,,PO03,Connected Europe,RSO3.2,RSO3.2,CF,Cohesion Fund,2021SI16FFPR001,EU Cohesion Policy - SI -  ERDF/CF/ESF+/JTF,,SI_121,Škocjan,,,Jugovzhodna Slovenija,,,SI037,2021-2027,Production of OCPS of the municipality of Škocjan,Izdelava OCPS občine Škocjan,,,,,SI
https://linkedopendata.eu/entity/Q7501560,2021SI16FFPR001_OP27.00376,I can do it alone,Zmorem sama,Slovenia,01/09/2024,31/08/2027,85.0,399990.0,EUR,339991.5,https://linkedopendata.eu/entity/Q3279688,"46.08333333,15.45",153,Pathways to integration and re-entry into employment for disadvantaged people,,,PO04,Social Europe,ESO4.8,ESO4.8,ESF+,European Social Fund Plus,2021SI16FFPR001,EU Cohesion Policy - SI -  ERDF/CF/ESF+/JTF,,,,,Eastern Slovenia,,,SI03,,2021-2027,"The operation will implement social activation+ programmes, which through their integrated approach will contribute to improving the social inclusion of people from the target group and to increasing their employment opportunities.","V okviru operacije se bodo izvajali programi socialne aktivacije+, ki bodo s svojim celostnim pristopom prispevali k izboljšanju socialne vključenosti oseb iz ciljne skupine in k povečanju njihovih zaposlitvenih možnosti.",,,,,SI
https://linkedopendata.eu/entity/Q7501425,2021SI16FFPR001_OP27.00239,Production of OCPS of the Municipality of Radeče,Izdelava OCPS občine Radeče,Slovenia,01/01/2023,30/06/2025,85.0,28000.0,EUR,23800.0,https://linkedopendata.eu/entity/Q7501091,"46.060079655158,15.143767544467",109,Multimodal transport (not urban),,,PO03,Connected Europe,RSO3.2,RSO3.2,CF,Cohesion Fund,2021SI16FFPR001,EU Cohesion Policy - SI -  ERDF/CF/ESF+/JTF,,SI_099,Radeče,,,Posavska,,,SI036,2021-2027,Production of OCPS of the Municipality of Radeče,Izdelava OCPS občine Radeče,,,,,SI
https://linkedopendata.eu/entity/Q7501650,2021SI16FFPR001_OP27.00482,Libertas-Shortpoint of Cultures,Libertas-stičišče kultur,Slovenia,26/10/2023,31/12/2026,40.0,4345704.48,EUR,1738281.79,https://linkedopendata.eu/entity/Q3279077,"45.50973901972,13.838311218974",169,"Territorial development initiatives, including preparation of territorial strategies",,,PO05,Europe closer to citizens,RSO5.1,RSO5.1,ERDF,European Regional Development Fund,2021SI16FFPR001,EU Cohesion Policy - SI -  ERDF/CF/ESF+/JTF,,SI_050,Koper/Capodistria,,,Obalno-kraška,,,SI044,2021-2027,"The renovation of the building and the transformation of the functional purpose of the ''Former Salt Warehouse at the Izola Gate - Libertas'' in Koper, which has been declared a cultural infrastructure since 2020, covers 1,548 m2 of built area, which is underutilised. The building, which is part of the historical environment and is located right next to the city centre, is not energy rehabilitated and does not allow the development of cultural activities in all its capacity. Salonite roof and roofing are worn out, the roof leaks in several places, there are no useful sanitary facilities in the room. The facility is currently underused and requires thorough renovation, transformation of the functionality of the premises and energy refurbishment. The project will be implemented within the framework of a mechanism of overall territorial investments aimed at overcoming the degradation and revitalisation of urban space. With the establishment of a cultural junction, early industrial architecture from the mid-19th century will acquire a new purpose. Libertas will become one of the most recognizable urban creative cultural platforms in the region. The reconstruction of the building and the arrangement of the surroundings will improve the urban environment and further revive the wider city centre, with the objectives of the investment being as follows: - reconstruction of a cultural monument of local importance next to the old city centre, - restoration and revitalisation of a cultural heritage facility and infrastructure, with a total usable area of 1,871.90 m2 net (building surfaces) and restoration of 917.00 m2 of outdoor surfaces, - adapted reuse of the historical built environment, the social aspect of land use will also improve, as after the implementation of the project, the area with new arrangements and cultural contents will become a dynamic, programmatically rich and socially vibrant, as well as a safer and more pleasant place, interesting also for repeated visits, both by residents and visitors of Koper.","Prenova objekta in preobrazba funkcionalne namembnosti ''Nekdanjega skladišča soli ob Izolskih vratih – Libertas'' v Kopru, ki je od leta 2020 je razglašen za kulturno infrastrukturo, obsega 1.548 m2 zazidane površine, ki je slabo izkoriščena. Stavba, ki je del historičnega okolja in se nahaja tik ob mestnem jedru ni energetsko sanirana in ne omogoča razvoja kulturnih dejavnosti v vsej svoji zmogljivosti. Salonitna streha in ostrešje so dotrajani, streha na več mestih pušča, v prostoru ni uporabnih sanitarij. Objekt je trenutno slabo izkoriščen in je potreben temeljite prenove, preobrazbe funkcionalnosti prostorov in energetske sanacije. Projekt se bo izvedel v okviru mehanizma celotnih teritorialnih naložb, ki so namenjene odpravi degradacije in revitalizaciji urbanega prostora. Z vzpostavitvijo kulturnega stičišča bo zgodnja industrijska arhitektura iz sredine 19. stoletja dobila novo namembnost. Libertas bo postal ena izmed najbolj prepoznavnih urbanih ustvarjalnih kulturnih platform v regiji. Z rekonstrukcijo objekta in ureditvijo okolice se bo izboljšalo urbano okolje in še dodatno oživilo širše mesto središče, pri čemer so cilji investicije sledeči: - rekonstrukcija kulturnega spomenika lokalnega pomena ob starem mestnem jedru, - obnovitev in revitalizacija objekta kulturne dediščine in infrastrukture, s skupno uporabno površino 1.871,90 m2 neto (stavbnih površin) in obnova 917,00 m2 zunanjih površin, - prilagojena ponovna raba historičnega grajenega okolja, Izboljšal se bo tudi družbeni vidik rabe prostora, saj bo po izvedbi projekta območje z novimi ureditvami in kulturnimi vsebinami postalo dinamičen, programsko bogat in družbeno živahen ter varnejši in prijetnejši prostor, zanimiv tudi za večkraten obisk, tako prebivalcev kot obiskovalcev Kopra.",,,,,SI
https://linkedopendata.eu/entity/Q7501400,2021SI16FFPR001_OP27.00214,Production of OCPS Municipality of Domžale,Izdelava OCPS Občine Domžale,Slovenia,01/01/2023,31/12/2025,85.0,43000.0,EUR,36550.0,https://linkedopendata.eu/entity/Q7501083,"46.145083128182,14.627094050186",109,Multimodal transport (not urban),,,PO03,Connected Europe,RSO3.2,RSO3.2,CF,Cohesion Fund,2021SI16FFPR001,EU Cohesion Policy - SI -  ERDF/CF/ESF+/JTF,,SI_023,Domžale,,,Osrednjeslovenska,,,SI041,2021-2027,Production of OCPS Municipality of Domžale,Izdelava OCPS Občine Domžale,,,,,SI
https://linkedopendata.eu/entity/Q7501242,2021SI16FFPR001_OP27.00052,SPOT Consulting Carinthia 2023-2025,SPOT svetovanje Koroška 2023-2025,Slovenia,01/11/2023,31/12/2025,85.0,545181.0,EUR,463403.85,https://linkedopendata.eu/entity/Q3279135,"46.55,15.05",024,"Advanced support services for SMEs and groups of SMEs (including management, marketing and design services)",,,PO01,Smarter Europe,RSO1.3,RSO1.3,ERDF,European Regional Development Fund,2021SI16FFPR001,EU Cohesion Policy - SI -  ERDF/CF/ESF+/JTF,,,,,,Koroška,,,SI033,2021-2027,SPOT Consulting Carinthia 2023-2025,SPOT svetovanje Koroška 2023-2025,,,,,SI
https://linkedopendata.eu/entity/Q7501238,2021SI16FFPR001_OP27.00048,SPOT Consulting Southeast Slovenia 2023 -2025,SPOT svetovanje Jugovzhodna Slovenija 2023 -2025,Slovenia,01/11/2023,31/12/2025,85.0,545181.0,EUR,463403.85,https://linkedopendata.eu/entity/Q3279144,"45.7217251,14.9013822",024,"Advanced support services for SMEs and groups of SMEs (including management, marketing and design services)",,,PO01,Smarter Europe,RSO1.3,RSO1.3,ERDF,European Regional Development Fund,2021SI16FFPR001,EU Cohesion Policy - SI -  ERDF/CF/ESF+/JTF,,,,,,Jugovzhodna Slovenija,,,SI037,2021-2027,SPOT Consulting Southeast Slovenia 2023 -2025,SPOT svetovanje Jugovzhodna Slovenija 2023 -2025,,,,,SI
https://linkedopendata.eu/entity/Q7501328,2021SI16FFPR001_OP27.00143,Production of OCPS of the Municipality of Preddvor,Izdelava OCPS Občine Preddvor,Slovenia,01/01/2023,31/12/2025,85.0,28000.0,EUR,23800.0,https://linkedopendata.eu/entity/Q7501075,"46.324039940812,14.464662139233",109,Multimodal transport (not urban),,,PO03,Connected Europe,RSO3.2,RSO3.2,CF,Cohesion Fund,2021SI16FFPR001,EU Cohesion Policy - SI -  ERDF/CF/ESF+/JTF,,SI_095,Preddvor,,,Gorenjska,,,SI042,2021-2027,Production of OCPS of the Municipality of Preddvor,Izdelava OCPS Občine Preddvor,,,,,SI
https://linkedopendata.eu/entity/Q7501704,2021SI16FFPR001_OP27.00563,Call for proposals for the co-financing of projects Transition of young people +,Javni razpis za sofinanciranje projektov Prehod mladih +,Slovenia,01/05/2025,30/09/2029,62.5,447000.0,EUR,279375.0,https://linkedopendata.eu/entity/Q3280795,"46.054328329124,14.562956200712",153,Pathways to integration and re-entry into employment for disadvantaged people,,,PO04,Social Europe,ESO4.8,ESO4.8,ESF+,European Social Fund Plus,2021SI16FFPR001,EU Cohesion Policy - SI -  ERDF/CF/ESF+/JTF,,SI_061,Ljubljana,,,Osrednjeslovenska,,,SI041,2021-2027,"The purpose of the public call is to increase the employment of young people with special needs through various forms of assistance through preventive measures, systematic professional work with young people with special needs, the preparation of a proposal for updated standards and norms of employment rehabilitation for young people, and an awareness-raising campaign, thus contributing to greater social inclusion of young people with special needs and equalization of opportunities.","Namen javnega razpisa je s preventivnim ukrepanjem, s sistematičnim strokovnim delom z mladimi s posebnimi potrebami, pripravo predloga dopolnjenih standardov in normativov zaposlitvene rehabilitacije za mlade ter kampanjo ozaveščanja povečati zaposlovanje mladih s posebnimi potrebami preko različnih oblik pomoči ter tako vplivati na večjo socialno vključenost mladih s posebnimi potrebami in izenačevanje možnosti.",,,,,SI
https://linkedopendata.eu/entity/Q7501272,2021SI16FFPR001_OP27.00079,Youth work against youth precariousness - pilot project - Institute for Youth and Sport Trbovlje,Z mladinskim delom proti prekarnosti mladih - pilotni projekt - Zavod za mladino in šport Trbovlje,Slovenia,01/06/2024,31/12/2026,85.0,87060.4,EUR,74001.34,https://linkedopendata.eu/entity/Q3281903,"46.141373811358,15.050124297361",136,Specific support for youth employment and socio-economic integration of young people,,,PO04,Social Europe,ESO4.1,ESO4.1,ESF+,European Social Fund Plus,2021SI16FFPR001,EU Cohesion Policy - SI -  ERDF/CF/ESF+/JTF,,SI_129,Trbovlje,,,Zasavska,,,SI035,2021-2027,Youth work against youth precariousness - pilot project - Institute for Youth and Sport Trbovlje,Z mladinskim delom proti prekarnosti mladih - pilotni projekt - Zavod za mladino in šport Trbovlje,,,,,SI
https://linkedopendata.eu/entity/Q7501554,2021SI16FFPR001_OP27.00370,Actively,ZAktivno,Slovenia,01/09/2024,31/08/2027,40.0,399997.5,EUR,159999.0,https://linkedopendata.eu/entity/Q3280290,"46.1,14.15",153,Pathways to integration and re-entry into employment for disadvantaged people,,,PO04,Social Europe,ESO4.8,ESO4.8,ESF+,European Social Fund Plus,2021SI16FFPR001,EU Cohesion Policy - SI -  ERDF/CF/ESF+/JTF,,,,,Western Slovenia,,,SI04,,2021-2027,"The operation will implement social activation+ programmes, which through their integrated approach will contribute to improving the social inclusion of people from the target group and to increasing their employment opportunities.","V okviru operacije se bodo izvajali programi socialne aktivacije+, ki bodo s svojim celostnim pristopom prispevali k izboljšanju socialne vključenosti oseb iz ciljne skupine in k povečanju njihovih zaposlitvenih možnosti.",,,,,SI
https://linkedopendata.eu/entity/Q7501270,2021SI16FFPR001_OP27.00071,Consortium of University Offices for Upgrading Knowledge Transfer Support Capacity (UNIK@TT),Konzorcij univerzitetnih pisarn za nadgradnjo kapacitet podpore prenosa znanja (UNIK@TT),Slovenia,12/04/2024,28/02/2029,59.35,2150000.0,EUR,1276025.0,https://linkedopendata.eu/entity/Q7501072,"46.1,14.15|46.08333333,15.45",012,"Research and innovation activities in public research centres, higher education and centres of competence including networking (industrial research, experimental development, feasibility studies)",,,PO01,Smarter Europe,RSO1.1,RSO1.1,ERDF,European Regional Development Fund,2021SI16FFPR001,EU Cohesion Policy - SI -  ERDF/CF/ESF+/JTF,,,,,Western Slovenia|Eastern Slovenia,,,SI04|SI03,,2021-2027,Consortium of University Offices for Upgrading Knowledge Transfer Support Capacity (UNIK@TT),Konzorcij univerzitetnih pisarn za nadgradnjo kapacitet podpore prenosa znanja (UNIK@TT),,,,,SI
https://linkedopendata.eu/entity/Q7501695,2021SI16FFPR001_OP27.00554,Complete redevelopment of the area on Planina I from the Road of Hostages to the Road 1 May,Celovita preureditev območja na Planini I od Ceste talcev do Ceste 1. maja,Slovenia,28/11/2023,31/03/2028,40.0,898137.45,EUR,359254.98,https://linkedopendata.eu/entity/Q3278959,"46.1,14.15",083,Cycling infrastructure,,,PO02,"Greener, carbon-free Europe",RSO2.8,RSO2.8,ERDF,European Regional Development Fund,2021SI16FFPR001,EU Cohesion Policy - SI -  ERDF/CF/ESF+/JTF,,,,,Western Slovenia,,,SI04,,2021-2027,"With the comprehensive redevelopment of the area between the Hostage Road and the Road on 1 May, which will include the arrangement of separate areas for cyclists and pedestrians from the carriageway with at least a minimum greenery, the area will be more safe and friendly for the two most vulnerable groups in traffic, pedestrians and cyclists. Disabled people and the blind and visually impaired were also considered in the planning of measures. The planned investment envisages a comprehensive redevelopment of the area on Planina I from the Road of Hostages to the Road on 1 May and is divided into several sections: 1. Planina north (reconstruction of the municipal road LZ 183582 from the Road of Hostages to the connection for the Sports Hall in the length of approximately 195 m), 2. Planina jug (reconstruction of the municipal road LZ 183582 from the import for Toplarno to the intersection with the road on 1 May in the length of approximately 277 m), 3rd connecting road ""D"" 1st phase (D13-D16), 4th parking lot, 5th meteor channel (MK3), 6th extension of the pavement between km 0+246 and 0+288, 7th connecting road D 2nd phase (D16-K8, K8-D24 and connector F) and 8. Circle K8. In total, the length of new and newly arranged pedestrian connections will be 1,242 meters and 1,351 meters for cyclists (in both directions). The project will implement the key measures needed to complete and upgrade the missing cycling infrastructure in a critical part of the neighbourhood, which will connect multi-apartment areas with vital central activities in the area: two elementary schools, a kindergarten, a central city cemetery and numerous business and commercial activities along the route. There is also a large shopping centre in the immediate vicinity of the route.","S celovito preureditvijo območja med Cesto talcev in Cesto 1. maja, ki bo obsegala ureditev ločenih površin za kolesarje in pešce od vozišča vsaj z minimalno zelenico, bo obravnavano območje bolj varno in prijazno za dve najbolj ranljivi skupini v prometu, pešce in kolesarje. Pri načrtovanju ukrepov se je mislilo tudi invalide ter slepe in slabovidne. Načrtovana investicija predvideva celovito preureditev območja na Planini I od Ceste talcev do Ceste 1. maja in je razdeljena na več odsekov: 1. Planina sever (rekonstrukcija občinske ceste LZ 183582 od Ceste talcev do priključka za Športno dvorano v dolžini približno 195 m), 2. Planina jug (rekonstrukcija občinske ceste LZ 183582 od uvoza za Toplarno do križišča s Cesto 1. maja v dolžini približno 277 m), 3. povezovalna cesta »D« 1. faza (D13-D16), 4. parkirišče, 5. meteorni kanal (MK3), 6. razširitev pločnika med km 0+246 in 0+288, 7. povezovalna cesta D 2. faza (D16-K8, K8-D24 in priključek F) in 8. Krožišče K8. Skupaj bo dolžina novih in novo urejenih povezav za pešce znašala 1.242 metrov oziroma 1.351 metrov za kolesarje (v obe smeri). S projektom bodo izvedeni ključni ukrepi, potrebni za dopolnitev in dograditev manjkajoče kolesarske infrastrukture na kritičnem delu soseske, s katerim se bo kolesarsko povezalo večstanovanjska območja z vitalnimi centralnimi dejavnostmi na območju: dvema osnovnima šolama, vrtcem, osrednjim mestnim pokopališčem in številnimi poslovno-trgovskimi dejavnostmi vzdolž trase. V neposredni bližini trase je tudi večje nakupovano središče.",,,,,SI
https://linkedopendata.eu/entity/Q7501398,2021SI16FFPR001_OP27.00209,Production of OCPS Municipality of Rače - Fram,Izdelava OCPS Občine Rače - Fram,Slovenia,01/01/2023,31/12/2025,85.0,40000.0,EUR,34000.0,https://linkedopendata.eu/entity/Q3281642,"46.449051547995,15.645324457771",109,Multimodal transport (not urban),,,PO03,Connected Europe,RSO3.2,RSO3.2,CF,Cohesion Fund,2021SI16FFPR001,EU Cohesion Policy - SI -  ERDF/CF/ESF+/JTF,,SI_098,Rače - Fram,,,Podravska,,,SI032,2021-2027,Production of OCPS Municipality of Rače - Fram,Izdelava OCPS Občine Rače - Fram,,,,,SI
https://linkedopendata.eu/entity/Q7501353,2021SI16FFPR001_OP27.00166,Production of OCPS Kočevje,Izdelava OCPS Kočevje,Slovenia,01/01/2023,31/12/2025,85.0,40000.0,EUR,34000.0,https://linkedopendata.eu/entity/Q3278954,"45.618536602797,14.902853244908",109,Multimodal transport (not urban),,,PO03,Connected Europe,RSO3.2,RSO3.2,CF,Cohesion Fund,2021SI16FFPR001,EU Cohesion Policy - SI -  ERDF/CF/ESF+/JTF,,SI_048,Kočevje,,,Jugovzhodna Slovenija,,,SI037,2021-2027,Production of OCPS Kočevje,Izdelava OCPS Kočevje,,,,,SI
https://linkedopendata.eu/entity/Q7501645,2021SI16FFPR001_OP27.00476,Operation Financial Instruments 2021-2027,Operacija Finančni instrumenti 2021-2027,Slovenia,17/03/2025,31/12/2029,59.72,142335784.27,EUR,85000000.0,https://linkedopendata.eu/entity/Q3280807,"46.1,14.15|46.08333333,15.45",021,"SME business development and internationalisation, including productive investments",,,PO01,Smarter Europe,RSO1.3,RSO1.3,ERDF,European Regional Development Fund,2021SI16FFPR001,EU Cohesion Policy - SI -  ERDF/CF/ESF+/JTF,,,,,Western Slovenia|Eastern Slovenia,,,SI04|SI03,,2021-2027,"FI 2021-2027 is intended to promote growth, development, investment and current operations of target groups defined in the FI 2021-2027 Holding Fund Investment Strategy for the period from 2025 to 2029. Operation FI 2021-2027 will be implemented under the following specific objectives: SC 1.1, SC 1.3, SC 2.1, SC 2.6 and SC 5.1.","FI 2021-2027 so namenjeni spodbujanju rasti, razvoja, investicijskih vlaganj in tekočega poslovanja ciljnih skupin opredeljenih v Naložbeni strategiji Holdinškega sklada FI 2021-2027 za obdobje od 2025 - 2029. Operacija FI 2021-2027 se bo izvajala v okviru naslednjih specifičnih ciljev: SC 1.1, SC 1.3, SC 2.1, SC 2.6 in SC 5.1.",,,,,SI
https://linkedopendata.eu/entity/Q7501380,2021SI16FFPR001_OP27.00194,Production of OCPS of the Municipality of Ilirska Bistrica,Izdelava OCPS občine Ilirska Bistrica,Slovenia,01/01/2023,30/06/2025,85.0,40000.0,EUR,34000.0,https://linkedopendata.eu/entity/Q3279067,"45.566460673777,14.286191485056",109,Multimodal transport (not urban),,,PO03,Connected Europe,RSO3.2,RSO3.2,CF,Cohesion Fund,2021SI16FFPR001,EU Cohesion Policy - SI -  ERDF/CF/ESF+/JTF,,SI_038,Ilirska Bistrica,,,Primorsko-notranjska,,,SI038,2021-2027,Production of OCPS of the Municipality of Ilirska Bistrica,Izdelava OCPS občine Ilirska Bistrica,,,,,SI
https://linkedopendata.eu/entity/Q7501387,2021SI16FFPR001_OP27.00201,Production of OCPS of the Municipality of Trzin,Izdelava OCPS občine Trzin,Slovenia,01/01/2023,31/12/2025,85.0,28000.0,EUR,23800.0,https://linkedopendata.eu/entity/Q3279790,"46.127908582537,14.55257759889",109,Multimodal transport (not urban),,,PO03,Connected Europe,RSO3.2,RSO3.2,CF,Cohesion Fund,2021SI16FFPR001,EU Cohesion Policy - SI -  ERDF/CF/ESF+/JTF,,SI_186,Trzin,,,Osrednjeslovenska,,,SI041,2021-2027,Production of OCPS of the Municipality of Trzin,Izdelava OCPS občine Trzin,,,,,SI
https://linkedopendata.eu/entity/Q7501377,2021SI16FFPR001_OP27.00190,Production of OCPS of the Municipality of Cerkvenjak,Izdelava OCPS občine Cerkvenjak,Slovenia,01/01/2023,30/06/2026,85.0,28000.0,EUR,23800.0,https://linkedopendata.eu/entity/Q3281507,"46.560927028708,15.942138669034",109,Multimodal transport (not urban),,,PO03,Connected Europe,RSO3.2,RSO3.2,CF,Cohesion Fund,2021SI16FFPR001,EU Cohesion Policy - SI -  ERDF/CF/ESF+/JTF,,SI_153,Cerkvenjak,,,Podravska,,,SI032,2021-2027,Production of OCPS of the Municipality of Cerkvenjak,Izdelava OCPS občine Cerkvenjak,,,,,SI
https://linkedopendata.eu/entity/Q7501540,2021SI16FFPR001_OP27.00358,Raising the professionalisation of public procurement (ProfJN),Dvig profesionalizacije javnega naročanja (ProfJN),Slovenia,01/05/2024,30/11/2029,85.0,2055784.8,EUR,1747417.08,https://linkedopendata.eu/entity/Q3278943,"46.054328329124,14.562956200712",151,Support for adult education (excluding infrastructure),,,PO04,Social Europe,ESO4.7,ESO4.7,ESF+,European Social Fund Plus,2021SI16FFPR001,EU Cohesion Policy - SI -  ERDF/CF/ESF+/JTF,,SI_061,Ljubljana,,,Osrednjeslovenska,,,SI041,2021-2027,"The programme is connected to the existing e-JN project, which is implemented within the Public Procurement Directorate, where additional modalities will be developed in the e-JN information system (e-procurement system project), which represents an information system for the electronic management of the entire public procurement procedure, in which representatives of both contracting authorities and economic operators can perform individual actions in public procurement procedures. The programme Raising Professionalisation of Public Procurement (ProfJN) is in synergy with this project, as both want to support stakeholders in the field of content and information in order to make public procurement procedures easier, faster and of higher quality. The digital content developed within ProfJN will be published as part of the e-JN information system, which represents a single entry point for the electronic public procurement system owned by the MJU. The purpose of the investment is to raise the qualifications of persons performing public contracts, which will be reflected in their more efficient and better quality work. The programme will contribute to the professionalisation of stakeholders involved in public procurement procedures (representatives of contracting authorities and tenderers) with the aim of improving and facilitating the implementation of procedures. The Academy will operate as a non-institutional programme within the MJU and in cooperation with the Administrative Academy. In addition, the existing content helpdesk will continue its work in the form of the so-called help center for comprehensive content help in the field of public procurement.","Program se povezuje z obstoječim projektom e-JN, ki ga izvajamo v okviru Direktorata za javno naročanje, kjer se bodo razvijale dodatne modalitete v informacijskem sistemu e-JN (projekt Sistem e-javnega naročanja), ki predstavlja informacijski sistem za elektronsko vodenje celotnega postopka javnega naročanja, v katerem predstavniki tako naročnikov kot gospodarskih subjektov lahko opravljajo posamezna dejanja v postopkih javnih naročil. Program Dvig profesionalizacije javnega naročanja (ProfJN) je v sinergiji s tem projektom, saj oba želita, eden na vsebinskem, drugi pa na informacijskem področju, podpreti deležnike, da bodo lažje, hitreje in bolj kvalitetno izvajali postopke javnih naročil. Digitalne vsebine, razvite v okviru ProfJN, bodo objavljene v sklopu informacijskega sistema e-JN, ki predstavlja enotno vstopno točko za elektronski sistem javnega naročanja v lasti MJU. Namen investicije je dvig usposobljenosti oseb, ki izvajajo javna naročila, kar se bo odražalo v njihovem učinkovitejšem in kakovostnejšem delu. Program bo prispeval k profesionalizaciji deležnikov, ki sodelujejo v postopkih javnega naročanja (predstavniki naročnikov in ponudnikov) s ciljem boljšega in lažjega izvajanja postopkov. Akademija bo delovala kot neinstitucionalni program v okviru MJU in v sodelovanju z Upravno akademijo. Poleg tega pa bo obstoječa enota za vsebinsko pomoč uporabnikom delo nadaljevala v obliki t.i. help centra za celovito vsebinsko pomoč na področju javnega naročanja.",,,,,SI
https://linkedopendata.eu/entity/Q7501654,2021SI16FFPR001_OP27.00486,Systemic treatment of fragility with an emphasis on pre-fragility for healthy and quality ageing,Sistemska obravnava krhkosti s poudarkom na predkrhkosti za zdravo in kakovostno staranje,Slovenia,01/08/2024,31/12/2028,61.99,8066000.0,EUR,4999890.61,https://linkedopendata.eu/entity/Q3278989|https://linkedopendata.eu/entity/Q3279049,"46.054328329124,14.562956200712",160,"Measures to improve the accessibility, effectiveness and resilience of healthcare systems (excluding infrastructure)",,,PO04,Social Europe,ESO4.11,ESO4.11,ESF+,European Social Fund Plus,2021SI16FFPR001,EU Cohesion Policy - SI -  ERDF/CF/ESF+/JTF,,SI_061,Ljubljana,,,Osrednjeslovenska,,,SI041,2021-2027,"Subject to direct confirmation of the operation (hereinafter: NPO) is the co-financing of activities, interventions and measures that will contribute to the development and implementation of interdisciplinary, preventive treatment before/fragility at the primary level of health care and to the development and implementation of an integrated pathway of treatment before/fragility of persons, in terms of improving health and digital literacy, awareness, strengthening and maintaining physical and mental health and reducing health inequalities in older adults.","Predmet neposredne potrditve operacije (v nadaljnjem besedilu: NPO) je sofinanciranje aktivnosti, intervencij in ukrepov, ki bodo prispevali k razvoju in implementaciji interdisciplinarne, preventivne obravnave pred/krhkosti na primarni ravni zdravstvenega varstva ter k razvoju in implementaciji integrirane poti obravnave pred/krhkosti oseb, z vidika izboljševanja zdravstvene in digitalne pismenosti, ozaveščenosti, krepitvi in ohranjanja telesnega in duševnega zdravja ter zmanjševanja neenakosti v zdravju pri starejših odraslih.",,,,,SI
https://linkedopendata.eu/entity/Q7501688,2021SI16FFPR001_OP27.00547,Innovative lifting bed with lifting mechanism,Inovativna dvižna postelja z dvižnim mehanizmom,Slovenia,14/03/2025,31/03/2027,85.0,72000.0,EUR,61200.0,https://linkedopendata.eu/entity/Q7501178,"46.648282137681,16.15483972171",025,"Incubation, support to spin offs and spin outs and start ups",,,PO01,Smarter Europe,RSO1.3,RSO1.3,ERDF,European Regional Development Fund,2021SI16FFPR001,EU Cohesion Policy - SI -  ERDF/CF/ESF+/JTF,,SI_080,Murska Sobota,,,Pomurska,,,SI031,2021-2027,"As part of the submitted project, the company is developing a lift bed, which is the result of its own development and will allow users to make additional use of space and thus reduce their living costs. The lift bed will offer a variety of layout options, easy installation and ease of use, and will allow for the possibility of repositioning. It will represent a universal solution, as it will be suitable for different heights of the room, different sizes of the bed and different layouts in the room. From competing products, the company's product differs with an innovative mechanism for raising the bed and an innovative way of folding the legs of the bed.","V okviru prijavljenega projekta podjetje razvija dvižno posteljo, ki je plod lastnega razvoja in bo uporabnikom omogočala dodatno izrabo prostora in jim s tem zniževala stroške bivanja. Dvižna postelja bo ponujala različne možnosti postavitve, enostavno montažo in enostavno uporabo ter bo omogočala možnost premeščanja. Predstavljala bo univerzalno rešitev, saj bo primerna za različne višine prostora, različne velikosti postelje in različne postavitve v prostoru. Od konkurenčnih izdelkov se produkt podjetja razlikuje z inovativnim mehanizmom za dvig postelje in inovativnim načinom zlaganje nog postelje.",,,,,SI
https://linkedopendata.eu/entity/Q7501730,2021SI16FFPR001_OP27.00608,Development of digital publishing,Razvoj digitalnega založništva,Slovenia,24/02/2025,30/09/2028,56.32,2600000.0,EUR,1464242.0,https://linkedopendata.eu/entity/Q3279048,"46.1,14.15|46.08333333,15.45",018,IT services and applications for digital skills and digital inclusion,,,PO01,Smarter Europe,RSO1.2,RSO1.2,ERDF,European Regional Development Fund,2021SI16FFPR001,EU Cohesion Policy - SI -  ERDF/CF/ESF+/JTF,,,,,Western Slovenia|Eastern Slovenia,,,SI04|SI03,,2021-2027,"The purpose of the funding is the digitisation of the book or publishing sector, since the processes of production and content of books must be digitised and advanced technologies must be introduced into publishing, while at the same time increasing the digital competence of publishers (educating publishers about the use of software, knowledge about forms of protection of materials, copyright and related rights, the use of corpora for publishers and authors, etc.). The digital transformation of publishing involves the digitalisation of business models, services as well as products. In particular, the production of quality audio books that are not machine-readable is not at a satisfactory level due to the high production costs that cannot be covered by sales or rental fees. Only continuous and high-quality production of audio books with the introduction of artificial intelligence and other advanced technological solutions can establish a more stable development of this field. It is necessary to provide the public with a digital user experience through both products (audio and e-books) and an improved and equal way of accessing this content from anywhere, as well as to improve the digital and reading literacy of the population. By ceding the texts of the newly created audio and e-books to researchers and language technology companies for the purpose of corpus production, it also contributes to the development of Slovene in the digital environment. Objectives of funding: – Production of e-books and quality non-machine read audiobooks in Slovenian Digitalisation of the process of producing books and the content of books (production of e-books and audiobooks). – Raising the digital competence of publishers Provision of training for publishers on the use of software, knowledge of forms of protection, copyright and related rights, use of corpora to increase the digital competence of publishers. – Enhancing accessibility to digital books Greater digital inclusion of the population and better accessibility, as well as a digital user experience of the book. Improving the digital as well as reading literacy of the population. – Provision of basic elements of the language infrastructure Distribution of texts of newly created audio and e-books to research organisations and companies in the field of language technologies with a view to the production of corpora that are the basis for the development of language technologies in Slovene.","Namen financiranja je digitalizacija področja knjige oziroma založništva, saj je procese izdelave in vsebine knjig treba digitalizirati in v založništvo uvesti napredne tehnologije, vzporedno s tem pa tudi dvigniti digitalne kompetence založnikov (izobraziti založnike o uporabi programske opreme, poznavanju oblik zaščite gradiv, avtorskih in sorodnih pravicah, uporabi korpusov za založnike in avtorje ipd.). Digitalna preobrazba založništva vključuje digitalizacijo poslovnih modelov, storitev kot tudi produktov. Predvsem produkcija kakovostnih zvočnih knjig, ki niso strojno brane, zaradi visokih stroškov izdelave, ki jih ni mogoče pokriti s prodajo ali nadomestilom za izposojo, ni na zadovoljivi ravni. Samo stalna in kakovostna produkcija zvočnih knjig ob uvajanju umetne inteligence in drugih naprednih tehnoloških rešitev lahko vzpostavi stabilnejši razvoj tega področja. Javnosti je treba tako s produkti (zvočnimi in e-knjigami) kot tudi z izboljšanim in enakopravnim načinom dostopnosti do teh vsebin od koder koli omogočiti digitalno uporabniško izkušnjo ter izboljšati digitalno in tudi bralno pismenost prebivalstva. Z odstopom besedil novonastalih zvočnih in e-knjig raziskovalcem in jezikovnotehnološkim podjetjem za namen izdelave korpusov pa se prispeva tudi k razvoju slovenščine v digitalnem okolju. Cilji financiranja: – Izdelava e-knjig in kakovostnih nestrojno branih zvočnih knjig v slovenščini Digitalizacija procesa izdelave knjig in vsebine knjig (izdelava e-knjig in zvočnih knjig). – Dvig digitalnih kompetenc založnikov Izvedba izobraževanj založnikov o uporabi programske opreme, poznavanju oblik zaščite, avtorskih in sorodnih pravicah, uporabi korpusov za dvig digitalnih kompetenc založnikov. – Izboljšanje dostopnosti do digitalnih knjig Večja digitalna vključenost prebivalstva in boljša dostopnost ter digitalna uporabniška izkušnja na področju knjige. Izboljšanje digitalne in tudi bralne pismenosti prebivalstva. – Zagotavljanje osnovnih gradnikov jezikovne infrastrukture Distribucija besedil novonastalih zvočnih in e-knjig raziskovalnim organizacijam in podjetjem s področja jezikovnih tehnologij z namenom izdelave korpusov, ki so podlaga za razvoj jezikovnih tehnologij v slovenščini.",,,,,SI
https://linkedopendata.eu/entity/Q7501722,2021SI16FFPR001_OP27.00595,"Upgraded ProbIS information system, with access to advisory modules","Nadgrajen informacijski sistem ProbIS, z dostopi do svetovalno edukativnih modulov",Slovenia,23/02/2023,28/02/2028,57.78,490000.0,EUR,283119.55,https://linkedopendata.eu/entity/Q3279052,"46,15",016,"Government ICT solutions, e-services, applications",,,PO01,Smarter Europe,RSO1.2,RSO1.2,ERDF,European Regional Development Fund,2021SI16FFPR001,EU Cohesion Policy - SI -  ERDF/CF/ESF+/JTF,,,,,,,,,,2021-2027,"The purpose of the investment project is to enable persons in probation to have access to comprehensive support services that will contribute to the successful execution of criminal sanctions, improve their quality of life and reduce the risk of reoffending. The support services will be available in the form of digitalised counselling and education modules (SEM), which will be accessed by people with a username and password. Access will be voluntary, based on a previously performed Risk and Needs Assessment (MOT) model that identifies criminogen factors and strong areas of the individual. The digitalisation of the MOT will make it possible to draw up precise personal plans on the basis of which persons will be directed to specific areas of the SEM. The target groups of the project include probationers and institutions involved in the probation process. With the use of an extended information system, people in probation will receive more effective and personalized professional treatment, which can help to reintegrate people into society and reduce the risk of reoffending. In addition, the extension will improve the work of probation staff and other stakeholders involved by enabling faster resolution of cases and improving the quality of cooperation between institutions, optimising judicial and probation processes.","Namen investicijskega projekta je omogočiti osebam v probaciji dostop do celovitih podpornih storitev, ki bodo prispevale k uspešni izvršitvi kazenskih sankcij, izboljšanju njihove kakovosti življenja ter zmanjšanju tveganj za ponovitve kaznivih dejanj. Podporne storitve bodo na voljo v obliki digitaliziranih svetovalno-izobraževalnih modulov (SEM), do katerih bodo osebe dostopale z uporabniškim imenom in geslom. Dostopanje bo prostovoljno, na podlagi predhodno opravljenega modela za ocenjevanje tveganj in potreb (MOT), ki prepoznava kriminogene dejavnike in močna področja posameznika. Digitalizacija MOT bo omogočila izdelavo natančnih osebnih načrtov, na podlagi katerih se bodo osebe usmerjale na specifična področja SEM. Ciljne skupine projekta vključujejo osebe v probaciji in institucije, ki sodelujejo v probacijski obravnavi. Z uporabo razširjenega informacijskega sistema bodo osebe v probaciji deležne bolj učinkovite in personalizirane strokovne obravnave, kar lahko pripomore k reintegraciji oseb v družbo in zmanjšanju tveganj za ponovitev kaznivih dejanj. Poleg tega bo razširitev izboljšala delo probacijskih uslužbencev in drugih sodelujočih deležnikov, saj bo omogočila hitrejše reševanje primerov in izboljšala kakovost sodelovanja med institucijami, kar bo optimiziralo pravosodne in probacijske procese.",,,,,SI
https://linkedopendata.eu/entity/Q7501294,2021SI16FFPR001_OP27.00105,"Youth work against youth precariousness - pilot project - Institute for Youth, Culture and Tourism Koper","Z mladinskim delom proti prekarnosti mladih - pilotni projekt - Zavod za mladino, kulturo in turizem Koper",Slovenia,01/06/2024,31/12/2026,40.0,87060.4,EUR,34824.16,https://linkedopendata.eu/entity/Q3281984,"45.50973901972,13.838311218974",136,Specific support for youth employment and socio-economic integration of young people,,,PO04,Social Europe,ESO4.1,ESO4.1,ESF+,European Social Fund Plus,2021SI16FFPR001,EU Cohesion Policy - SI -  ERDF/CF/ESF+/JTF,,SI_050,Koper/Capodistria,,,Obalno-kraška,,,SI044,2021-2027,"Youth work against youth precariousness - pilot project - Institute for Youth, Culture and Tourism Koper","Z mladinskim delom proti prekarnosti mladih - pilotni projekt - Zavod za mladino, kulturo in turizem Koper",,,,,SI
https://linkedopendata.eu/entity/Q7501282,2021SI16FFPR001_OP27.00090,Youth work against youth precariousness - pilot project - Prlekija Youth Centre,Z mladinskim delom proti prekarnosti mladih - pilotni projekt - Mladinski center Prlekije,Slovenia,01/06/2024,31/12/2026,85.0,87060.4,EUR,74001.34,https://linkedopendata.eu/entity/Q3279697,"46.521175028788,16.157166528115",136,Specific support for youth employment and socio-economic integration of young people,,,PO04,Social Europe,ESO4.1,ESO4.1,ESF+,European Social Fund Plus,2021SI16FFPR001,EU Cohesion Policy - SI -  ERDF/CF/ESF+/JTF,,SI_063,Ljutomer,,,Pomurska,,,SI031,2021-2027,Youth work against youth precariousness - pilot project - Prlekija Youth Centre,Z mladinskim delom proti prekarnosti mladih - pilotni projekt - Mladinski center Prlekije,,,,,SI
https://linkedopendata.eu/entity/Q7501222,2021SI16FFPR001_OP27.00032,Reducing flood risks along the Dravinja and Polskava rivers,Zmanjševanje poplavne ogroženosti ob Dravinji in Polskavi,Slovenia,01/01/2022,31/12/2027,85.0,16577113.92,EUR,14090546.83,https://linkedopendata.eu/entity/Q7501066,"46.45,15.68333333",058,"Adaptation to climate change measures and prevention and management of climate related risks: floods and landslides (including awareness raising, civil protection and disaster management systems, infrastructures and ecosystem based approaches)",,,PO02,"Greener, carbon-free Europe",RSO2.4,RSO2.4,ERDF,European Regional Development Fund,2021SI16FFPR001,EU Cohesion Policy - SI -  ERDF/CF/ESF+/JTF,,,,,,Podravska,,,SI032,2021-2027,"The project will reduce the flood risk at the OPVP Poljčane in the municipalities of Slovenske Konjice, Videm, Kidričevo, Majšperk and Slovenska Bistrica. The planned integrated measures to improve flood safety along the Dravinja and Polskava rivers will reduce the flood risk in the wider area under consideration, while ensuring a limited impact of climate change on the flood risk of the area in the long term.","S projektom se bo zmanjšala poplavna ogroženost na OPVP Poljčane, in sicer na območju občin Slovenske Konjice, Videm, Kidričevo, Majšperk in Slovenska Bistrica. Z načrtovanimi celostnimi ukrepi za izboljšanje poplavne varnosti ob Dravinji in Polskavi bo zmanjšana poplavna ogroženost na širšem obravnavanem območju, hkrati pa bo dolgoročno zagotovljen omejen vpliv podnebnih sprememb na poplavno ogroženost območja.",,,,,SI
https://linkedopendata.eu/entity/Q7501697,2021SI16FFPR001_OP27.00556,"Execution of the Linhart road, section from Dunajska cesta to the roundabout Žale","Izvedba Linhartove ceste, odsek od Dunajske ceste do krožišča Žale",Slovenia,29/03/2023,31/12/2026,40.0,5590562.5,EUR,2236225.0,https://linkedopendata.eu/entity/Q3279971,"46.1,14.15",083,Cycling infrastructure,,,PO02,"Greener, carbon-free Europe",RSO2.8,RSO2.8,ERDF,European Regional Development Fund,2021SI16FFPR001,EU Cohesion Policy - SI -  ERDF/CF/ESF+/JTF,,,,,Western Slovenia,,,SI04,,2021-2027,"The Linhart Road represents a two-lane urban road with a total length of approx. 1400 m, which connects the area of Novi Jars and the Sava settlement with the area of Bežigrad and the city centre. One of the main reasons for the investment is the durability and safety inadequacy of the motorised and non-motorised area in this part of the Linhart road. The investment will increase the safety of all road users and improve the living conditions of the inhabitants of this part of the city of Ljubljana. Further deterioration of the running surface and growth in the costs of ongoing and capital maintenance of the infrastructure will be prevented. The expansion of the Linhart road will eliminate the capacity inadequacy of the road on the section in question, and together with the latter will eliminate congestion and traffic delays during peak periods. As part of the project, all surfaces intended for cycling and walking traffic will be reconstructed. As part of the interventions, it is envisaged to change the traffic profile into a four-lane road with yellow lanes, which will be intended for public passenger transport. The reconstruction will provide more spacious and safer areas for pedestrians and cyclists, as well as more attractive public passenger transport, improve conditions for people with disabilities, and allow more greening and better conditions for tree growth. Four junctions (Vienna, Železna, Neuberger, Topniška cesta) and a new junction with Valjhun Street with a pedestrian and cyclist crossing will also be renovated. Cycling trails and pavements along the entire Linhart road will be redesigned. Through the renovation of Linhart Street between the section of Dunajska cesta and the Žale roundabout, the City of Ljubljana aims to promote sustainable multimodal urban mobility, thereby also achieving several goals, namely a higher share of cyclists in traffic, a higher share of pedestrians, a reduction in the number of traffic accidents, the promotion of sustainable mobility, the promotion of the use of PPPs, the improvement of air quality in cities and an improved connection of urban areas with their hinterland.","Linhartova cesta predstavlja dvopasovno mestno cesto v skupni dolžini ca. 1400 m, ki povezuje območje Novih Jarš in Savskega naselja z območje Bežigrada ter ožjim mestnim središčem. Eden izmed glavnih razlogov za izvedbo investicije je dotrajanost in varnostna neustreznost motorizirane in nemotorizirane površine na tem predelu Linhartove ceste. Z investicijo se bo povečala varnost vseh udeležencev v prometu ter izboljšale bivalne razmere prebivalcev tega dela mesta Ljubljana. Preprečilo se bo nadaljnje propadanje vozne površine ter rast stroškov tekočega in investicijskega vzdrževanja infrastrukture. S širitvijo Linhartove ceste se bo odpravila kapacitetna neustreznost ceste na obravnavanem odseku, skupaj s slednjo pa se bodo odpravili še zastoji in zamude v prometu v času prometnih konic. V sklopu projekta bodo rekonstruirane vse površine namenjene kolesarskemu in peš prometu. V sklopu posegov je predvidena sprememba prometnega profila v štiripasovnico z rumenimi pasovi, ki bodo namenjeni javnemu potniškemu prometu. Rekonstrukcija bo zagotovila prostornejše in varnejše površine za pešce in kolesarje ter privlačnejši javni potniški promet, izboljšala bo razmere za osebe z oviranostmi ter omogočila več ozelenitve in boljše razmere za rast dreves. Preurejena bodo tudi štiri križišča (Dunajska, Železna, Neubergerjeva, Topniška cesta) ter novo križišče z Valjhunovo ulico s prehodom za pešce in kolesarje. Na novo bodo urejene kolesarske steze in pločniki vzdolž celotne Linhartove ceste. Mestna občina Ljubljana želi preko prenove Linhartove ulice med odsekom Dunajske ceste in krožiščem Žale spodbuditi trajnostno multimodalno urbano mobilnost, s tem bodo dosegli tudi več ciljev in sicer večji delež kolesarjev v prometu, večji delež peščev, zmanjšanje števila prometnih nesreč, spodbujanje trajnostne mobilnosti, spodbujanje uporabe JPP, izboljšanje kakovosti zraka v mestih ter izboljšano povezanost urbanih območij z njihovim zaledjem.",,,,,SI
https://linkedopendata.eu/entity/Q7501265,2021SI16FFPR001_OP27.00078,Youth work against youth precariousness - pilot project - People's University Ormož,Z mladinskim delom proti prekarnosti mladih - pilotni projekt - Ljudska univerza Ormož,Slovenia,01/06/2024,31/12/2026,85.0,87060.4,EUR,74001.34,https://linkedopendata.eu/entity/Q3279694,"46.437887427221,16.151451939145",136,Specific support for youth employment and socio-economic integration of young people,,,PO04,Social Europe,ESO4.1,ESO4.1,ESF+,European Social Fund Plus,2021SI16FFPR001,EU Cohesion Policy - SI -  ERDF/CF/ESF+/JTF,,SI_087,Ormož,,,Podravska,,,SI032,2021-2027,Youth work against youth precariousness - pilot project - People's University Ormož,Z mladinskim delom proti prekarnosti mladih - pilotni projekt - Ljudska univerza Ormož,,,,,SI
https://linkedopendata.eu/entity/Q7501491,2021SI16FFPR001_OP27.00305,VGC + Cohabitation of Generations,VGC + Sobivanje generacij,Slovenia,01/08/2024,30/09/2029,85.0,1283662.8,EUR,1091113.38,https://linkedopendata.eu/entity/Q3279110,"46.489469033112,15.078819309195",163,"Promoting social integration of people at risk of poverty or social exclusion, including the most deprived and children",,,PO04,Social Europe,ESO4.12,ESO4.12,ESF+,European Social Fund Plus,2021SI16FFPR001,EU Cohesion Policy - SI -  ERDF/CF/ESF+/JTF,,SI_112,Slovenj Gradec,,,Koroška,,,SI033,2021-2027,"The project offers various preventive content and activities aimed primarily at families, individual family members, the elderly and other vulnerable groups. Multigenerational Centre+ (VGC+) is a central gathering place in the local environment, dedicated to socializing, maintaining or expanding the social network and empowering vulnerable groups. It is a preventive project involving educational, intercultural, intergenerational and other activities.","Projekt ponuja različne preventivne vsebine in aktivnosti, namenjene predvsem družinam, posameznim družinskim članom, starejšim in drugim ranljivim skupinam. Večgeneracijski center+ (VGC+) predstavlja osrednji prostor zbiranja v lokalnem okolju, namenjen druženju, ohranjanju oziroma širjenju socialne mreže ter opolnomočenju ranljivih skupin. Gre za preventivni projekt, ki vključuje izobraževalne, medkulturne, medgeneracijske in druge dejavnosti.",,,,,SI
https://linkedopendata.eu/entity/Q7501464,2021SI16FFPR001_OP27.00278,SUPPORT TO UNDERSTAND WORK ACTIVITIES-ASI+,PODPORA PODJETJEM ZA PODALJŠEVANJE DELOVNE AKTIVNOSTI-ASI+,Slovenia,01/06/2024,31/12/2028,69.7,18570588.0,EUR,12943699.84,https://linkedopendata.eu/entity/Q3278986,"46.054328329124,14.562956200712",147,Measures encouraging active and healthy ageing,,,PO04,Social Europe,ESO4.4,ESO4.4,ESF+,European Social Fund Plus,2021SI16FFPR001,EU Cohesion Policy - SI -  ERDF/CF/ESF+/JTF,,SI_061,Ljubljana,,,Osrednjeslovenska,,,SI041,2021-2027,"The purpose of the ASI operation is to prolong the work activity of older employees by strengthening their competences, eliminating stereotypes about older employees and empowering employers to manage an ageing workforce, and promoting intergenerational cooperation through the transfer of knowledge between generations.","Namen operacije ASI je podaljševanje delovne aktivnosti starejših zaposlenih s krepitvijo njihovih kompetenc, odpravo stereotipov o starejših zaposlenih in opolnomočenju delodajalcev za upravljanje starajoče se delovne sile ter spodbujanje medgeneracijskega sodelovanja s prenosom znanj med generacijami.",,,,,SI
https://linkedopendata.eu/entity/Q7501726,2021SI16FFPR001_OP27.00603,Energy Poverty Reduction Programme 2024-2027,Program zmanjševanja energetske revščine 2024-2027,Slovenia,01/04/2024,31/12/2029,71.34,32941176.47,EUR,23500000.0,https://linkedopendata.eu/entity/Q3281795,"46.1,14.15|46.08333333,15.45",041,"Energy efficiency renovation of existing housing stock, demonstration projects and supporting measures",,,PO02,"Greener, carbon-free Europe",RSO2.1,RSO2.1,ERDF,European Regional Development Fund,2021SI16FFPR001,EU Cohesion Policy - SI -  ERDF/CF/ESF+/JTF,,,,,Western Slovenia|Eastern Slovenia,,,SI04|SI03,,2021-2027,"The ZER programme 2024-2027 aims to implement investments in energy efficiency measures and the use of renewable energy sources in an estimated 1100 households in energy poverty (of which 620 households in less developed regions and 480 households in more developed regions) in order to reduce the growing problem of energy poverty. In order to reduce energy poverty as much as possible, it is necessary to implement a combination of different measures, whereby improving the energy performance of buildings is the best long-term measure. The funds will therefore be used to the greatest extent possible for investment measures and for advice and measures to change behavioural habits in the management of energy sources. In order to identify households that actually face energy poverty, the funds will also be used for support measures, i.e. for so-called coordinators, who will inform potential beneficiaries, help them to apply for a public call and guide them throughout the process of implementing investment measures. The implementation of the programme will thus be set up in such a way that the beneficiaries will be provided with comprehensive support, namely to help them understand the measures to improve the energy efficiency of buildings, the procedure relating to applying for funding and, if the conditions of the public call are met, the implementation of investment measures. Since low-income households cannot afford the energy renovation of their buildings, the amount of the non-repayable financial incentive for the implementation of investment measures will amount to up to 100% of the eligible investment costs.","Program ZER 2024- 2027 je namenjen izvedbi investicij v ukrepe učinkovite rabe energije in rabe obnovljivih virov energije v predvidoma 1100 energetsko revnih gospodinjstvih (od tega v 620 gospodinjstvih v manj razvitih regijah in 480 v bolj razvitih regijah) z namenom zmanjšanja naraščajočega problema energetske revščine. Da bi v čim večji meri zmanjšali energetsko revščino, je potrebno izvesti kombinacijo različnih ukrepov, pri čemer je izboljšanje energetske učinkovitosti stavb najboljši dolgoročni ukrep. Sredstva bodo tako v največjem obsegu namenjena investicijskim ukrepom ter svetovanju in ukrepom za spremembe vedenjskih navad pri ravnanju z viri energije. Z namenom identificiranja gospodinjstev, ki se dejansko soočajo z energetsko revščino pa bodo sredstva namenjena tudi za podporne ukrepe, to je za t. i. koordinatorje, ki bodo informirali potencialne upravičence, jim pomagali pri prijavi na javni poziv ter jih vodili skozi celoten postopek izvedbe investicijskih ukrepov. Izvedba programa bo tako zastavljena na način, da bo upravičencem zagotovljena celovita podpora, in sicer kot pomoč pri razumevanju ukrepov v izboljšanje energetske učinkovitosti stavb, pri postopku v zvezi s kandidiranjem za pridobitev sredstev ter v primeru izpolnjevanja pogojev javnega poziva, pri izvedbe investicijskih ukrepov. Ker si gospodinjstva z nizkimi prihodki ne morejo privoščiti energetske obnove njihovih stavb, bo višina nepovratne finančne spodbude za izvedbo investicijskih ukrepov znašala do 100 % upravičenih stroškov investicij.",,,,,SI
https://linkedopendata.eu/entity/Q7501469,2021SI16FFPR001_OP27.00283,Self-confident Critically Responsible Creative in the DIGI FUTURE,Samozavestno Kritično Odgovorno Kreativno V DIGI PRIHODNOST,Slovenia,23/02/2024,31/10/2025,56.54,319600.0,EUR,180715.0,https://linkedopendata.eu/entity/Q3279108,"46.1,14.15|46.08333333,15.45",018,IT services and applications for digital skills and digital inclusion,,,PO01,Smarter Europe,RSO1.2,RSO1.2,ERDF,European Regional Development Fund,2021SI16FFPR001,EU Cohesion Policy - SI -  ERDF/CF/ESF+/JTF,,,,,Western Slovenia|Eastern Slovenia,,,SI04|SI03,,2021-2027,"Non-formal education ""Jump into the Digi Future"" follows the DigiComp 2.2 guidelines and covers all 5 areas of digital competence. 21 digital competences are included in both educational programmes (basic and advanced) and will be addressed through the non-formal educational process. The topic of 222 Digi info points will be included as an additional content of non-formal education. Participants will be presented where they can find a list of locations and check the official hours of active Digi info points, as well as what services they offer as citizens of the Republic of Slovenia. Depending on the location of the training, each participant will also obtain information about the location of the nearest Digi info point.","Neformalno izobraževanje »Skok v digi prihodnost« sledi smernicam DigiComp 2.2 in pokriva vseh 5 področij digitalnih kompetenc. V oba izobraževalna programa (osnovni in napredni) je vključenih in bo skozi neformalni izobraževalni proces obravnavanih 21 digitalnih kompetenc. Kot dodatna vsebina neformalnega izobraževanja bo vključena tema o 222 Digi info točkah. Udeležencem bo predstavljeno, kje najdejo seznam lokacij in preverijo uradne ure aktivnih Digi info točk, ter kakšne storitve jim kot državljanom RS nudijo. Vsak udeleženec bo glede na lokacijo izobraževanja tudi pridobil informacijo, kje se nahaja udeležencu najbližja lokacija Digi info točke.",,,,,SI
https://linkedopendata.eu/entity/Q7501725,2021SI16FFPR001_OP27.00602,Reduction of flood risk in the Savinja basin - Lot 1,Zmanjšanje poplavne ogroženosti na porečju Savinje -1. sklop,Slovenia,01/01/2023,31/12/2027,85.0,26997111.94,EUR,22947545.15,https://linkedopendata.eu/entity/Q7501066,"46.25,15.16666667",058,"Adaptation to climate change measures and prevention and management of climate related risks: floods and landslides (including awareness raising, civil protection and disaster management systems, infrastructures and ecosystem based approaches)",,,PO02,"Greener, carbon-free Europe",RSO2.4,RSO2.4,ERDF,European Regional Development Fund,2021SI16FFPR001,EU Cohesion Policy - SI -  ERDF/CF/ESF+/JTF,,,,,,Savinjska,,,SI034,2021-2027,"The main objective of the planned investment is to ensure adequate flood safety against the high waters of the Savinja River and its tributaries in the area of the municipalities of Braslovče, Polzela and Laško, which will significantly reduce the flood risk in the wider Savinja River Basin area. The objective will be achieved through the implementation of comprehensive measures to improve the flow of watercourses, the construction of flood protection infrastructure and the establishment and activation of spillage areas. The measures include the arrangement of the section of the Savinja River between Grobeljski most and Mali Braslovče (in the area of the Ločica-Letuš NPP), including dykes, walls, flow-through facilities and nature-based solutions, as well as local measures to protect the area of Rečica in Debru (Laško), where dykes and arrangements for the retention and channelling of high waters will be implemented.","Osnovni cilj načrtovane investicije je zagotovitev ustrezne poplavne varnosti pred visokimi vodami Savinje in njenih pritokov na območju občin Braslovče, Polzela in Laško, s čimer se bo bistveno zmanjšala poplavna ogroženost širšega območja porečja Savinje. Cilj bo dosežen z izvedbo celovitih ukrepov za izboljšanje pretočnosti vodotokov, izgradnjo protipoplavne infrastrukture ter vzpostavitvijo in aktivacijo razlivnih površin. Ukrepi zajemajo ureditev odseka reke Savinje med Grobeljskim mostom in Malimi Braslovčami (na območju DPN Ločica–Letuš), vključno z nasipi, zidovi, pretočnimi objekti in na naravi temelječimi rešitvami, ter lokalne ukrepe za zaščito območja Rečice v Debru (Laško), kjer bodo izvedeni nasipi in ureditve za zadrževanje in usmerjanje visokih voda.",,,,,SI
https://linkedopendata.eu/entity/Q7501485,2021SI16FFPR001_OP27.00299,Multigenerational centre Posavje +,Večgeneracijski center Posavje +,Slovenia,01/08/2024,30/09/2029,85.0,1505750.4,EUR,1279887.84,https://linkedopendata.eu/entity/Q3279106,"45.95594422882,15.462787913977",163,"Promoting social integration of people at risk of poverty or social exclusion, including the most deprived and children",,,PO04,Social Europe,ESO4.12,ESO4.12,ESF+,European Social Fund Plus,2021SI16FFPR001,EU Cohesion Policy - SI -  ERDF/CF/ESF+/JTF,,SI_054,Krško,,,Posavska,,,SI036,2021-2027,"The project offers various preventive content and activities aimed primarily at families, individual family members, the elderly and other vulnerable groups. Multigenerational Centre+ (VGC+) is a central gathering place in the local environment, dedicated to socializing, maintaining or expanding the social network and empowering vulnerable groups. It is a preventive project involving educational, intercultural, intergenerational and other activities.","Projekt ponuja različne preventivne vsebine in aktivnosti, namenjene predvsem družinam, posameznim družinskim članom, starejšim in drugim ranljivim skupinam. Večgeneracijski center+ (VGC+) predstavlja osrednji prostor zbiranja v lokalnem okolju, namenjen druženju, ohranjanju oziroma širjenju socialne mreže ter opolnomočenju ranljivih skupin. Gre za preventivni projekt, ki vključuje izobraževalne, medkulturne, medgeneracijske in druge dejavnosti.",,,,,SI
https://linkedopendata.eu/entity/Q7501396,2021SI16FFPR001_OP27.00211,Production of OCPS of the Municipality of Jesenice,Izdelava OCPS Občine Jesenice,Slovenia,01/01/2023,31/12/2025,85.0,43000.0,EUR,36550.0,https://linkedopendata.eu/entity/Q3278945,"46.449271577068,14.072500315735",109,Multimodal transport (not urban),,,PO03,Connected Europe,RSO3.2,RSO3.2,CF,Cohesion Fund,2021SI16FFPR001,EU Cohesion Policy - SI -  ERDF/CF/ESF+/JTF,,SI_041,Jesenice,,,Gorenjska,,,SI042,2021-2027,Production of OCPS of the Municipality of Jesenice,Izdelava OCPS Občine Jesenice,,,,,SI
https://linkedopendata.eu/entity/Q7501568,2021SI16FFPR001_OP27.00387,Management for the Mežica Valley LAG in the period 2021-2027,Upravljanje za LAS Mežiške doline v obdobju 2021-2027,Slovenia,01/01/2024,30/09/2029,85.0,155465.82,EUR,132145.95,https://linkedopendata.eu/entity/Q3279135,"46.55,15.05",169,"Territorial development initiatives, including preparation of territorial strategies",,,PO05,Europe closer to citizens,RSO5.2,RSO5.2,ERDF,European Regional Development Fund,2021SI16FFPR001,EU Cohesion Policy - SI -  ERDF/CF/ESF+/JTF,,,,,,Koroška,,,SI033,2021-2027,"Support for the management of the LAG is intended to co-finance the costs incurred in the management and operation of the LAG, including monitoring and evaluation of the approved SLR, animation of the LAG area and assistance to potential beneficiaries for developing project ideas and preparing projects.","Podpora za upravljanje LAS je namenjena za sofinanciranje stroškov, ki so nastali pri upravljanju in delovanju LAS, vključno s spremljanjem in vrednotenjem odobrene SLR, animacijo območja LAS in pomoči morebitnim upravičencem za razvijanje projektnih idej in pripravo projektov.",,,,,SI
https://linkedopendata.eu/entity/Q7501299,2021SI16FFPR001_OP27.00110,Youth work against youth precariousness - pilot project - MEPI Institute - International Youth Award,Z mladinskim delom proti prekarnosti mladih - pilotni projekt - Zavod MEPI - Mednarodno priznanje za mlade,Slovenia,01/06/2024,31/12/2026,40.0,87060.4,EUR,34824.16,https://linkedopendata.eu/entity/Q3280496,"46.054328329124,14.562956200712",136,Specific support for youth employment and socio-economic integration of young people,,,PO04,Social Europe,ESO4.1,ESO4.1,ESF+,European Social Fund Plus,2021SI16FFPR001,EU Cohesion Policy - SI -  ERDF/CF/ESF+/JTF,,SI_061,Ljubljana,,,Osrednjeslovenska,,,SI041,2021-2027,Youth work against youth precariousness - pilot project - MEPI Institute - International Youth Award,Z mladinskim delom proti prekarnosti mladih - pilotni projekt - Zavod MEPI - Mednarodno priznanje za mlade,,,,,SI
https://linkedopendata.eu/entity/Q7501196,2021SI16FFPR001_OP27.00011,COMPETENCE - THE WAY TO SUCCESS 2023-2029,KOMPETENCE – POT DO USPEHA 2023-2029,Slovenia,13/10/2023,30/06/2029,40.0,1427693.5,EUR,571077.4,https://linkedopendata.eu/entity/Q3279103,"46.449271577068,14.072500315735",151,Support for adult education (excluding infrastructure),,,PO04,Social Europe,ESO4.7,ESO4.7,ESF+,European Social Fund Plus,2021SI16FFPR001,EU Cohesion Policy - SI -  ERDF/CF/ESF+/JTF,,SI_041,Jesenice,,,Gorenjska,,,SI042,2021-2027,COMPETENCE - THE WAY TO SUCCESS 2023-2029,KOMPETENCE – POT DO USPEHA 2023-2029,,,,,SI
https://linkedopendata.eu/entity/Q7501248,2021SI16FFPR001_OP27.00058,SRIP MATPRO,SRIP MATPRO,Slovenia,09/11/2023,30/09/2026,59.34,1798989.08,EUR,1067538.11,https://linkedopendata.eu/entity/Q7501061,"46,15",012,"Research and innovation activities in public research centres, higher education and centres of competence including networking (industrial research, experimental development, feasibility studies)",,,PO01,Smarter Europe,RSO1.1,RSO1.1,ERDF,European Regional Development Fund,2021SI16FFPR001,EU Cohesion Policy - SI -  ERDF/CF/ESF+/JTF,,,,,,,,,,2021-2027,SRIP MATPRO,SRIP MATPRO,,,,,SI
https://linkedopendata.eu/entity/Q7501472,2021SI16FFPR001_OP27.00286,DigiModern,DigiModrejši,Slovenia,23/02/2024,31/10/2025,75.53,312550.0,EUR,236057.5,https://linkedopendata.eu/entity/Q3279100,"46.1,14.15|46.08333333,15.45",018,IT services and applications for digital skills and digital inclusion,,,PO01,Smarter Europe,RSO1.2,RSO1.2,ERDF,European Regional Development Fund,2021SI16FFPR001,EU Cohesion Policy - SI -  ERDF/CF/ESF+/JTF,,,,,Western Slovenia|Eastern Slovenia,,,SI04|SI03,,2021-2027,"The purpose of the operation is to acquire basic digital competences of residents of the Republic of Slovenia aged 30 years or more. Strengthening competences in this age group can have an impact on promoting greater civic inclusion and employment, as it is important for employers that employees have digital competences in different fields. By participating in training sessions, participants raise awareness of the benefits of using digital tools for the life of the individual and society as a whole, and build trust in digital technologies, understanding digital technologies and using them responsibly and safely. Digitalisation is becoming a necessity and broad-based digital skills are becoming the backbone of society. However, in order to be able to trust digital products and services, individuals must learn to use the information available on the World Wide Web, learn to recognise disinformation and fraud attempts, and be able to protect themselves from online fraud and scams.","Namen operacije je pridobivanje osnovnih digitalnih kompetenc prebivalcev Republike Slovenije starih 30 let ali več. Krepitev kompetenc v tej starostni skupini ima lahko vpliv na spodbujanje večje državljanske vključenosti in zaposlovanja, saj je za delodajalce pomembno, da imajo zaposleni digitalne kompetence iz različnih področij. Z udeležbo na izobraževanjih udeleženci krepijo zavest o prednostih uporabe digitalnih orodij za življenje posameznika in družbo kot celoto ter krepijo zaupanje v digitalne tehnologije, razumevanje digitalnih tehnologij ter njihove odgovorne in varne uporabe. Digitalizacija postaja nujnost in široko zasnovane digitalne spretnosti in znanja postajajo temelj družbe. Da pa posameznik lahko zaupa digitalnim proizvodom in storitvam, se mora naučiti uporabljati informacije, ki so na voljo na svetovnem spletu, naučiti se morajo prepoznati dezinformacije in poskuse goljufij in znati se morajo zaščititi pred spletnimi prevarami in goljufijami.",,,,,SI
https://linkedopendata.eu/entity/Q7501696,2021SI16FFPR001_OP27.00555,Arrangement of the Seidl road,Ureditev Seidlove ceste,Slovenia,01/05/2024,31/12/2025,85.0,1228759.82,EUR,1044445.85,https://linkedopendata.eu/entity/Q3279079,"46.08333333,15.45",083,Cycling infrastructure,,,PO02,"Greener, carbon-free Europe",RSO2.8,RSO2.8,ERDF,European Regional Development Fund,2021SI16FFPR001,EU Cohesion Policy - SI -  ERDF/CF/ESF+/JTF,,,,,Eastern Slovenia,,,SI03,,2021-2027,"The purpose of the investment is to ensure greater traffic safety for pedestrians and cyclists, reduce the negative impacts of motor traffic on the environment, promote sustainable mobility and the use of bicycles for everyday tasks as an alternative to car transport. Additional effects of the investment are enabling the development of recreational activities of people and thus a positive impact on their health. The objective of the investment is the arrangement of a bus stop at the intersection of Seidlova cesta and Koštialova ulica and the reconstruction of the local road LG-299272 (Seidlova cesta) with the arrangement of surfaces for cyclists and pedestrians on the section from Križišče with Cankarjeva ulica towards Ločna from km approx. 2,755 to km 3,325 in the length of 570 m. The implementation of the project will contribute to the achievement of impact and result indicators under the European Cohesion Policy Programme 2021-2027 in Slovenia, priority 4 ""Sustainable mobility"", specific objective RSO2.8 ""Promoting sustainable multimodal urban mobility in the context of the transition to a net-zero carbon economy"".","Namen investicije je zagotavljanje večje prometne varnosti peščev in kolesarjev, zmanjševanje negativnih vplivov motornega prometa na okolje, vzpodbujanje trajnostne mobilnosti in uporabe koles za vsakodnevna opravila, kot alternative avtomobilskim prevozom. Dodatni učinki investicije so še omogočanje razvoja rekreativne dejavnosti ljudi in s tem pozitivni vpliv na njihovo zdravje. Cilj investicije je ureditev avtobusnega postajališča v križišču Seidlove ceste in Koštialove ulice ter rekonstrukcija lokalne ceste LG-299272 (Seidlova cesta) z ureditvijo površin za kolesarje in pešce na odseku od Križišča s Cankarjevo ulico proti Ločni od km cca 2,755 do km 3,325 v dolžini 570 m. Izvedba projekta bo prispevala k doseganju kazalnikov učinka in kazalnikov rezultata v okviru Programa evropske kohezijske politike v obdobju 2021-2027 v Sloveniji, prednostna naloga 4 »Trajnostna mobilnost«, specifični cilj RSO2.8. »Spodbujanje trajnostne večmodalne mestne mobilnosti v okviru prehoda na gospodarstvo z ničelno stopnjo neto emisij ogljika«.",,,,,SI
https://linkedopendata.eu/entity/Q7501342,2021SI16FFPR001_OP27.00155,Production of OCPS of the Municipality of Murska Sobota,Izdelava OCPS Mestne občine Murska Sobota,Slovenia,01/01/2023,31/12/2025,85.0,60000.0,EUR,51000.0,https://linkedopendata.eu/entity/Q3278922,"46.648282137681,16.15483972171",109,Multimodal transport (not urban),,,PO03,Connected Europe,RSO3.2,RSO3.2,CF,Cohesion Fund,2021SI16FFPR001,EU Cohesion Policy - SI -  ERDF/CF/ESF+/JTF,,SI_080,Murska Sobota,,,Pomurska,,,SI031,2021-2027,Production of OCPS of the Municipality of Murska Sobota,Izdelava OCPS Mestne občine Murska Sobota,,,,,SI
https://linkedopendata.eu/entity/Q7501388,2021SI16FFPR001_OP27.00204,Production of OCPS of the Municipality of Borovnica,Izdelava OCPS Občine Borovnica,Slovenia,01/01/2023,30/06/2025,85.0,28000.0,EUR,23800.0,https://linkedopendata.eu/entity/Q3281612,"45.91323243745,14.37840369691",109,Multimodal transport (not urban),,,PO03,Connected Europe,RSO3.2,RSO3.2,CF,Cohesion Fund,2021SI16FFPR001,EU Cohesion Policy - SI -  ERDF/CF/ESF+/JTF,,SI_005,Borovnica,,,Osrednjeslovenska,,,SI041,2021-2027,Production of OCPS of the Municipality of Borovnica,Izdelava OCPS Občine Borovnica,,,,,SI
https://linkedopendata.eu/entity/Q7501333,2021SI16FFPR001_OP27.00144,Production of OCPS in the Municipality of Šmartno pri Litiji,Izdelava OCPS Občine Šmartno pri Litiji,Slovenia,01/01/2023,31/12/2025,85.0,28000.0,EUR,23800.0,https://linkedopendata.eu/entity/Q3280856,"46.02267879629,14.845187446558",109,Multimodal transport (not urban),,,PO03,Connected Europe,RSO3.2,RSO3.2,CF,Cohesion Fund,2021SI16FFPR001,EU Cohesion Policy - SI -  ERDF/CF/ESF+/JTF,,SI_194,Šmartno pri Litiji,,,Osrednjeslovenska,,,SI041,2021-2027,Production of OCPS in the Municipality of Šmartno pri Litiji,Izdelava OCPS Občine Šmartno pri Litiji,,,,,SI
https://linkedopendata.eu/entity/Q7501364,2021SI16FFPR001_OP27.00177,Production of OCPS of the Municipality of Pesnica,Izdelava OCPS občine Pesnica,Slovenia,01/01/2023,30/06/2025,85.0,40000.0,EUR,34000.0,https://linkedopendata.eu/entity/Q3281505,"46.619499107118,15.709933102482",109,Multimodal transport (not urban),,,PO03,Connected Europe,RSO3.2,RSO3.2,CF,Cohesion Fund,2021SI16FFPR001,EU Cohesion Policy - SI -  ERDF/CF/ESF+/JTF,,SI_089,Pesnica,,,Podravska,,,SI032,2021-2027,Production of OCPS of the Municipality of Pesnica,Izdelava OCPS občine Pesnica,,,,,SI
https://linkedopendata.eu/entity/Q7501504,2021SI16FFPR001_OP27.00318,Advanced ergonomic armrest based on cellular structures made of flexible materials,Napredni ergonomski naslon za roko na osnovi celičnih struktur iz fleksibilnih materialov,Slovenia,29/03/2024,31/03/2026,85.0,72000.0,EUR,61200.0,https://linkedopendata.eu/entity/Q7501123,"46.545608672928,14.96129317732",025,"Incubation, support to spin offs and spin outs and start ups",,,PO01,Smarter Europe,RSO1.3,RSO1.3,ERDF,European Regional Development Fund,2021SI16FFPR001,EU Cohesion Policy - SI -  ERDF/CF/ESF+/JTF,,SI_103,Ravne na Koroškem,,,Koroška,,,SI033,2021-2027,"The operation consists of the development and production of ultralight flexible products based on cellular structures, which will be printed with advanced 3D printing technology. This enables them to develop affordable ergonomic products with an exceptional biomechanical response, breathability, up to 80% less weight than comparable products and no waste in production. The goal is to develop an ergonomic armrest with cellular structure (structure based on a network of interconnected cells and other natural forms) and the possibility of full personalization in an online configurator; with the main goal of reducing occupational diseases such as carpal tunnel syndrome. The focus is on the use of sustainable materials and local production of all components.","Operacija obsega razvoj in proizvodnjo ultralahkih fleksibilnih izdelkov na osnovi celičnih struktur, ki jih bodo tiskali z napredno tehnologijo 3D tiska. Le ta omogoča, da bodo lahko razvili cenovno ugodne ergonomske izdelke z izjemnim biomehanskim odzivom, zračnostjo, do 80% manjšo maso napram primerljivim izdelkom in brez odpada pri proizvodnji. Cilj je razviti ergonomski naslon za roko z celično strukturo (strukturo na osnovi mreže med seboj povezanih celic in ostalih naravnih oblik) in možnostjo popolne personalizacije v spletnem konfiguratorju; z glavnim ciljem zmanjšanja poklicnih bolezni, kot je sindrom karpalnega kanala. Fokus je na uporabi trajnostnih materialov in lokalni proizvodnji vseh komponent.",,,,,SI
https://linkedopendata.eu/entity/Q7501354,2021SI16FFPR001_OP27.00167,Production of OCPS of the Municipality of Jezersko,Izdelava OCPS Občine Jezersko,Slovenia,01/01/2023,30/06/2025,85.0,28000.0,EUR,23800.0,https://linkedopendata.eu/entity/Q7501076,"46.386876853922,14.482890765822",109,Multimodal transport (not urban),,,PO03,Connected Europe,RSO3.2,RSO3.2,CF,Cohesion Fund,2021SI16FFPR001,EU Cohesion Policy - SI -  ERDF/CF/ESF+/JTF,,SI_163,Jezersko,,,Gorenjska,,,SI042,2021-2027,Production of OCPS of the Municipality of Jezersko,Izdelava OCPS Občine Jezersko,,,,,SI
https://linkedopendata.eu/entity/Q7501570,2021SI16FFPR001_OP27.00382,Development and piloting of a traineeship programme to obtain a professional qualification as a nurse-carer 2024-2026,Razvoj in pilotna vzpostavitev programa pripravništva za pridobitev poklicne kvalifikacije bolničar – negovalec 2024-2026,Slovenia,31/05/2024,30/09/2026,62.92,142174.61,EUR,89451.09,https://linkedopendata.eu/entity/Q7501140,"46.1,14.15|46.08333333,15.45",161,Measures to improve access to long-term care (excluding infrastructure),,,PO04,Social Europe,ESO4.11,ESO4.11,ESF+,European Social Fund Plus,2021SI16FFPR001,EU Cohesion Policy - SI -  ERDF/CF/ESF+/JTF,,,,,Western Slovenia|Eastern Slovenia,,,SI04|SI03,,2021-2027,"The purpose of the call for tenders ‘Patient – Career’ 2024-2026 is to establish measures for verified training for the profession of ‘Patient – Career’ and to establish a new traineeship programme for the profession of ‘Patient – Career’. With JR Bolničar – caregiver 2024-2026, we want to establish a model of verified training for work in health and long-term care, improve the health system in Slovenia with the aim of establishing stable and accessible health care and ensuring quality health services. The purpose of this call for tenders is also to improve the responsiveness of the education and training system to the needs of the labour market, to reduce the labour market deficits of this profession, to improve the attractiveness of vocational education for the ""patient-carer"" profile and to ensure the effective provision of training for this profession. The NEB will be implemented as part of the measure Strengthening the resilience of the long-term care system","Namen javnega razpisa Bolničar – negovalec 2024–2026 je vzpostavitev ukrepov za verificirano usposabljanje za poklic »bolničar – negovalec« ter vzpostavitev novega programa pripravništva za poklic »bolničar – negovalec«. Z JR Bolničar – negovalec 2024–2026 želimo vzpostaviti model verificiranega usposabljanja za delo v zdravstvu in dolgotrajni oskrbi, izboljšati zdravstveni sistem v RS z namenom vzpostavitve stabilnega in dostopnega zdravstva in zagotovitvijo kakovostnih zdravstvenih storitev. Namen tega javnega razpisa je tudi izboljšanje odzivnost sistema izobraževanja in usposabljanja na potrebe trga dela, zmanjšati deficitarnosti tega poklica na trgu dela, izboljšati privlačnost poklicnega izobraževanja za profil »bolničar – negovalec« ter zagotoviti učinkovito izvajanje usposabljanja za ta poklic. NIO se bo izvajal v okviru ukrepa Krepitev odpornosti sistema dolgotrajne oskrbe",,,,,SI
https://linkedopendata.eu/entity/Q7501381,2021SI16FFPR001_OP27.00195,Production of OCPS of the municipality of Horjul,Izdelava OCPS občine Horjul,Slovenia,01/01/2023,30/06/2025,85.0,28000.0,EUR,23800.0,https://linkedopendata.eu/entity/Q3281793,"46.022660191759,14.28691075796",109,Multimodal transport (not urban),,,PO03,Connected Europe,RSO3.2,RSO3.2,CF,Cohesion Fund,2021SI16FFPR001,EU Cohesion Policy - SI -  ERDF/CF/ESF+/JTF,,SI_162,Horjul,,,Osrednjeslovenska,,,SI041,2021-2027,Production of OCPS of the municipality of Horjul,Izdelava OCPS občine Horjul,,,,,SI
https://linkedopendata.eu/entity/Q7501633,2021SI16FFPR001_OP27.00459,Strengthening the competences of professional and managerial staff in the field of leadership of an innovative educational institution in the period from 2024 to 2028,Krepitev kompetenc strokovnih in vodstvenih delavcev na področju vodenja inovativnega vzgojno-izobraževalnega zavoda v obdobju od 2024 do 2028,Slovenia,01/03/2024,31/10/2028,63.85,3500000.0,EUR,2234750.0,https://linkedopendata.eu/entity/Q3279870,"46.054328329124,14.562956200712",151,Support for adult education (excluding infrastructure),,,PO04,Social Europe,ESO4.5,ESO4.5,ESF+,European Social Fund Plus,2021SI16FFPR001,EU Cohesion Policy - SI -  ERDF/CF/ESF+/JTF,,SI_061,Ljubljana,,,Osrednjeslovenska,,,SI041,2021-2027,"The purpose of the operation is to improve the quality, inclusiveness, efficiency and relevance of education and training systems. The objective of the operation is to train professional and managerial staff to work in the field of inclusion in education, coping with social and environmental changes, quality assurance through the use of data, support for self-evaluation processes and improvement of learning and teaching, lifelong learning, innovative approaches in teaching and novelties in education.","Namen operacije je izboljšanje kakovosti, vključenosti, učinkovitosti in ustreznosti sistemov izobraževanja in usposabljanja. Cilj operacije je usposobiti strokovne in vodstvene delavce za delo na področju inkluzije v vzgoji in izobraževanju, soočanja z družbenimi in okoljskimi spremembami, zagotavljanja kakovosti z uporabo podatkov, podpore procesom samoevalvacije ter izboljšanja učenja in poučevanja, vseživljenjskega učenja, inovativnih pristopov v poučevanju ter novosti v vzgoji in izobraževanju.",,,,,SI
https://linkedopendata.eu/entity/Q7501369,2021SI16FFPR001_OP27.00182,Production of OCPS of the Municipality of Izola,Izdelava OCPS občine Izola,Slovenia,01/01/2023,31/12/2025,85.0,43000.0,EUR,36550.0,https://linkedopendata.eu/entity/Q3278955,"45.513480249794,13.658703541866",109,Multimodal transport (not urban),,,PO03,Connected Europe,RSO3.2,RSO3.2,CF,Cohesion Fund,2021SI16FFPR001,EU Cohesion Policy - SI -  ERDF/CF/ESF+/JTF,,SI_040,Izola/Isola,,,Obalno-kraška,,,SI044,2021-2027,Production of OCPS of the Municipality of Izola,Izdelava OCPS občine Izola,,,,,SI
https://linkedopendata.eu/entity/Q7501437,2021SI16FFPR001_OP27.00251,Production of OCPS Municipality of Ig,Izdelava OCPS Občine Ig,Slovenia,01/01/2023,31/12/2025,85.0,40000.0,EUR,34000.0,https://linkedopendata.eu/entity/Q3281568,"45.93323009776,14.516246902484",109,Multimodal transport (not urban),,,PO03,Connected Europe,RSO3.2,RSO3.2,CF,Cohesion Fund,2021SI16FFPR001,EU Cohesion Policy - SI -  ERDF/CF/ESF+/JTF,,SI_037,Ig,,,Osrednjeslovenska,,,SI041,2021-2027,Production of OCPS Municipality of Ig,Izdelava OCPS Občine Ig,,,,,SI
https://linkedopendata.eu/entity/Q7501670,2021SI16FFPR001_OP27.00530,Humanodoro Pad - A smart foundation for reducing phone dependence and increasing individual productivity.,Humanodoro Pad - Pametna podlaga za zmanjševanje odvisnosti od telefona ter povečevanje produktivnosti posameznika.,Slovenia,14/03/2025,31/03/2027,85.0,72000.0,EUR,61200.0,https://linkedopendata.eu/entity/Q7501157,"45.780913347775,15.193791028054",025,"Incubation, support to spin offs and spin outs and start ups",,,PO01,Smarter Europe,RSO1.3,RSO1.3,ERDF,European Regional Development Fund,2021SI16FFPR001,EU Cohesion Policy - SI -  ERDF/CF/ESF+/JTF,,SI_085,Novo mesto,,,Jugovzhodna Slovenija,,,SI037,2021-2027,"As part of the project, the development and upgrade of the Humanodoro Pad product (and related applications) will continue to address the problem of excessive use of mobile devices. The goal is, on the one hand, to increase the productivity of the individual, and on the other hand, to improve the state of health. The product is a smart foundation that acts as a dedicated space for the phone and helps the user to reduce “screen time”. It connects to the Humanodoro app, where the user sets up challenges, monitors analytics and connects with friends. Gamification and community create additional motivation.","V okviru projekta se bo nadaljevalo z razvojem ter nadgradnjo produkta Humanodoro Pad (ter pripadajoče aplikacije) za reševanje problema prekomerne rabe mobilnih naprav. Cilj je po eni strani dvig produktivnosti posameznika, po drugi pa boljše zdravstveno stanje. Produkt je pametna podlaga, ki deluje kot dediciran prostor za telefon in uporabniku pomaga zmanjšati “screen time”. Poveže se z aplikacijo Humanodoro, kjer uporabnik nastavi izzive, spremlja analitiko in se povezuje s prijatelji. Gamifikacija in skupnost ustvarjajo dodatno motivacijo.",,,,,SI
https://linkedopendata.eu/entity/Q7501246,2021SI16FFPR001_OP27.00056,Strengthening the Network of Employers' Offices,Krepitev mreže pisarn za delodajalce,Slovenia,03/01/2024,31/10/2028,67.0,2700000.0,EUR,1809000.0,https://linkedopendata.eu/entity/Q3278938,"46.054328329124,14.562956200712",139,Measures to modernise and strengthen labour market institutions and services to assess and anticipate skills needs and to ensure timely and tailor-made assistance,,,PO04,Social Europe,ESO4.2,ESO4.2,ESF+,European Social Fund Plus,2021SI16FFPR001,EU Cohesion Policy - SI -  ERDF/CF/ESF+/JTF,,SI_061,Ljubljana,,,Osrednjeslovenska,,,SI041,2021-2027,"The key purpose of the project is to strengthen the network of employers' offices with services to support employers, by strengthening cooperation with employers primarily at regional level and through promotional activities on digital content of the ZRSZ and on green and socially responsible employment.","Ključni namen projekta je okrepitev mreže pisarn za delodajalce s storitvami za podporo delodajalcem, s krepitvijo sodelovanja z delodajalci predvsem na regionalni ravni in s promocijskimi aktivnostmi o digitalnih vsebinah ZRSZ ter o zelenem in družbeno odgovornem zaposlovanju.",,,,,SI
https://linkedopendata.eu/entity/Q7501606,2021SI16FFPR001_OP27.00424,Governance for the Local Action Group Urban-rural coexistence 2021-2027,Upravljanje za lokalno akcijsko skupino Sožitje med mestom in podeželjem v obdobju 2021-2027,Slovenia,01/01/2024,30/09/2029,40.0,212337.31,EUR,84934.92,https://linkedopendata.eu/entity/Q3279623,"46.05,14.516666666667",169,"Territorial development initiatives, including preparation of territorial strategies",,,PO05,Europe closer to citizens,RSO5.2,RSO5.2,ERDF,European Regional Development Fund,2021SI16FFPR001,EU Cohesion Policy - SI -  ERDF/CF/ESF+/JTF,,,,,,Osrednjeslovenska,,,SI041,2021-2027,"Support for the management of the LAG is intended to co-finance the costs incurred in the management and operation of the LAG, including monitoring and evaluation of the approved SLR, animation of the LAG area and assistance to potential beneficiaries for developing project ideas and preparing projects.","Podpora za upravljanje LAS je namenjena za sofinanciranje stroškov, ki so nastali pri upravljanju in delovanju LAS, vključno s spremljanjem in vrednotenjem odobrene SLR, animacijo območja LAS in pomoči morebitnim upravičencem za razvijanje projektnih idej in pripravo projektov.",,,,,SI
https://linkedopendata.eu/entity/Q7501705,2021SI16FFPR001_OP27.00564,Call for proposals for the co-financing of projects Transition of young people +,Javni razpis za sofinanciranje projektov Prehod mladih +,Slovenia,01/05/2025,30/09/2029,73.46,348660.0,EUR,256131.0,https://linkedopendata.eu/entity/Q3280796,"46.248365487681,15.266115481207",153,Pathways to integration and re-entry into employment for disadvantaged people,,,PO04,Social Europe,ESO4.8,ESO4.8,ESF+,European Social Fund Plus,2021SI16FFPR001,EU Cohesion Policy - SI -  ERDF/CF/ESF+/JTF,,SI_011,Celje,,,Savinjska,,,SI034,2021-2027,"The purpose of the public call is to increase the employment of young people with special needs through various forms of assistance through preventive measures, systematic professional work with young people with special needs, the preparation of a proposal for updated standards and norms of employment rehabilitation for young people, and an awareness-raising campaign, thus contributing to greater social inclusion of young people with special needs and equalization of opportunities.","Namen javnega razpisa je s preventivnim ukrepanjem, s sistematičnim strokovnim delom z mladimi s posebnimi potrebami, pripravo predloga dopolnjenih standardov in normativov zaposlitvene rehabilitacije za mlade ter kampanjo ozaveščanja povečati zaposlovanje mladih s posebnimi potrebami preko različnih oblik pomoči ter tako vplivati na večjo socialno vključenost mladih s posebnimi potrebami in izenačevanje možnosti.",,,,,SI
https://linkedopendata.eu/entity/Q7501368,2021SI16FFPR001_OP27.00181,Preparation of OCPS of the Municipality of Grosuplje,Priprava OCPS občine Grosuplje,Slovenia,01/01/2023,31/12/2025,85.0,43000.0,EUR,36550.0,https://linkedopendata.eu/entity/Q3278946,"45.939604539469,14.669440758594",109,Multimodal transport (not urban),,,PO03,Connected Europe,RSO3.2,RSO3.2,CF,Cohesion Fund,2021SI16FFPR001,EU Cohesion Policy - SI -  ERDF/CF/ESF+/JTF,,SI_032,Grosuplje,,,Osrednjeslovenska,,,SI041,2021-2027,Preparation of OCPS of the Municipality of Grosuplje,Priprava OCPS občine Grosuplje,,,,,SI
https://linkedopendata.eu/entity/Q7501609,2021SI16FFPR001_OP27.00434,"Problem-Student Learning in the Work Environment: Economy, non-economy and non-profit sector in the local/regional environment 2024-2027","Problemsko učenje študentov v delovno okolje: gospodarstvo, negospodarstvo in neprofitni sektor v lokalnem/regionalnem okolju 2024-2027",Slovenia,01/10/2024,31/08/2025,40.0,460200.0,EUR,184080.0,https://linkedopendata.eu/entity/Q3279252,"46.1,14.15",150,Support for tertiary education (excluding infrastructure),,,PO04,Social Europe,ESO4.5,ESO4.5,ESF+,European Social Fund Plus,2021SI16FFPR001,EU Cohesion Policy - SI -  ERDF/CF/ESF+/JTF,,,,,Western Slovenia,,,SI04,,2021-2027,"The operation will enable the acquisition of practical experience, knowledge and competences of students in the work environment during their studies, encourage the strengthening of cooperation and integration and transfer of knowledge between the higher education system and the work environment (the economy and the non-economy and non-profit sector in the local and regional environment). In this way, young people will be able to develop their skills in the realization of ideas, the development of entrepreneurship, innovation, creative and critical thinking, creativity, etc. for greater employability and easier transition into the working environment after the completion of their studies. The call also addresses other challenges of higher education, such as the systemic introduction of knowledge transfer between higher education institutions and the working environment, greater flexibility and adaptation of study programmes to the needs of the labour market, and the establishment of long-term cooperation between higher education institutions and the working environment.","V okviru operacije bo omogočeno pridobivanje praktičnih izkušenj, znanj in kompetenc študentov v delovnem okolju v času študija, spodbujanje krepitve sodelovanja in povezovanja ter prenosa znanja med visokošolskim sistemom in med delovnim okoljem (gospodarstvo ter negospodarstvo in neprofitni sektor v lokalnem in regionalnem okolju). Na ta način se bo mladim omogočalo razvoj znanj in spretnosti pri uresničevanju idej, razvoj podjetnosti, inovativnosti, kreativnega in kritičnega razmišljanja, ustvarjalnosti ipd. za večjo zaposljivost in lažji prehod v delovno okolje po zaključku študija. Z javnim razpisom se naslavlja tudi druge izzive visokega šolstva kot npr. sistemsko uvajanje prenosa znanja med visokošolskimi zavodi in delovnim okoljem, večja fleksibilnost in prilagajanje študijskih programov potrebam trga dela ter vzpostavitev dolgoročnega sodelovanja med visokošolskimi zavodi in delovnim okoljem.",,,,,SI
https://linkedopendata.eu/entity/Q7501600,2021SI16FFPR001_OP27.00418,Management for the local action group With a goal for the period 2021-2027,Upravljanje za lokalno akcijsko skupino S ciljem v obdobju 2021-2027,Slovenia,01/01/2024,30/09/2029,40.0,189618.69,EUR,75847.48,https://linkedopendata.eu/entity/Q3279873,"46.05,13.88333333",169,"Territorial development initiatives, including preparation of territorial strategies",,,PO05,Europe closer to citizens,RSO5.2,RSO5.2,ERDF,European Regional Development Fund,2021SI16FFPR001,EU Cohesion Policy - SI -  ERDF/CF/ESF+/JTF,,,,,,Goriška,,,SI043,2021-2027,"Support for the management of the LAG is intended to co-finance the costs incurred in the management and operation of the LAG, including monitoring and evaluation of the approved SLR, animation of the LAG area and assistance to potential beneficiaries for developing project ideas and preparing projects.","Podpora za upravljanje LAS je namenjena za sofinanciranje stroškov, ki so nastali pri upravljanju in delovanju LAS, vključno s spremljanjem in vrednotenjem odobrene SLR, animacijo območja LAS in pomoči morebitnim upravičencem za razvijanje projektnih idej in pripravo projektov.",,,,,SI
https://linkedopendata.eu/entity/Q7501482,2021SI16FFPR001_OP27.00296,"Promoting the inclusion of employees at risk of employment, including those at risk of digitalisation and automation – SPIN 2.0","Spodbujanje vključevanja zaposlenih, katerih zaposlitev je ogrožena, vključno s tistimi DM, ki so podvrženi digitalizaciji in avtomatizaciji – SPIN 2.0",Slovenia,01/10/2024,30/06/2029,62.5,7000000.0,EUR,4375000.0,https://linkedopendata.eu/entity/Q3278986,"46.054328329124,14.562956200712",134,Measures to improve access to employment,,,PO04,Social Europe,ESO4.1,ESO4.1,ESF+,European Social Fund Plus,2021SI16FFPR001,EU Cohesion Policy - SI -  ERDF/CF/ESF+/JTF,,SI_061,Ljubljana,,,Osrednjeslovenska,,,SI041,2021-2027,"The purpose of the operation is to provide employed persons whose employment or self-employment is at risk, temporary or precarious, with appropriate competences to facilitate the transition to the labour market and prevent the transition to open unemployment. Indirectly, the operation is also intended to help employers to acquire suitably qualified employees. The target group will be included in retention programmes. These are targeted programmes that cover different forms of information, motivation, career guidance, training or education and will be adapted to the needs of the labour market. These will include knowledge to strengthen digital competences, knowledge for the green transition and the circular economy, and knowledge for social development in general. This will facilitate the transition to new jobs or jobs and prevent them from moving into unemployment.","Namen operacije je zaposlenim osebam, katerih zaposlitev oz. samozaposlitev je ogrožena, začasna ali prekarna, zagotoviti ustrezne kompetence za lažji prehod na trg delovne sile ter preprečiti prehod v odprto brezposelnost. Posredno je operacija namenjena tudi pomoči delodajalcem za pridobitev ustrezno usposobljenih zaposlenih. Ciljna skupina bo vključena v programe za ohranitev na trgu dela. Gre za ciljni skupini prilagojene programe, ki zajemajo različne oblike informiranja, motiviranja, kariernega svetovanja, usposabljanja ali izobraževanja in bodo prilagojena potrebam trga dela. Le ti bodo vključevali znanja za krepitev digitalnih kompetenc, znanja za zeleni prehod in krožno gospodarstvo ter znanja za družbeni razvoj nasploh. Na tak način se bo omogočal lažji prehod na nova delovna mesta ali v novo zaposlitev in preprečevalo njihov prehod v brezposelnost.",,,,,SI
https://linkedopendata.eu/entity/Q7501418,2021SI16FFPR001_OP27.00232,Production of OCPS of the Municipality of Kanal ob Soči,Izdelava OCPS občine Kanal ob Soči,Slovenia,01/01/2023,31/12/2025,85.0,28000.0,EUR,23800.0,https://linkedopendata.eu/entity/Q3279664,"46.083620831519,13.651941800954",109,Multimodal transport (not urban),,,PO03,Connected Europe,RSO3.2,RSO3.2,CF,Cohesion Fund,2021SI16FFPR001,EU Cohesion Policy - SI -  ERDF/CF/ESF+/JTF,,SI_044,Kanal,,,Goriška,,,SI043,2021-2027,Production of OCPS of the Municipality of Kanal ob Soči,Izdelava OCPS občine Kanal ob Soči,,,,,SI
https://linkedopendata.eu/entity/Q7501201,2021SI16FFPR001_OP27.00015,STEP,KORAK,Slovenia,13/10/2023,30/06/2029,40.0,2240509.54,EUR,896203.82,https://linkedopendata.eu/entity/Q3279195,"46.054328329124,14.562956200712",151,Support for adult education (excluding infrastructure),,,PO04,Social Europe,ESO4.7,ESO4.7,ESF+,European Social Fund Plus,2021SI16FFPR001,EU Cohesion Policy - SI -  ERDF/CF/ESF+/JTF,,SI_061,Ljubljana,,,Osrednjeslovenska,,,SI041,2021-2027,STEP,KORAK,,,,,SI
https://linkedopendata.eu/entity/Q7501230,2021SI16FFPR001_OP27.00040,SPOT Global + Slovenian National Business Contact Point,SPOT Global + Slovenska nacionalna poslovna kontaktna točka,Slovenia,01/04/2023,30/11/2028,66.09,10590000.0,EUR,6999000.0,https://linkedopendata.eu/entity/Q3278987,"46,15",024,"Advanced support services for SMEs and groups of SMEs (including management, marketing and design services)",,,PO01,Smarter Europe,RSO1.3,RSO1.3,ERDF,European Regional Development Fund,2021SI16FFPR001,EU Cohesion Policy - SI -  ERDF/CF/ESF+/JTF,,,,,,,,,,2021-2027,"Support to SMEs, new exporters and foreign investors. The establishment and operation of the national Slovenian business point (SPOT Global +), which will offer more comprehensive support to business entities and encompasses the 'One stop shop' system for domestic exporters and foreign investors, as defined in the Operational Programme for the Implementation of European Cohesion Policy for the Programming Period 2021-2027.","Podpora MSP, novim izvoznikom in tujin investitorjem. Vzpostavitev in delovanje nacionalne slovenske poslovne točke (SPOT Global +), ki bo nudila celovitejšo podporo poslovnim subjektov in vsebinsko zajema sistem 'One stop shop' za domače izvoznike in tuje investitorje, kot ga opredeljuje Operativni program za izvajanje evropske kohezijske politike za programsko obdobje 2021-2027.",,,,,SI
https://linkedopendata.eu/entity/Q7501466,2021SI16FFPR001_OP27.00280,Together for knowledge: Implementation of activities in multifunctional Roma centres,Skupaj za znanje: Izvajanje aktivnosti v večnamenskih romskih centrih,Slovenia,01/09/2023,31/08/2028,85.0,5999996.48,EUR,5099997.01,https://linkedopendata.eu/entity/Q3279047,"46.05,14.516666666667|45.7217251,14.9013822|45.942467,15.5256543|46.65,16.16666667",163,"Promoting social integration of people at risk of poverty or social exclusion, including the most deprived and children",,,PO04,Social Europe,ESO4.12,ESO4.12,ESF+,European Social Fund Plus,2021SI16FFPR001,EU Cohesion Policy - SI -  ERDF/CF/ESF+/JTF,,,,,,Pomurska|Osrednjeslovenska|Posavska|Jugovzhodna Slovenija,,,SI031|SI041|SI036|SI037,2021-2027,"The project ""Together for Knowledge"" aims to promote the social inclusion of the most deprived children and their families. The aim of the project is to achieve a higher inclusion of Roma children in projects promoting social inclusion, with a special focus on ensuring better success in the early childhood education system and primary school, as well as increasing the percentage of children who successfully complete primary school and continue their education in secondary school.","Namen projekta »Skupaj za znanje« je spodbujanje socialnega vključevanja najbolj ogroženih otrok in njihovih družin. Cilj projekta je doseči višjo vključenost romskih otrok v projekte spodbujanja socialnega vključevanja, pri čemer se poseben poudarek namenja zagotavljanju boljšega uspeha v sistemu predšolske vzgoje in osnovni šoli ter povečanju odstotka otrok, ki uspešno zaključijo osnovno šolo in nadaljujejo izobraževanje v srednji šoli.",,,,,SI
https://linkedopendata.eu/entity/Q7501720,2021SI16FFPR001_OP27.00579,Transformation of the Šaleška Valley district heating system – Phase 1: Restoration of insulation and support on the distribution network and modernisation of heat stations with the associated network,Preobrazba sistema daljinskega ogrevanja Šaleške doline – 1. faza: Obnova izolacij in podporja na distribucijskem omrežju in posodobitev toplotnih postaj s pripadajočim omrežjem,Slovenia,01/01/2021,31/12/2028,85.0,24367080.94,EUR,20712018.8,https://linkedopendata.eu/entity/Q3278920,"46.406225457179,15.004952627336|46.369263220381,15.133009729589",054,"High efficiency co-generation, district heating and cooling",,,PO08,Just Transition,JTF,JTF,JTF,Just Transition Fund,2021SI16FFPR001,EU Cohesion Policy - SI -  ERDF/CF/ESF+/JTF,,SI_126|SI_133,Šoštanj|Velenje,,,Savinjska,,,SI034,2021-2027,"The project covers the sub-site Renovation of insulation and support on critical sections of the hot-water and hot-water distribution system, which includes the renovation and construction of 7,896 m of critical sections of hot-water and the sub-site Upgrading of heat stations with associated network in nine areas of multi-apartment buildings, which includes the renovation and construction of 9 TPP, 65 ITP and 2,431 m of associated hot-water network.","Projekt zajema podetapo Obnova izolacij in podporja na kritičnih odsekih vročevodnega in toplovodnega distribucijskega sistema v sklopu katere se obnovi 7.896 m kritičnih odsekov vročevoda in podetapo Posodobitev toplotnih postaj s pripadajočim omrežjem na devetih območjih večstanovanjskih objektov, ki zajema obnovo in izgradnjo 9 TPP, 65 ITP in 2.431 m pripadajočega toplovodnega omrežja.",,,,,SI
https://linkedopendata.eu/entity/Q7501518,2021SI16FFPR001_OP27.00332,Digitalization of business processes in logistics with the aim of promoting sustainable business operations,Digitalizacija poslovnih procesov v logistiki z namenom spodbujanja trajnostnega poslovanja podjetij,Slovenia,29/03/2024,31/03/2026,40.0,72000.0,EUR,28800.0,https://linkedopendata.eu/entity/Q7501138,"45.959333968497,14.294813355826",025,"Incubation, support to spin offs and spin outs and start ups",,,PO01,Smarter Europe,RSO1.3,RSO1.3,ERDF,European Regional Development Fund,2021SI16FFPR001,EU Cohesion Policy - SI -  ERDF/CF/ESF+/JTF,,SI_140,Vrhnika,,,Osrednjeslovenska,,,SI041,2021-2027,"As part of the submitted project, they are developing an application that primarily digitalizes logistics processes, connects state authorities with carriers, enables electronic handling of the transport document - CMR and extensive integration of other procedures and documents that accompany the journey from start to finish.","V sklopu prijavljenega projekta razvijajo aplikacijo, ki v prvi vrsti digitalizira logistične procese, povezuje državne organe s prevozniki, omogoča elektronsko rokovanje s prevoznim listom – CMR in obsežno integracijo ostalih postopkov in dokumentov, ki spremljajo pot opravljanja prevozov od začetka do konca.",,,,,SI
https://linkedopendata.eu/entity/Q7501608,2021SI16FFPR001_OP27.00433,Students innovators for dynamic revitalisation and rural empowerment,Študenti inovatorji za dinamično revitalizacijo in opolnomočenje podeželja,Slovenia,01/01/2025,30/06/2025,85.0,44700.0,EUR,37995.0,https://linkedopendata.eu/entity/Q3279253,"46.08333333,15.45",150,Support for tertiary education (excluding infrastructure),,,PO04,Social Europe,ESO4.5,ESO4.5,ESF+,European Social Fund Plus,2021SI16FFPR001,EU Cohesion Policy - SI -  ERDF/CF/ESF+/JTF,,,,,Eastern Slovenia,,,SI03,,2021-2027,"The operation will enable the acquisition of practical experience, knowledge and competences of students in the work environment during their studies, encourage the strengthening of cooperation and integration and transfer of knowledge between the higher education system and the work environment (the economy and the non-economy and non-profit sector in the local and regional environment). In this way, young people will be able to develop their skills in the realization of ideas, the development of entrepreneurship, innovation, creative and critical thinking, creativity, etc. for greater employability and easier transition into the working environment after the completion of their studies. The call also addresses other challenges of higher education, such as the systemic introduction of knowledge transfer between higher education institutions and the working environment, greater flexibility and adaptation of study programmes to the needs of the labour market, and the establishment of long-term cooperation between higher education institutions and the working environment.","V okviru operacije bo omogočeno pridobivanje praktičnih izkušenj, znanj in kompetenc študentov v delovnem okolju v času študija, spodbujanje krepitve sodelovanja in povezovanja ter prenosa znanja med visokošolskim sistemom in med delovnim okoljem (gospodarstvo ter negospodarstvo in neprofitni sektor v lokalnem in regionalnem okolju). Na ta način se bo mladim omogočalo razvoj znanj in spretnosti pri uresničevanju idej, razvoj podjetnosti, inovativnosti, kreativnega in kritičnega razmišljanja, ustvarjalnosti ipd. za večjo zaposljivost in lažji prehod v delovno okolje po zaključku študija. Z javnim razpisom se naslavlja tudi druge izzive visokega šolstva kot npr. sistemsko uvajanje prenosa znanja med visokošolskimi zavodi in delovnim okoljem, večja fleksibilnost in prilagajanje študijskih programov potrebam trga dela ter vzpostavitev dolgoročnega sodelovanja med visokošolskimi zavodi in delovnim okoljem.",,,,,SI
https://linkedopendata.eu/entity/Q7501687,2021SI16FFPR001_OP27.00546,Myelin - Cognitive Training,Myelin - Kognitivni Trening,Slovenia,14/03/2025,31/03/2027,40.0,72000.0,EUR,28800.0,https://linkedopendata.eu/entity/Q7501182,"46.054328329124,14.562956200712",025,"Incubation, support to spin offs and spin outs and start ups",,,PO01,Smarter Europe,RSO1.3,RSO1.3,ERDF,European Regional Development Fund,2021SI16FFPR001,EU Cohesion Policy - SI -  ERDF/CF/ESF+/JTF,,SI_061,Ljubljana,,,Osrednjeslovenska,,,SI041,2021-2027,"The company will offer the XR application on the global market, which will be a novelty on the market for users. The application represents an advanced digital solution that intends to use artificial intelligence technologies and data processing - AI algorithms will adjust the complexity of exercises, pace and types of mental challenges tailored to the individual. The first user on the Apple Vision Pro platform is offered CREATIVE OPPORTUNITY TRENING to extend the quality of cognitive abilities and life.","Podjetje bo na globalnem trgu ponudilo XR aplikacijo, kar bo novost na trgu za uporabnike. Aplikacija predstavlja napredno digitalno rešitev, ki namerava uporabljati tehnologije umetne inteligence in obdelavo podatkov - AI algoritmi bodo prilagajali zahtevnost vaj, tempo in vrste miselnih izzivov po meri posameznika. Uporabniku prvi na platformi Apple Vision Pro ponujajo CELOSTEN MOŽGANSKI TRENING za podaljšanje kakovosti kognitivnih sposobnosti in življenja.",,,,,SI
https://linkedopendata.eu/entity/Q7501209,2021SI16FFPR001_OP27.00020,Basic competences in the Soča Valley,Temeljne kompetence v dolini Soče,Slovenia,13/10/2023,30/06/2029,40.0,1508975.11,EUR,603590.04,https://linkedopendata.eu/entity/Q3279194,"46.169931281156,13.808885891283",151,Support for adult education (excluding infrastructure),,,PO04,Social Europe,ESO4.7,ESO4.7,ESF+,European Social Fund Plus,2021SI16FFPR001,EU Cohesion Policy - SI -  ERDF/CF/ESF+/JTF,,SI_128,Tolmin,,,Goriška,,,SI043,2021-2027,Basic competences in the Soča Valley,Temeljne kompetence v dolini Soče,,,,,SI
https://linkedopendata.eu/entity/Q7501322,2021SI16FFPR001_OP27.00135,Entrepreneurship over challenges in the Podravska region,Podjetno nad izzive v Podravski regiji,Slovenia,01/01/2024,15/11/2028,85.0,1538272.0,EUR,1307531.2,https://linkedopendata.eu/entity/Q3279875,"46.45,15.68333333",025,"Incubation, support to spin offs and spin outs and start ups",,,PO01,Smarter Europe,RSO1.3,RSO1.3,ERDF,European Regional Development Fund,2021SI16FFPR001,EU Cohesion Policy - SI -  ERDF/CF/ESF+/JTF,,,,,,Podravska,,,SI032,2021-2027,"Operation PONI Podravje is part of the comprehensive project PONI, which is carried out throughout Slovenia. The purpose of the PONI Podravje operation is the entrepreneurial training of people who want to realize an entrepreneurial idea, thereby promoting entrepreneurship in the Podravje region. It is a 4-month entrepreneurial training programme for people who want to realize an entrepreneurial idea and turn it into commercially interesting products or services with the help of mentors and content trainings and counselling. The content of the training programme is structured in such a way that within 4 months of inclusion, participants receive key knowledge in the field of entrepreneurship, which they need when entering an independent entrepreneurial path. The training program of the participant takes everything from the development of a business idea, to the creation of a business model and a business plan. At the same time, he is fully acquainted with all important areas in entrepreneurship. The project enables participants to use physical infrastructure (premises, equipment) according to the principle of co-working (joint division of office and equipment). By encouraging the formation of entrepreneurial teams, participants will also gain new knowledge, new acquaintances and business opportunities, as well as transfer experiences and examples of good practices.","Operacija PONI Podravje je del celovitega projekta PONI, ki se izvaja na območju celotne Slovenije. Namen operacije PONI Podravje je podjetniško usposabljanje oseb, ki želijo realizirati podjetniško idejo, s tem pa spodbujanje podjetništva v Podravski regiji. Gre za program 4 mesečnega podjetniškega usposabljanja oseb, ki želijo realizirati podjetniško idejo in jo ob pomoči mentorjev in vsebinskih usposabljanj ter svetovanj spremeniti v tržno zanimive produkte oziroma storitve. Program usposabljanja je vsebinsko sestavljen tako, da v 4 mesecih vključitve udeleženci prejmejo ključna znanja s področja podjetništva, ki jih ob vstopu na samostojno podjetniško pot potrebujejo. Program usposabljanja udeleženca pelje vse od razvoja poslovne ideje, do izdelave poslovnega modela in poslovnega načrta. Hkrati ga celostno seznani z vsemi pomembnimi področji v podjetništvu. Udeležencem projekt omogoča uporabo fizične infrastrukture (prostori, oprema) in sicer po principu co-workinga (skupne delitve pisarne in opreme). S spodbujanjem oblikovanja podjetniških ekip bodo udeleženci prišli tudi do novih znanj, novih poznanstev in poslovnih priložnosti ter prenašali izkušnje in primere dobrih praks.",,,,,SI
https://linkedopendata.eu/entity/Q7501386,2021SI16FFPR001_OP27.00200,Production of OCPS Municipality of Polzela,Izdelava OCPS Občine Polzela,Slovenia,01/01/2023,31/12/2025,85.0,40000.0,EUR,34000.0,https://linkedopendata.eu/entity/Q3279611,"46.303421919229,15.085158081694",109,Multimodal transport (not urban),,,PO03,Connected Europe,RSO3.2,RSO3.2,CF,Cohesion Fund,2021SI16FFPR001,EU Cohesion Policy - SI -  ERDF/CF/ESF+/JTF,,SI_173,Polzela,,,Savinjska,,,SI034,2021-2027,Production of OCPS Municipality of Polzela,Izdelava OCPS Občine Polzela,,,,,SI
https://linkedopendata.eu/entity/Q7501306,2021SI16FFPR001_OP27.00121,Youth work against youth precariousness - pilot project - ŠKIS Association,Z mladinskim delom proti prekarnosti mladih - pilotni projekt - Zveza ŠKIS,Slovenia,01/06/2024,31/12/2026,40.0,87060.4,EUR,34824.16,https://linkedopendata.eu/entity/Q7501074,"46.054328329124,14.562956200712",136,Specific support for youth employment and socio-economic integration of young people,,,PO04,Social Europe,ESO4.1,ESO4.1,ESF+,European Social Fund Plus,2021SI16FFPR001,EU Cohesion Policy - SI -  ERDF/CF/ESF+/JTF,,SI_061,Ljubljana,,,Osrednjeslovenska,,,SI041,2021-2027,Youth work against youth precariousness - pilot project - ŠKIS Association,Z mladinskim delom proti prekarnosti mladih - pilotni projekt - Zveza ŠKIS,,,,,SI
https://linkedopendata.eu/entity/Q7501300,2021SI16FFPR001_OP27.00111,Youth work against youth precariousness - Pilot project - Mladinski svet Logatec,Z mladinskim delom proti prekarnosti mladih - pilotni projekt - Mladinski svet Logatec,Slovenia,01/06/2024,31/12/2026,40.0,87060.4,EUR,34824.16,https://linkedopendata.eu/entity/Q7501086,"45.928769339313,14.192582493774",136,Specific support for youth employment and socio-economic integration of young people,,,PO04,Social Europe,ESO4.1,ESO4.1,ESF+,European Social Fund Plus,2021SI16FFPR001,EU Cohesion Policy - SI -  ERDF/CF/ESF+/JTF,,SI_064,Logatec,,,Osrednjeslovenska,,,SI041,2021-2027,Youth work against youth precariousness - Pilot project - Mladinski svet Logatec,Z mladinskim delom proti prekarnosti mladih - pilotni projekt - Mladinski svet Logatec,,,,,SI
https://linkedopendata.eu/entity/Q7501577,2021SI16FFPR001_OP27.00395,Managing the LAG Rural Diversity 2021-2027,Upravljanje LAS Raznolikost podeželja v obdobju 2021-2027,Slovenia,01/01/2024,30/09/2029,85.0,190198.46,EUR,161668.69,https://linkedopendata.eu/entity/Q3279393,"46.25,15.16666667",169,"Territorial development initiatives, including preparation of territorial strategies",,,PO05,Europe closer to citizens,RSO5.2,RSO5.2,ERDF,European Regional Development Fund,2021SI16FFPR001,EU Cohesion Policy - SI -  ERDF/CF/ESF+/JTF,,,,,,Savinjska,,,SI034,2021-2027,"Support for the management of the LAG is intended to co-finance the costs incurred in the management and operation of the LAG, including monitoring and evaluation of the approved SLR, animation of the LAG area and assistance to potential beneficiaries for developing project ideas and preparing projects.","Podpora za upravljanje LAS je namenjena za sofinanciranje stroškov, ki so nastali pri upravljanju in delovanju LAS, vključno s spremljanjem in vrednotenjem odobrene SLR, animacijo območja LAS in pomoči morebitnim upravičencem za razvijanje projektnih idej in pripravo projektov.",,,,,SI
https://linkedopendata.eu/entity/Q7501385,2021SI16FFPR001_OP27.00199,Production of OCPS of the Municipality of Vojnik,Izdelava OCPS Občine Vojnik,Slovenia,01/01/2023,31/12/2025,85.0,40000.0,EUR,34000.0,https://linkedopendata.eu/entity/Q3280638,"46.318240925031,15.308500673583",109,Multimodal transport (not urban),,,PO03,Connected Europe,RSO3.2,RSO3.2,CF,Cohesion Fund,2021SI16FFPR001,EU Cohesion Policy - SI -  ERDF/CF/ESF+/JTF,,SI_139,Vojnik,,,Savinjska,,,SI034,2021-2027,Production of OCPS of the Municipality of Vojnik,Izdelava OCPS Občine Vojnik,,,,,SI
https://linkedopendata.eu/entity/Q7501255,2021SI16FFPR001_OP27.00064,SRIP GoDigital,SRIP GoDigital,Slovenia,10/11/2023,30/09/2026,59.34,1799933.53,EUR,1068098.47,https://linkedopendata.eu/entity/Q7501061,"46,15",012,"Research and innovation activities in public research centres, higher education and centres of competence including networking (industrial research, experimental development, feasibility studies)",,,PO01,Smarter Europe,RSO1.1,RSO1.1,ERDF,European Regional Development Fund,2021SI16FFPR001,EU Cohesion Policy - SI -  ERDF/CF/ESF+/JTF,,,,,,,,,,2021-2027,SRIP GoDigital,SRIP GoDigital,,,,,SI
https://linkedopendata.eu/entity/Q7501532,2021SI16FFPR001_OP27.00346,Machine Learning for Science and Humanities - SMASH,Machine Learning for Science and Humanities- SMASH,Slovenia,01/07/2023,30/06/2028,40.0,5172000.0,EUR,2068800.0,https://linkedopendata.eu/entity/Q7501132,"46,15",012,"Research and innovation activities in public research centres, higher education and centres of competence including networking (industrial research, experimental development, feasibility studies)",,,PO01,Smarter Europe,RSO1.1,RSO1.1,ERDF,European Regional Development Fund,2021SI16FFPR001,EU Cohesion Policy - SI -  ERDF/CF/ESF+/JTF,,,,,,,,,,2021-2027,"As part of the SMASH project, we will support the development of the use of machine learning methods, artificial intelligence and the VEGA supercomputer for research in various fields of natural sciences and humanities, primarily in five scientific fields: machine learning for scientific use, machine learning applications in open questions in astrophysics, machine learning in animal and human communication research, and the application of artificial intelligence tools in personalised medicine and life sciences. The aim of the SMASH project is to provide two years of employment to 50 researchers.","V okviru projekta SMASH bomo podpirali razvoj uporabe metod strojnega učenja, umetne inteligence in superračunalnika VEGA za raziskovanje na različnih področjih naravoslovja in humanistike, prvenstveno na petih znanstvenih področjih: strojno učenje za znanstveno uporabo, aplikacije strojnega učenja pri odprtih vprašanjih v astrofiziki, strojno učenje pri raziskavah živalske in človeške komunikacije ter aplikacija orodij umetne inteligence na področju personalizirane medicine in ved o življenju. Cilj projekta SMASH je zagotoviti 2-letne zaposlitve 50-im raziskovalcem in raziskovalkam.",,,,,SI
https://linkedopendata.eu/entity/Q7501533,2021SI16FFPR001_OP27.00347,Development and establishment of a new service model of ZRSZ by strengthening digital business,Razvoj in vzpostavitev novega storitvenega modela ZRSZ s krepitvijo digitalnega poslovanja,Slovenia,01/08/2023,31/03/2029,64.3,19800000.0,EUR,12731400.0,https://linkedopendata.eu/entity/Q3278938,"46.054328329124,14.562956200712",139,Measures to modernise and strengthen labour market institutions and services to assess and anticipate skills needs and to ensure timely and tailor-made assistance,,,PO04,Social Europe,ESO4.2,ESO4.2,ESF+,European Social Fund Plus,2021SI16FFPR001,EU Cohesion Policy - SI -  ERDF/CF/ESF+/JTF,,SI_061,Ljubljana,,,Osrednjeslovenska,,,SI041,2021-2027,"With the investment, the ZRSZ aims to digitalise the entire process of basic career counselling and job placement, thus enabling personal counsellors to persons whose digital services are not sufficient to return to the labour market.","Z investicijo želi ZRSZ digitalizirati celotni proces osnovnega kariernega svetovanja in posredovanja zaposlitve in tako omogočiti osebnega svetovalca osebam, katerim digitalne storitve ne zadostujejo za vrnitev na trg dela.",,,,,SI
https://linkedopendata.eu/entity/Q7501562,2021SI16FFPR001_OP27.00380,Development and piloting of a traineeship programme to obtain a professional qualification as a nurse-carer 2024-2026,Razvoj in pilotna vzpostavitev programa pripravništva za pridobitev poklicne kvalifikacije bolničar – negovalec 2024-2026,Slovenia,31/05/2024,30/09/2026,62.92,142174.61,EUR,89451.09,https://linkedopendata.eu/entity/Q7501139,"46.1,14.15|46.08333333,15.45",161,Measures to improve access to long-term care (excluding infrastructure),,,PO04,Social Europe,ESO4.11,ESO4.11,ESF+,European Social Fund Plus,2021SI16FFPR001,EU Cohesion Policy - SI -  ERDF/CF/ESF+/JTF,,,,,Western Slovenia|Eastern Slovenia,,,SI04|SI03,,2021-2027,"The purpose of the call for tenders ‘Patient – Career’ 2024-2026 is to establish measures for verified training for the profession of ‘Patient – Career’ and to establish a new traineeship programme for the profession of ‘Patient – Career’. With JR Bolničar – caregiver 2024-2026, we want to establish a model of verified training for work in health and long-term care, improve the health system in Slovenia with the aim of establishing stable and accessible health care and ensuring quality health services. The purpose of this call for tenders is also to improve the responsiveness of the education and training system to the needs of the labour market, to reduce the labour market deficits of this profession, to improve the attractiveness of vocational education for the ""patient-carer"" profile and to ensure the effective provision of training for this profession. The NEB will be implemented as part of the measure Strengthening the resilience of the long-term care system","Namen javnega razpisa Bolničar – negovalec 2024–2026 je vzpostavitev ukrepov za verificirano usposabljanje za poklic »bolničar – negovalec« ter vzpostavitev novega programa pripravništva za poklic »bolničar – negovalec«. Z JR Bolničar – negovalec 2024–2026 želimo vzpostaviti model verificiranega usposabljanja za delo v zdravstvu in dolgotrajni oskrbi, izboljšati zdravstveni sistem v RS z namenom vzpostavitve stabilnega in dostopnega zdravstva in zagotovitvijo kakovostnih zdravstvenih storitev. Namen tega javnega razpisa je tudi izboljšanje odzivnost sistema izobraževanja in usposabljanja na potrebe trga dela, zmanjšati deficitarnosti tega poklica na trgu dela, izboljšati privlačnost poklicnega izobraževanja za profil »bolničar – negovalec« ter zagotoviti učinkovito izvajanje usposabljanja za ta poklic. NIO se bo izvajal v okviru ukrepa Krepitev odpornosti sistema dolgotrajne oskrbe",,,,,SI
https://linkedopendata.eu/entity/Q7501320,2021SI16FFPR001_OP27.00132,Entrepreneurship over challenges in the Goriška region,Podjetno nad izzive v Goriški regiji,Slovenia,01/02/2024,15/11/2028,40.0,1538272.0,EUR,615308.8,https://linkedopendata.eu/entity/Q3279145,"46.05,13.88333333",025,"Incubation, support to spin offs and spin outs and start ups",,,PO01,Smarter Europe,RSO1.3,RSO1.3,ERDF,European Regional Development Fund,2021SI16FFPR001,EU Cohesion Policy - SI -  ERDF/CF/ESF+/JTF,,,,,,Goriška,,,SI043,2021-2027,"Operation PONI Goriška is part of the comprehensive project PONI, which is carried out on the entire territory of Slovenia. The purpose of the operation PONI Goriška is the entrepreneurial training of persons who want to realize the entrepreneurial idea, thereby promoting entrepreneurship in the Goriška region. It is a 4-month entrepreneurial training programme for people who want to realize an entrepreneurial idea and turn it into commercially interesting products or services with the help of mentors and content trainings and counselling. The content of the training programme is structured in such a way that within 4 months of inclusion, participants receive key knowledge in the field of entrepreneurship, which they need when entering an independent entrepreneurial path. The training program of the participant takes everything from the development of a business idea, to the creation of a business model and a business plan. At the same time, he is fully acquainted with all important areas in entrepreneurship. The project enables participants to use physical infrastructure (premises, equipment) according to the principle of co-working (joint division of office and equipment). By encouraging the formation of entrepreneurial teams, participants will also gain new knowledge, new acquaintances and business opportunities, as well as transfer experiences and examples of good practices.","Operacija PONI Goriška je del celovitega projekta PONI, ki se izvaja na območju celotne Slovenije. Namen operacije PONI Goriška je podjetniško usposabljanje oseb, ki želijo realizirati podjetniško idejo, s tem pa spodbujanje podjetništva v Goriški regiji. Gre za program 4 mesečnega podjetniškega usposabljanja oseb, ki želijo realizirati podjetniško idejo in jo ob pomoči mentorjev in vsebinskih usposabljanj ter svetovanj spremeniti v tržno zanimive produkte oziroma storitve. Program usposabljanja je vsebinsko sestavljen tako, da v 4 mesecih vključitve udeleženci prejmejo ključna znanja s področja podjetništva, ki jih ob vstopu na samostojno podjetniško pot potrebujejo. Program usposabljanja udeleženca pelje vse od razvoja poslovne ideje, do izdelave poslovnega modela in poslovnega načrta. Hkrati ga celostno seznani z vsemi pomembnimi področji v podjetništvu. Udeležencem projekt omogoča uporabo fizične infrastrukture (prostori, oprema) in sicer po principu co-workinga (skupne delitve pisarne in opreme). S spodbujanjem oblikovanja podjetniških ekip bodo udeleženci prišli tudi do novih znanj, novih poznanstev in poslovnih priložnosti ter prenašali izkušnje in primere dobrih praks.",,,,,SI
https://linkedopendata.eu/entity/Q7501538,2021SI16FFPR001_OP27.00355,Sports-recreational and preventive programmes for health promotion and activation of all generations,Športno-rekreacijski in preventivni programi za krepitev zdravja in aktiviranje vseh generacij,Slovenia,01/01/2024,31/12/2028,63.4,4411765.13,EUR,2797059.09,https://linkedopendata.eu/entity/Q3278980,"46.054328329124,14.562956200712",158,"Measures to enhancing the equal and timely access to quality, sustainable and affordable services",,,PO04,Social Europe,ESO4.11,ESO4.11,ESF+,European Social Fund Plus,2021SI16FFPR001,EU Cohesion Policy - SI -  ERDF/CF/ESF+/JTF,,SI_061,Ljubljana,,,Osrednjeslovenska,,,SI041,2021-2027,"The project ""Move to exercise"" is designed in the direction of establishing a network of quality professionally managed sports-recreational and preventive programmes for health promotion and activation of the adult population, which will be implemented by selected sports associations, sports federations and other providers of sports programmes defined by the Sports Act (ZŠpo-1). The establishment of conditions for the implementation and training of individuals in sports and recreational training programmes, which will be carried out in the range of at least 60 hours per year, representing at least 30 training weeks of two hours per week, will be co-financed. The exercise will be carried out and accompanied exclusively by an expert in sport as defined by ZŠpo-1. Each individual will be provided with physical capacity testing and progress monitoring as part of the project. The aim of the project will be to increase the proportion of physically active adults in Slovenia by establishing the conditions for their inclusion in professionally managed sports and recreational training programmes. The implementation of sports and recreational programmes at the local level will ensure location accessibility and enable (if necessary, additionally encourage) the individual to come to the exercise on foot, by bicycle or public transport. This will have an additional impact on the reduction of harmful health behaviours and on the reduction of health risks arising from pollution.","Projekt »Zmigaj se do vadbe« je zasnovan v smeri, da se vzpostavi mreža kakovostnih strokovno vodenih športno-rekreativnih in preventivnih programov za krepitev zdravja in aktivacijo odrasle populacije, ki jih bodo izvajala izbrana športna društva, športne zveze in drugi izvajalci športnih programov, ki jih opredeljuje Zakon o športu (ZŠpo-1). Sofinanciralo se bo vzpostavitev pogojev za izvedbo ter vadbo posameznikov v programih športno-rekreativne vadbe, ki se bodo izvajali v obsegu najmanj 60 ur letno, kar predstavlja najmanj 30 vadbenih tednov po dve uri tedensko. Vadbo bo lahko izvajal in spremljal izključno strokovni delavec v športu kot ga opredeljuje ZŠpo-1. Vsakemu posamezniku bo v okviru projekta zagotovljeno testiranje telesnih zmogljivosti in spremljanje napredka. Cilj projekta bo povečanje deleža telesno dejavnih odraslih prebivalcev Slovenije z vzpostavljanjem pogojev za njihovo vključitev v strokovno vodene športno-rekreativne programe vadbe. Z izvajanjem športno-rekreativnih programov na lokalni ravni se bo zagotavljalo lokacijsko dostopnost in omogočalo (po potrebi dodatno spodbujalo), da posameznik na vadbo prihaja peš, s kolesom ali javnim transportom. S tem se bo dodatno vplivalo na zmanjševanje zdravju škodljivega vedenja ter zmanjševanje tveganj za zdravje, ki izhajajo iz onesnaževanja.",,,,,SI
https://linkedopendata.eu/entity/Q7501561,2021SI16FFPR001_OP27.00377,Ljubljana SA+,Ljubljana SA+,Slovenia,01/09/2024,31/08/2027,40.0,1199992.5,EUR,479997.0,https://linkedopendata.eu/entity/Q3279254,"46.1,14.15",153,Pathways to integration and re-entry into employment for disadvantaged people,,,PO04,Social Europe,ESO4.8,ESO4.8,ESF+,European Social Fund Plus,2021SI16FFPR001,EU Cohesion Policy - SI -  ERDF/CF/ESF+/JTF,,,,,Western Slovenia,,,SI04,,2021-2027,"The operation will implement social activation+ programmes, which through their integrated approach will contribute to improving the social inclusion of people from the target group and to increasing their employment opportunities.","V okviru operacije se bodo izvajali programi socialne aktivacije+, ki bodo s svojim celostnim pristopom prispevali k izboljšanju socialne vključenosti oseb iz ciljne skupine in k povečanju njihovih zaposlitvenih možnosti.",,,,,SI
https://linkedopendata.eu/entity/Q7501434,2021SI16FFPR001_OP27.00249,Production of OCPS of the Municipality of Moravče,Izdelava OCPS Občine Moravče,Slovenia,01/01/2023,30/06/2025,85.0,28000.0,EUR,23800.0,https://linkedopendata.eu/entity/Q3282522,"46.134383487545,14.757339864256",109,Multimodal transport (not urban),,,PO03,Connected Europe,RSO3.2,RSO3.2,CF,Cohesion Fund,2021SI16FFPR001,EU Cohesion Policy - SI -  ERDF/CF/ESF+/JTF,,SI_077,Moravče,,,Osrednjeslovenska,,,SI041,2021-2027,Production of OCPS of the Municipality of Moravče,Izdelava OCPS Občine Moravče,,,,,SI
https://linkedopendata.eu/entity/Q7501576,2021SI16FFPR001_OP27.00394,Management of the Mislinja and Drava Valleys LAG 2027 in the period 2021-2027,Upravljanje LAS Mislinjske in Dravske doline 2027 v obdobju 2021-2027,Slovenia,01/01/2024,30/09/2029,85.0,228735.35,EUR,194425.05,https://linkedopendata.eu/entity/Q3278923,"46.55,15.05",169,"Territorial development initiatives, including preparation of territorial strategies",,,PO05,Europe closer to citizens,RSO5.2,RSO5.2,ERDF,European Regional Development Fund,2021SI16FFPR001,EU Cohesion Policy - SI -  ERDF/CF/ESF+/JTF,,,,,,Koroška,,,SI033,2021-2027,"Support for the management of the LAG is intended to co-finance the costs incurred in the management and operation of the LAG, including monitoring and evaluation of the approved SLR, animation of the LAG area and assistance to potential beneficiaries for developing project ideas and preparing projects.","Podpora za upravljanje LAS je namenjena za sofinanciranje stroškov, ki so nastali pri upravljanju in delovanju LAS, vključno s spremljanjem in vrednotenjem odobrene SLR, animacijo območja LAS in pomoči morebitnim upravičencem za razvijanje projektnih idej in pripravo projektov.",,,,,SI
https://linkedopendata.eu/entity/Q7501723,2021SI16FFPR001_OP27.00597,Co-financing of education leading to secondary and post-secondary education and vocational qualifications,Sofinanciranje izobraževanja za pridobitev srednješolske in višješolske izobrazbe ter poklicne kvalifikacije,Slovenia,01/01/2021,30/04/2029,67.0,10000000.0,EUR,6700000.0,https://linkedopendata.eu/entity/Q3278986,"46.054328329124,14.562956200712",151,Support for adult education (excluding infrastructure),,,PO04,Social Europe,ESO4.7,ESO4.7,ESF+,European Social Fund Plus,2021SI16FFPR001,EU Cohesion Policy - SI -  ERDF/CF/ESF+/JTF,,SI_061,Ljubljana,,,Osrednjeslovenska,,,SI041,2021-2027,"The aim of the programme “Acquiring Education 2024-2029” is to increase adult participation in lifelong learning (hereinafter: LLP) and to improve the professional competences needed by adults to meet labour market needs, increase employability and mobility, and operate in a modern society. The aim of the programme is to obtain the education and professional qualification of adults.","Namen programa »Pridobitev izobrazbe 2024–2029« je povečati vključenost odraslih v vseživljenjsko učenje (v nadaljevanju: VŽU) ter izboljšati poklicne kompetence, ki jih odrasli potrebujejo zaradi potreb na trgu dela, večje zaposljivosti in mobilnosti ter delovanja v sodobni družbi. Cilj programa je pridobiti izobrazbo in poklicno kvalifikacijo odraslih.",,,,,SI
https://linkedopendata.eu/entity/Q7501274,2021SI16FFPR001_OP27.00092,Youth work against youth precariousness - pilot project - Velenje Youth Centre,Z mladinskim delom proti prekarnosti mladih - pilotni projekt - Mladinski center Velenje,Slovenia,01/06/2024,31/12/2026,85.0,87060.4,EUR,74001.34,https://linkedopendata.eu/entity/Q3279699,"46.369263220381,15.133009729589",136,Specific support for youth employment and socio-economic integration of young people,,,PO04,Social Europe,ESO4.1,ESO4.1,ESF+,European Social Fund Plus,2021SI16FFPR001,EU Cohesion Policy - SI -  ERDF/CF/ESF+/JTF,,SI_133,Velenje,,,Savinjska,,,SI034,2021-2027,Youth work against youth precariousness - pilot project - Velenje Youth Centre,Z mladinskim delom proti prekarnosti mladih - pilotni projekt - Mladinski center Velenje,,,,,SI
https://linkedopendata.eu/entity/Q7501552,2021SI16FFPR001_OP27.00368,Social activation - Towards a new challenge,Socialna aktivacija – Novim izzivom naproti,Slovenia,01/09/2024,31/08/2027,85.0,399997.36,EUR,339997.76,https://linkedopendata.eu/entity/Q3282316,"46.08333333,15.45",153,Pathways to integration and re-entry into employment for disadvantaged people,,,PO04,Social Europe,ESO4.8,ESO4.8,ESF+,European Social Fund Plus,2021SI16FFPR001,EU Cohesion Policy - SI -  ERDF/CF/ESF+/JTF,,,,,Eastern Slovenia,,,SI03,,2021-2027,"The operation will implement social activation+ programmes, which through their integrated approach will contribute to improving the social inclusion of people from the target group and to increasing their employment opportunities.","V okviru operacije se bodo izvajali programi socialne aktivacije+, ki bodo s svojim celostnim pristopom prispevali k izboljšanju socialne vključenosti oseb iz ciljne skupine in k povečanju njihovih zaposlitvenih možnosti.",,,,,SI
https://linkedopendata.eu/entity/Q7501739,2021SI16FFPR001_OP27.00624,Medical equipment for hospitals,Medicinska oprema za bolnišnice,Slovenia,01/06/2025,31/10/2026,85.0,29983530.0,EUR,25486000.5,https://linkedopendata.eu/entity/Q7501186,"46.08333333,15.45",129,Health equipment,,,PO04,Social Europe,RSO4.5,RSO4.5,ERDF,European Regional Development Fund,2021SI16FFPR001,EU Cohesion Policy - SI -  ERDF/CF/ESF+/JTF,,,,,Eastern Slovenia,,,SI03,,2021-2027,"The purpose of the operation is to provide public health institutions founded by the Republic of Slovenia with appropriate medical equipment that will ensure faster access to diagnostic and therapeutic services, which will also enable active monitoring of patients after illness. The equipment supplied will be intended for the management of conditions in hospitals, which will also enable higher-quality and faster medical treatment. The operation in question will make it possible to replace existing worn-out and obsolete medical equipment and to purchase new medical equipment for which hospitals have approved additional programmes. The objectives pursued by the implementation of the intended operation are to modernise the equipment and methods of diagnosis, to ensure the efficient and as smooth as possible operation of medical care, to ensure quality services, safety, accessibility and equal opportunities for treatment.","Namen operacije je zagotoviti javnim zdravstvenim zavodom, katerih ustanovitelj je Republika Slovenija, ustrezno medicinsko opremo, ki bo zagotovila hitrejši dostop do diagnostičnih in terapevtskih storitev, s katero bo obenem omogočeno tudi aktivno spremljanje bolnikov po obolelosti. Dobavljena oprema bo namenjena obvladovanju bolezenskih stanj v bolnišnicah, kar bo omogočilo tudi kakovostnejšo in hitrejšo zdravstveno obravnavo. S predmetno operacijo bo omogočeno nadomestiti obstoječo iztrošeno in zastarelo ter nabaviti novo medicinsko opremo, za katero imajo bolnišnice odobrene dodatne programe. Cilji, ki jih zasleduje izvedba predvidene operacije so modernizirati opremo in načine diagnostike, zagotoviti učinkovito in čim bolj nemoteno delovanje zdravstvene oskrbe, zagotoviti kvalitetne storitve, varnost, dostopnost ter enake možnosti za zdravljenje.",,,,,SI
https://linkedopendata.eu/entity/Q7501659,2021SI16FFPR001_OP27.00500,Introduction of digital solutions and modern technologies to promote sustainable mobility in the Municipality of Kranj,Uvajanje digitalnih rešitev in sodobnih tehnologij za spodbujanje trajnostne mobilnosti v Mestni občini Kranj,Slovenia,01/01/2021,31/10/2029,40.0,2271891.56,EUR,908756.62,https://linkedopendata.eu/entity/Q3278959,"46.1,14.15",084,Digitalisation of urban transport,,,PO02,"Greener, carbon-free Europe",RSO2.8,RSO2.8,ERDF,European Regional Development Fund,2021SI16FFPR001,EU Cohesion Policy - SI -  ERDF/CF/ESF+/JTF,,,,,Western Slovenia,,,SI04,,2021-2027,"The project is one of the investments that contribute to the sustainable development of society, well-being and quality of life of citizens and visitors. It represents an investment in information and communication technology in the field of sustainable mobility. The planned investment includes the use of modern technologies and digital solutions to establish urban traffic optimisation systems and support multimodal routes with sustainable forms of mobility and will enable: ? support for the use of PPPs (including systems for monitoring the number of passengers on vehicles), ? easy and user-friendly switching between different forms of mobility, ? implementation of sustainable parking policy measures, ? limitation of motor traffic in urban centres, friendly transport areas and zero-emission zones. The main part of the investment will be the establishment of a vertical to promote sustainable mobility, which will be part of the comprehensive digital platform Smart Kranj. The deployment of a technologically advanced Smart Cities Platform will contribute to the digitalisation, promotion and optimisation of sustainable mobility. In order to create a comprehensive and connected network of information that will enable better management of mobility and urban systems in the municipality and change the habits of users, the implementation of relevant data sources will be key. In this way, the following data will be integrated into the digital platform in the field of sustainable mobility or transport: ? Integration of parking-related data sources ? Integration with bike rental and micromobility systems? Integration of cycling and walking path data, traffic meters ? Integration of resources related to public passenger transport ? Integration with CeKR prepaid city card. As part of the project, the existing database of parking spaces and car parks in the area of Kranj will be upgraded so that they can be transmitted to the public platform SIPARK, established by the Ministry of the Environment, Spatial Planning and Energy (hereinafter: MOPE), which enables the unified and standardised collection, editing and transmission of standardised static and dynamic data on publicly accessible parking spaces and car parks in Slovenia. In addition to the above activities, the following will be part of the project: ? upgrade of support for the use of public passenger transport (including systems for monitoring the number of passengers on vehicles), ? development, integration and upgrade of the system of online payments and e-commerce in the SMK - CeKR city card system (e-treasury and e-marketplace), ? studies and documentation produced necessary for the pilot establishment of a zero-emission zone, ? production of an update of the digital development and transition strategy of the IOC 2023-2029, ? upgrade of the accessibility map of Kranj for people with physical and sensory disabilities and its integration into the digital platform, ? establishment of a digital mobility map. It will also be necessary to purchase smaller hardware such as special paper tablets (reMarkable) with a pen (Marker plus) and a cover, as well as two laptops. It will also be necessary to hire and implement all IT equipment (hardware and software) for performing urban passenger transport and monitoring and obtaining data on transports and routes. A developed digital platform with these integrations will only be able to contribute to the promotion of sustainable mobility if it is actually used by IOC citizens. Therefore, information and publicity activities are also foreseen, which will include continuous campaigns, workshops, encouragement and participation of citizens/users.","Projekt spada med investicije, ki prispevajo k trajnostnemu razvoju družbe, blaginji in kakovosti življenja občanov in obiskovalcev. Predstavlja investiranje v informacijsko – komunikacijsko tehnologijo na področju trajnostne mobilnosti. Načrtovana investicija vključuje uporabo sodobnih tehnologij in digitalnih rešitev za vzpostavitev sistemov optimizacije prometa v mestih ter podporo večmodalnim potem s trajnostnimi oblikami mobilnosti in bo omogočala: ? podporo rabi JPP (vključno s sistemi spremljanja števila potnikov na vozilih), ? enostavno in uporabniku prijazno prehajanje med različnimi oblikami mobilnosti, ? izvajanje ukrepov trajnostne parkirne politike, ? omejevanje motornega prometa v mestnih jedrih, območjih prijaznega prometa in brezemisijskih conah. Večji del investicije bo predstavljala vzpostavitev vertikale za spodbujanje trajnostne mobilnosti, ki bo del celovite digitalne platforme Pametni Kranj. Uvedba tehnološko napredne platforme za pametna mesta bo prispevala k digitalizaciji, spodbujanju in optimizaciji trajnostne mobilnosti. Za ustvarjanje celovite in povezane mreže informacij, ki bo omogočala boljše upravljanje mobilnosti in urbanih sistemov v občini ter spremembo navad uporabnikov, bo ključna implementacija relevantnih podatkovnih virov. Tako bo v digitalno platformo na področju trajnostne mobilnosti oziroma prometa izvedena integracija naslednjih podatkov: ? Integracija podatkovnih virov, povezanih s parkirišči ? Integracija s sistemi izposoje koles in mikromobilnosti ? Integracija podatkov o kolesarskih in peš poteh, števci prometa ? Integracija virov, povezanih z javnim potniškim prometom ? Integracija s predplačniško mestno kartico CeKR. Obstoječo bazo podatkov o parkirnih mestih in parkiriščih na območju mesta Kranj se bo v sklopu projekta nadgradilo tako, da jih bo možno posredovati v javno platformo SIPARK, ki jo je vzpostavilo Ministrstvo za okolje, prostor in energijo (v nadaljevanju MOPE) in ki omogoča poenoteno in standardizirano zbiranje, urejanje in posredovanje standardiziranih statičnih in dinamičnih podatkov o javno dostopnih parkirnih mestih in parkiriščih v Sloveniji. Poleg predhodno navedenih aktivnosti bodo del projekta še: ? nadgradnja podpore uporabe javnega potniškega prometa (vključno s sistemi spremljanja števila potnikov na vozilih), ? razvoj, integracija ter nadgradnja sistema spletnih plačil ter e-trgovine v SMK – Sistem mestne kartice CeKR (e-blagajna in e-tržnica), ? izdelane študije in dokumentacija, potrebne za pilotno vzpostavitev brezemisijske cone, ? izdelava novelacije strategije digitalnega razvoja in prehoda MOK 2023-2029, ? nadgradnja zemljevida dostopnosti Kranja za gibalno in senzorično ovirane ter njena integracija v digitalno platformo, ? vzpostavitev digitalnega zemljevida hodljivosti. Potrebno bo kupiti tudi manjšo strojno opremo kot so posebne papirnate tablice (reMarkable) s pisalom (Marker plus) in ovitkom ter dva prenosnika. Prav tako bo potrebno najeti in implementirati celotno IT opremo (strojno in programsko) za izvajanje mestnega potniškega prometa ter spremljanje in pridobivanje podatkov o prevozih in linijah. Razvita digitalna platforma z navedenimi integracijami bo lahko prispevala k spodbujanju trajnostne mobilnosti le, če jo bodo občani in občanke MOK dejansko uporabljali. Zato so predvidene tudi aktivnosti informiranja in obveščanja javnosti, ki bodo vključevale kontinuirane kampanje, delavnice, spodbujanje in participacije občanov/uporabnikov",,,,,SI
https://linkedopendata.eu/entity/Q7501569,2021SI16FFPR001_OP27.00386,Social inclusion of persons with disabilities in sport 2024 – 2028,Socialna vključenost invalidov na področju športa v obdobju 2024 – 2028,Slovenia,01/01/2024,31/12/2028,64.53,5000882.0,EUR,3226819.11,https://linkedopendata.eu/entity/Q7501149,"46.054328329124,14.562956200712",163,"Promoting social integration of people at risk of poverty or social exclusion, including the most deprived and children",,,PO04,Social Europe,ESO4.12,ESO4.12,ESF+,European Social Fund Plus,2021SI16FFPR001,EU Cohesion Policy - SI -  ERDF/CF/ESF+/JTF,,SI_061,Ljubljana,,,Osrednjeslovenska,,,SI041,2021-2027,"The project ""Actively Inclusive"" represents the operationalization of the measure of social inclusion of persons with special needs in the field of sport of persons with disabilities and is a program that follows the guidelines and goals at the national as well as international level for better social inclusion of persons with disabilities in sport and society, integration of sport of persons with disabilities into programs and organization of sport at the national, regional and local level. The ""Actively Inclusive"" programme will last 60 months, which is a sufficient period to fully support the development of sport for people with disabilities and a network of organisations, experts and programmes aimed at people with disabilities. The programme will be implemented by the consortium partners Association for Sport of the Disabled of Slovenia - Slovenian Paralympic Committee and Olympic Committee of Slovenia - Association of Sports Federations. Through the program ""Actively Inclusive"", they will train and up-skill professional staff for work in the field of sports for people with disabilities. An important part of the programme is also the purchase of special equipment necessary for the implementation of sports programmes for people with disabilities. It is also planned to purchase a vans for the transport of equipment, persons and will also be adapted for the transport of disabled people in wheelchairs. Among the important tasks will be the establishment of a new ABC program for the practice of sports for people with disabilities, which can be carried out in the local environment through sports organizations, disability organizations or individuals. As part of the programme, the implementation of ABC programmes by regional centres and regional coordinators is planned (it is planned to establish up to 12 regional centres during the duration of the operation). The new ABC sports training programme for people with disabilities will be universally designed. It will provide initial training opportunities and will be adapted to individual abilities. It will also be adapted to different types of disability and physical or other limitations. It will also be adapted to different age groups that will start exercising. The ABC programme of sports for people with disabilities will be prepared by a designated expert group, which will monitor the substantive implementation of the programme, the achievement of the planned results and confirm the priority sectors and contents. A large part of the programme consists of two strands dedicated to the implementation of the ABC programme of sport for persons with disabilities and the sectoral programmes of sport for persons with disabilities, through which the main indicators of the programme and operation are to be achieved. Each training program will last 60 hours, it can last a longer period of time, since there is a possibility of interruption due to the specifics of injuries or rehabilitation. A network of regular exercise providers for different target groups of persons with disabilities will be established. Regional dispersion of training programmes and reduction of mobility-related problems will be ensured. A new comprehensive programme of ABC sports training for people with disabilities and a list of qualified or educated personnel for work in the field of sports for people with disabilities will be established.","Projekt »Aktivno inkluzivno« predstavlja operacionalizacijo ukrepa socialnega vključevanja oseb s posebnimi potrebami na področju športa invalidov in je program, ki sledi smernicam in ciljem na nacionalni, kot tudi mednarodni ravni za boljšo socialno vključenost invalidov v šport in družbo, integracijo športa invalidov v programe in organiziranost športa na nacionalni, regionalni in lokalni ravni. Program »Aktivno inkluzivno« bo trajal 60 mesecev, kar je zadostno obdobje za celovito podporo razvoju športa invalidov in mreže organizacij, strokovnjakov in programov, ki so namenjeni invalidom. Program bosta izvajala konzorcijska partnerja Zveza za šport invalidov Slovenije – Slovenski paralimpijski komite in Olimpijski komite Slovenije – Združenje športnih zvez. Preko programa »Aktivno inkluzivno« se bodo usposobili in do-usposobili strokovni kadri za delo na področju športa invalidov. Pomemben del programa je tudi nakup specialne opreme, ki je potrebna za izvajanje programov športa invalidov. Prav tako se načrtuje nakup kombiniranega vozila za transport opreme, oseb in bo prilagojeno tudi za transport invalidov na invalidskih vozičkih. Med pomembnimi nalogami bo vzpostavitev novega programa ABC vadba športa invalidov, ki se bo lahko izvajal v lokalnem okolju preko športnih organizacij, invalidskih organizacij ali posameznikov. V sklopu programa je načrtovana izvedba ABC programov s strani regijskih centrov in regijskih koordinatorjev (načrtovano je, da se tekom trajanja operacije vzpostavi do 12 regijskih centrov). Novi vadbeni program ABC športa invalidov bo univerzalno zastavljen. Omogočal bo začetne možnosti izvajanja vadbe in bo prilagojen zmožnostim posameznikov. Prilagojen bo tudi različnim vrstam invalidnosti in gibalnim ali drugim omejitvam. Prav tako bo prilagojen različnim starostnim skupinam, ki bodo pričele z vadbo. Program ABC športa invalidov bo pripravila imenovana ekspertna skupina, ki bo spremljala vsebinsko izvajanje programa, doseganje načrtovanih rezultatov ter potrjevala prednostne panoge in vsebine. Velik del programa predstavljata sklopa, ki sta namenjena izvajanju programa ABC športa invalidov in panožnih programov športa invalidov, preko katerih se želi doseči glavne kazalnike programa in operacije. Posamezni vadbeni program bo trajal 60 ur, lahko bo trajal daljše časovno obdobje, saj je možnost prekinitve zaradi specifike poškodb ali rehabilitacije. Vzpostavila se bo mreža ponudnikov redne vadbe za različne ciljne skupine invalidov. Zagotovila se bo regijska razpršenost vadbenih programov in zmanjševanje težav povezanih z mobilnostjo. Vzpostavljen bo nov celoviti program ABC vadbe športa invalidov in seznam usposobljenih oziroma izobraženih kadrov za delo na področju športa invalidov.",,,,,SI
https://linkedopendata.eu/entity/Q7501483,2021SI16FFPR001_OP27.00297,eProcurement system,Sistem e-javnega naročanja,Slovenia,01/01/2024,30/11/2029,57.86,2780000.0,EUR,1608396.8,https://linkedopendata.eu/entity/Q3278943,"46,15",016,"Government ICT solutions, e-services, applications",,,PO01,Smarter Europe,RSO1.2,RSO1.2,ERDF,European Regional Development Fund,2021SI16FFPR001,EU Cohesion Policy - SI -  ERDF/CF/ESF+/JTF,,,,,,,,,,2021-2027,"The main purpose is to upgrade existing and introduce new public digital services, which will be simple, accessible, widely used and which will allow users to better plan and carry out the necessary steps in the implementation of the procurement procedure. This situation can be established through system upgrades, which must also include changes and additions to the outside world (other systems with which the e-JN system connects and exchanges data). The activities carried out during the implementation of the operation will significantly facilitate the use of the e-JN system by both contracting authorities and economic operators acting as tenderers in public procurement procedures. All the activities carried out will thus have a key impact on simplifying the implementation of public procurement procedures by contracting authorities, simplifying the participation of tenderers in procedures, increasing competitiveness, saving time in the implementation of procedures, reducing costs and administrative obstacles, and will also result in greater transparency and trust in the functioning of the public procurement system in the Republic of Slovenia.","Glavni namen je nadgraditi obstoječe in vpeljati nove javne digitalne storitve, ki bodo enostavne, dostopne, široko uporabljene in ki bodo uporabnikom omogočale boljše načrtovanje in izvedbo potrebnih korakov pri izvedbi postopka javnega naročanja. Navedeno stanje bo lahko vzpostavljeno z nadgradnjami sistema, ki morajo zajemati tudi spremembe in dopolnitve z zunanjim svetom (drugimi sistemi s katerimi se sistem e-JN povezuje in izmenjuje podatke). Aktivnosti, ki bodo izvedene tekom izvajanja operacije, bodo bistveno olajšale uporabo sistema e-JN tako naročnikom kot tudi gospodarskim subjektom, ki v postopkih javnega naročanja nastopajo v vlogi ponudnikov. Vse izvedene aktivnosti bodo tako ključno vplivale na poenostavitev izvajanja postopkov javnega naročanja pri naročnikih, poenostavitev sodelovanja ponudnikov v postopkih, prinesle povečanje konkurenčnosti, prihranek časa pri izvedbi postopkov, zniževanje stroškov in administrativnih ovir in imele za posledico tudi večjo transparentnost in zaupanje v delovanje sistema javnega naročanja v Republiki Sloveniji.",,,,,SI
https://linkedopendata.eu/entity/Q7501452,2021SI16FFPR001_OP27.00266,Production of OCPS of the Municipality of Bistrica ob Sotli,Izdelava OCPS občine Bistrica ob Sotli,Slovenia,01/01/2023,30/06/2025,85.0,28000.0,EUR,23800.0,https://linkedopendata.eu/entity/Q7501095,"46.058819017153,15.647354287281",109,Multimodal transport (not urban),,,PO03,Connected Europe,RSO3.2,RSO3.2,CF,Cohesion Fund,2021SI16FFPR001,EU Cohesion Policy - SI -  ERDF/CF/ESF+/JTF,,SI_149,Bistrica ob Sotli,,,Posavska,,,SI036,2021-2027,Production of OCPS of the Municipality of Bistrica ob Sotli,Izdelava OCPS občine Bistrica ob Sotli,,,,,SI
https://linkedopendata.eu/entity/Q7501731,2021SI16FFPR001_OP27.00609,Upgrading of Ljubljana railway station - Strand B and C,Nadgradnja železniške postaje Ljubljana - Sklop B in C,Slovenia,26/09/2024,31/07/2026,85.0,215213480.49,EUR,182931458.42,https://linkedopendata.eu/entity/Q3279969,"46,15",100,Reconstructed or modernised railways - TEN-T core network,,,PO03,Connected Europe,RSO3.1,RSO3.1,CF,Cohesion Fund,2021SI16FFPR001,EU Cohesion Policy - SI -  ERDF/CF/ESF+/JTF,,,,,,,,,,2021-2027,"The subject of the application is the upgrading of the Ljubljana railway station – Strands B and C, due to the weariness and obsolescence of the elements of the lower and upper structures, and the increase in the permeability of the railway infrastructure and thus the achievement of the TEN-T standards.","Predmet vloge je nadgradnja železniške postaje Ljubljana – Sklop B in C, zaradi dotrajanosti in zastarelosti elementov spodnjega in zgornjega ustroja ter povečanje prepustnosti železniške infrastrukture in s tem doseganje TEN-T standardov.",,,,,SI
https://linkedopendata.eu/entity/Q7501197,2021SI16FFPR001_OP27.00013,SKOK - Together for the competences of the Obalno-kraška region,SKOK – Skupaj za kompetence Obalno-kraške regije,Slovenia,13/10/2023,30/06/2029,40.0,3017950.0,EUR,1207180.0,https://linkedopendata.eu/entity/Q3279105,"45.50973901972,13.838311218974",151,Support for adult education (excluding infrastructure),,,PO04,Social Europe,ESO4.7,ESO4.7,ESF+,European Social Fund Plus,2021SI16FFPR001,EU Cohesion Policy - SI -  ERDF/CF/ESF+/JTF,,SI_050,Koper/Capodistria,,,Obalno-kraška,,,SI044,2021-2027,SKOK - Together for the competences of the Obalno-kraška region,SKOK – Skupaj za kompetence Obalno-kraške regije,,,,,SI
https://linkedopendata.eu/entity/Q7501574,2021SI16FFPR001_OP27.00392,Management of the Obsotelje and Kozjansko LAGs in the period 2021-2027,Upravljanje LAS Obsotelje in Kozjansko v obdobju 2021-2027,Slovenia,01/01/2024,30/09/2029,85.0,185000.0,EUR,157250.0,https://linkedopendata.eu/entity/Q3279117,"46.45,15.68333333",169,"Territorial development initiatives, including preparation of territorial strategies",,,PO05,Europe closer to citizens,RSO5.2,RSO5.2,ERDF,European Regional Development Fund,2021SI16FFPR001,EU Cohesion Policy - SI -  ERDF/CF/ESF+/JTF,,,,,,Podravska,,,SI032,2021-2027,"Support for the management of the LAG is intended to co-finance the costs incurred in the management and operation of the LAG, including monitoring and evaluation of the approved SLR, animation of the LAG area and assistance to potential beneficiaries for developing project ideas and preparing projects.","Podpora za upravljanje LAS je namenjena za sofinanciranje stroškov, ki so nastali pri upravljanju in delovanju LAS, vključno s spremljanjem in vrednotenjem odobrene SLR, animacijo območja LAS in pomoči morebitnim upravičencem za razvijanje projektnih idej in pripravo projektov.",,,,,SI
https://linkedopendata.eu/entity/Q7501204,2021SI16FFPR001_OP27.00014,Basic competences in Carinthia,Temeljne kompetence na Koroškem,Slovenia,13/10/2023,30/06/2029,85.0,1378360.15,EUR,1171606.13,https://linkedopendata.eu/entity/Q3279110,"46.489469033112,15.078819309195",151,Support for adult education (excluding infrastructure),,,PO04,Social Europe,ESO4.7,ESO4.7,ESF+,European Social Fund Plus,2021SI16FFPR001,EU Cohesion Policy - SI -  ERDF/CF/ESF+/JTF,,SI_112,Slovenj Gradec,,,Koroška,,,SI033,2021-2027,Basic competences in Carinthia,Temeljne kompetence na Koroškem,,,,,SI
https://linkedopendata.eu/entity/Q7501351,2021SI16FFPR001_OP27.00164,Creating a Municipal Integrated Transport Strategy of the Municipality of Zreče,Izdelava Občinske celostne prometne strategije Občine Zreče,Slovenia,01/01/2023,31/12/2025,85.0,40000.0,EUR,34000.0,https://linkedopendata.eu/entity/Q3278936,"46.399951340219,15.366447028768",109,Multimodal transport (not urban),,,PO03,Connected Europe,RSO3.2,RSO3.2,CF,Cohesion Fund,2021SI16FFPR001,EU Cohesion Policy - SI -  ERDF/CF/ESF+/JTF,,SI_144,Zreče,,,Savinjska,,,SI034,2021-2027,Creating a Municipal Integrated Transport Strategy of the Municipality of Zreče,Izdelava Občinske celostne prometne strategije Občine Zreče,,,,,SI
https://linkedopendata.eu/entity/Q7501432,2021SI16FFPR001_OP27.00246,Municipal integrated transport strategy of the Municipality of Štore,Občinska celostna prometna strategija Občine Štore,Slovenia,01/01/2023,31/12/2025,85.0,28000.0,EUR,23800.0,https://linkedopendata.eu/entity/Q3279974,"46.198403441749,15.323034323012",109,Multimodal transport (not urban),,,PO03,Connected Europe,RSO3.2,RSO3.2,CF,Cohesion Fund,2021SI16FFPR001,EU Cohesion Policy - SI -  ERDF/CF/ESF+/JTF,,SI_127,Štore,,,Savinjska,,,SI034,2021-2027,Municipal integrated transport strategy of the Municipality of Štore,Občinska celostna prometna strategija Občine Štore,,,,,SI
https://linkedopendata.eu/entity/Q7501391,2021SI16FFPR001_OP27.00203,"Municipal integrated transport ,1rate11Ja municipalities ČOKLenD","Občinska celostna prometna ,1rate11Ja občin ČOKLenD",Slovenia,01/01/2023,30/06/2025,85.0,152000.0,EUR,129200.0,https://linkedopendata.eu/entity/Q3279075,"46.556796233015,16.445035196574",109,Multimodal transport (not urban),,,PO03,Connected Europe,RSO3.2,RSO3.2,CF,Cohesion Fund,2021SI16FFPR001,EU Cohesion Policy - SI -  ERDF/CF/ESF+/JTF,,SI_059,Lendava/Lendva,,,Pomurska,,,SI031,2021-2027,"Municipal integrated transport ,1rate11Ja municipalities ČOKLenD","Občinska celostna prometna ,1rate11Ja občin ČOKLenD",,,,,SI
https://linkedopendata.eu/entity/Q7501503,2021SI16FFPR001_OP27.00317,"EKMO, advanced technologies of highly efficient electric motors for industrial use","EKMO, napredne tehnologije visokoučinkovitih elektromotorjev za industrijsko uporabo",Slovenia,13/03/2024,31/03/2026,40.0,72000.0,EUR,28800.0,https://linkedopendata.eu/entity/Q7501104,"46.054328329124,14.562956200712",025,"Incubation, support to spin offs and spin outs and start ups",,,PO01,Smarter Europe,RSO1.3,RSO1.3,ERDF,European Regional Development Fund,2021SI16FFPR001,EU Cohesion Policy - SI -  ERDF/CF/ESF+/JTF,,SI_061,Ljubljana,,,Osrednjeslovenska,,,SI041,2021-2027,The subject of the project is the development and launch of licenses of high-efficiency electric motors. EKMO has a different technical design than other solutions on the market and is therefore better (higher energy efficiency) and cheaper (less necessary material).,Predmet projekta je razvoj in začetek prodaje licenc visokoučinkovitih elektromotorjev. EKMO ima drugačen tehnični dizajn kot ostale rešitve na trgu in je zaradi tega boljši (višja energijska učinkovitost) in cenejši (manj potrebnega materiala).,,,,,SI
https://linkedopendata.eu/entity/Q7501643,2021SI16FFPR001_OP27.00473,The Center of Urban Development,Center urbanega dogajanja,Slovenia,16/01/2023,31/12/2026,85.0,5985776.98,EUR,5087910.43,https://linkedopendata.eu/entity/Q3279078,"46.248365487681,15.266115481207",169,"Territorial development initiatives, including preparation of territorial strategies",,,PO05,Europe closer to citizens,RSO5.1,RSO5.1,ERDF,European Regional Development Fund,2021SI16FFPR001,EU Cohesion Policy - SI -  ERDF/CF/ESF+/JTF,,SI_011,Celje,,,Savinjska,,,SI034,2021-2027,"The subject of the project is the reconstruction, extension, change of purpose and legalization of the historical building of the former economic school, known as Kajuhov or Slomškov dom, in the Centre of Urban Events in the city center of Celje. By establishing a cultural and wider socially recognizable program, the building will maintain its social function, in a new, more modern disguise. The existing building enables renovation, which will offer quality spaces to Celje's creatives and cultural professionals and the general public of all age groups. With its diverse activities, the building will become the centre of creativity and social life in Celje.","Predmet projekta je rekonstrukcija, prizidava, sprememba namembnosti in legalizacija zgodovinske stavbe nekdanje ekonomske šole, znane kot Kajuhov ali Slomškov dom, v Center urbanega dogajanja v mestnem središču Celja. Z vzpostavitvijo kulturnega in širšega družbeno prepoznavnega programa bo stavba ohranila svojo družbeno funkcijo, v novi, sodobnejši preobleki. Obstoječa stavba omogoča prenovo, ki bo ponudila kakovostne prostore celjskim kreativcem in kulturnikom ter širši javnosti vseh starostnih skupin. Stavba bo s pestrim dogajanjem postala središče ustvarjalnosti in družabnega življenja v Celju.",,,,,SI
https://linkedopendata.eu/entity/Q7501234,2021SI16FFPR001_OP27.00044,SPOT Consulting Pomurje 2023 -2025,SPOT svetovanje Pomurje 2023 -2025,Slovenia,01/11/2023,31/12/2025,85.0,545181.0,EUR,463403.85,https://linkedopendata.eu/entity/Q3279667,"46.65,16.16666667",024,"Advanced support services for SMEs and groups of SMEs (including management, marketing and design services)",,,PO01,Smarter Europe,RSO1.3,RSO1.3,ERDF,European Regional Development Fund,2021SI16FFPR001,EU Cohesion Policy - SI -  ERDF/CF/ESF+/JTF,,,,,,Pomurska,,,SI031,2021-2027,SPOT Consulting Pomurje 2023 -2025,SPOT svetovanje Pomurje 2023 -2025,,,,,SI
https://linkedopendata.eu/entity/Q7501529,2021SI16FFPR001_OP27.00343,nRF Module,nRF Modul,Slovenia,29/03/2024,31/03/2026,85.0,72000.0,EUR,61200.0,https://linkedopendata.eu/entity/Q7501130,"46.648282137681,16.15483972171",025,"Incubation, support to spin offs and spin outs and start ups",,,PO01,Smarter Europe,RSO1.3,RSO1.3,ERDF,European Regional Development Fund,2021SI16FFPR001,EU Cohesion Policy - SI -  ERDF/CF/ESF+/JTF,,SI_080,Murska Sobota,,,Pomurska,,,SI031,2021-2027,"nRF Module is an innovative product intended for companies and individuals in the development of IoT devices. It is an electronic pad with a microcontroller that supports Bluetooth, a module for 4G data transfer over a mobile network and GPS positioning, while also providing WiFi connectivity. As the central core of any IoT device, it enables connection to sensors and data transfer to the server.nRF Module, solves the problems of small and medium-sized enterprises that develop high-tech products in their field, and do not have such development departments or are without highly specialized specialists in engineering fields. In addition to the physical product, they will also sell a license to customers. The license relates to the disclosure of electronic circuit design, firmware and basic support.","nRF Modul je inovativni produkt, namenjen podjetjem in posameznikom v razvoju IoT naprav. Predstavlja elektronsko ploščico z mikrokontrolerjem, ki podpira Bluetooth, modul za 4G prenos podatkov preko mobilnega omrežja in GPS pozicioniranje, obenem pa omogoča še WiFi povezljivost. Kot osrednje jedro vsake IoT naprave omogoča povezavo s senzorji in prenos podatkov na strežnik.nRF Modul, rešuje težave manjših in srednjih podjetij, ki razvijajo visokotehnološke proizvode na svojem področju, in nimajo tovrstnih razvojnih oddelkov oziroma so brez visoko specializiranih strokovnjakov na inženirskih področij. Poleg fizičnega produkta bodo strankam prodajali tudi licenco. Licenca se nanaša na razkritje načrta elektronskega vezja, programske opreme (firmware) in osnovno podporo.",,,,,SI
https://linkedopendata.eu/entity/Q7501651,2021SI16FFPR001_OP27.00483,Construction of a sports park Savsko naselje,Gradnja športnega parka Savsko naselje,Slovenia,07/12/2023,31/12/2025,40.0,790602.03,EUR,316240.81,https://linkedopendata.eu/entity/Q3279971,"46.054328329124,14.562956200712",079,"Nature and biodiversity protection, natural heritage and resources, green and blue infrastructure",,,PO02,"Greener, carbon-free Europe",RSO2.7,RSO2.7,ERDF,European Regional Development Fund,2021SI16FFPR001,EU Cohesion Policy - SI -  ERDF/CF/ESF+/JTF,,SI_061,Ljubljana,,,Osrednjeslovenska,,,SI041,2021-2027,"The project Construction of the Savsko naselje Sports Park envisages the implementation of maintenance works, which will include the removal of all inconsistent, silently placed and worn-out elements, fences and urban equipment; construction of a circular paved path with transverse connections along which hardened surfaces with urban equipment and ""three"" devices will be arranged; implementation of lighting along the circular path and illumination of the multifunctional playground; planting with trees and shrubs; the construction of a multifunctional sports field in the area of old sports fields; the construction of two playgrounds for the fall; the arrangement of playgrounds; the arrangement of the paved surface of the skateboarding polygon and the fence of the sports park area with the implementation of protected entrances. The project will contribute 17,432.03 m2 of renovated outdoor areas.","Projekt Gradnja Športnega parka Savsko naselje predvideva izvedbo vzdrževalnih del, ki bodo obsegala odstranitev vseh nekonsistentnih, stihijsko umeščenih in dotrajanih elementov, ograj ter urbane opreme; izgradnjo krožne tlakovane poti s prečnimi povezavami ob kateri bodo urejene utrjene površine z urbano opremo ter »trim« napravami; izvedbo razsvetljave ob krožni poti in osvetlitev večnamenskega igrišča; zasaditev z drevesi in grmovnicami; izgradnjo večnamenskega športnega igrišča na območju starih športnih igrišč; izgradnjo dveh igrišč za padel; ureditev igral; ureditev tlakovane površine rolkarskega poligona ter ograditev območja športnega parka z izvedbo varovanih vhodov. Projekt bo prispeval 17.432,03 m2 prenovljenih zunanjih površin.",,,,,SI
https://linkedopendata.eu/entity/Q7501443,2021SI16FFPR001_OP27.00257,Production of OCPS Municipality of Mokronog-Trebelno,Izdelava OCPS Občine Mokronog-Trebelno,Slovenia,01/01/2023,30/06/2025,85.0,28000.0,EUR,23800.0,https://linkedopendata.eu/entity/Q3281318,"45.915395404306,15.157258116003",109,Multimodal transport (not urban),,,PO03,Connected Europe,RSO3.2,RSO3.2,CF,Cohesion Fund,2021SI16FFPR001,EU Cohesion Policy - SI -  ERDF/CF/ESF+/JTF,,SI_199,Mokronog - Trebelno,,,Jugovzhodna Slovenija,,,SI037,2021-2027,Production of OCPS Municipality of Mokronog-Trebelno,Izdelava OCPS Občine Mokronog-Trebelno,,,,,SI
https://linkedopendata.eu/entity/Q7501236,2021SI16FFPR001_OP27.00046,SPOT Consulting Obalno-kraška 2023 -2025,SPOT svetovanje Obalno-kraška 2023 -2025,Slovenia,01/11/2023,31/12/2025,40.0,545181.0,EUR,218072.4,https://linkedopendata.eu/entity/Q7501064,"45.633333333333,13.933333333333",024,"Advanced support services for SMEs and groups of SMEs (including management, marketing and design services)",,,PO01,Smarter Europe,RSO1.3,RSO1.3,ERDF,European Regional Development Fund,2021SI16FFPR001,EU Cohesion Policy - SI -  ERDF/CF/ESF+/JTF,,,,,,Obalno-kraška,,,SI044,2021-2027,SPOT Consulting Obalno-kraška 2023 -2025,SPOT svetovanje Obalno-kraška 2023 -2025,,,,,SI
https://linkedopendata.eu/entity/Q7501250,2021SI16FFPR001_OP27.00060,SRIP Food,SRIP Hrana,Slovenia,09/11/2023,30/09/2026,59.34,1799978.63,EUR,1068125.32,https://linkedopendata.eu/entity/Q7501061,"46,15",012,"Research and innovation activities in public research centres, higher education and centres of competence including networking (industrial research, experimental development, feasibility studies)",,,PO01,Smarter Europe,RSO1.1,RSO1.1,ERDF,European Regional Development Fund,2021SI16FFPR001,EU Cohesion Policy - SI -  ERDF/CF/ESF+/JTF,,,,,,,,,,2021-2027,SRIP Food,SRIP Hrana,,,,,SI
https://linkedopendata.eu/entity/Q7501701,2021SI16FFPR001_OP27.00560,Call for proposals for the co-financing of projects Transition of young people +,Javni razpis za sofinanciranje projektov Prehod mladih +,Slovenia,01/05/2025,30/09/2029,85.0,346872.0,EUR,294841.2,https://linkedopendata.eu/entity/Q3280791,"46.248365487681,15.266115481207",153,Pathways to integration and re-entry into employment for disadvantaged people,,,PO04,Social Europe,ESO4.8,ESO4.8,ESF+,European Social Fund Plus,2021SI16FFPR001,EU Cohesion Policy - SI -  ERDF/CF/ESF+/JTF,,SI_011,Celje,,,Savinjska,,,SI034,2021-2027,"The purpose of the public call is to increase the employment of young people with special needs through various forms of assistance through preventive measures, systematic professional work with young people with special needs, the preparation of a proposal for updated standards and norms of employment rehabilitation for young people, and an awareness-raising campaign, thus contributing to greater social inclusion of young people with special needs and equalization of opportunities.","Namen javnega razpisa je s preventivnim ukrepanjem, s sistematičnim strokovnim delom z mladimi s posebnimi potrebami, pripravo predloga dopolnjenih standardov in normativov zaposlitvene rehabilitacije za mlade ter kampanjo ozaveščanja povečati zaposlovanje mladih s posebnimi potrebami preko različnih oblik pomoči ter tako vplivati na večjo socialno vključenost mladih s posebnimi potrebami in izenačevanje možnosti.",,,,,SI
https://linkedopendata.eu/entity/Q7501455,2021SI16FFPR001_OP27.00269,Production of OCPS of the Municipality of Železniki,Izdelava OCPS občine Železniki,Slovenia,01/01/2023,31/12/2025,85.0,40000.0,EUR,34000.0,https://linkedopendata.eu/entity/Q3278935,"46.219039195471,14.110351511869",109,Multimodal transport (not urban),,,PO03,Connected Europe,RSO3.2,RSO3.2,CF,Cohesion Fund,2021SI16FFPR001,EU Cohesion Policy - SI -  ERDF/CF/ESF+/JTF,,SI_146,Železniki,,,Gorenjska,,,SI042,2021-2027,Production of OCPS of the Municipality of Železniki,Izdelava OCPS občine Železniki,,,,,SI
https://linkedopendata.eu/entity/Q7501638,2021SI16FFPR001_OP27.00466,Sport hall Slovenj Gradec,Prizidek športna dvorana Slovenj Gradec,Slovenia,22/02/2023,31/10/2026,85.0,2889197.95,EUR,2455818.26,https://linkedopendata.eu/entity/Q3278923,"46.489469033112,15.078819309195",169,"Territorial development initiatives, including preparation of territorial strategies",,,PO05,Europe closer to citizens,RSO5.1,RSO5.1,ERDF,European Regional Development Fund,2021SI16FFPR001,EU Cohesion Policy - SI -  ERDF/CF/ESF+/JTF,,SI_112,Slovenj Gradec,,,Koroška,,,SI033,2021-2027,"The subject of the investment is the construction of a new extension to the sports hall Slovenj Gradec with the aim of more efficient use of space in the urban area and exploitation of the internal potentials of the urban area. This will bring about a technological modernisation of existing public sports facilities and outdoor sports facilities, increase the number of public sports facilities and outdoor sports facilities, increase the quality and number of publicly accessible sports facilities in the urban and natural environment, regulate the accessibility of public sports facilities and outdoor sports facilities to people with different types and degrees of disabilities, and establish the conditions for the protection of public sports infrastructure against future natural disasters.","Predmet investicije je gradnja novega prizidka športni dvorani Slovenj Gradec z namenom učinkovitejše rabe prostora v urbanem območju ter izkoriščanja notranjih potencialov mestnega območja. S tem bomo dosegli športno tehnološko posodobitev obstoječih javnih športnih objektov in zunanjih športnih površin, povečalo se bo število javnih športnih objektov in zunanjih športnih površin, povečala se bosta kakovost in število javno dostopnih športnih površin v urbanem in naravnem okolju, uredila se bo dostopnost do javnih športnih objektov in zunanjih športnih površin ljudem z različnimi vrstami in stopnjami invalidnostmi, vzpostavilo se bo pogoje za zaščito javne športne infrastrukture pred prihodnjimi naravnimi nesrečami.",,,,,SI
https://linkedopendata.eu/entity/Q7501689,2021SI16FFPR001_OP27.00548,The Mervon System,Mervon sistem,Slovenia,14/03/2025,31/03/2027,40.0,72000.0,EUR,28800.0,https://linkedopendata.eu/entity/Q7501179,"45.821749960381,13.984559352528",025,"Incubation, support to spin offs and spin outs and start ups",,,PO01,Smarter Europe,RSO1.3,RSO1.3,ERDF,European Regional Development Fund,2021SI16FFPR001,EU Cohesion Policy - SI -  ERDF/CF/ESF+/JTF,,SI_136,Vipava,,,Goriška,,,SI043,2021-2027,"The Mervon system is an advanced system for managing and optimizing the operation of industrial battery storage, based on artificial intelligence algorithms and detecting problems, adjusting the operation of the storage tank in real time, allowing the regeneration of battery cells, prolonging their useful value and reducing the need for replacement.","Mervon sistem je napredni sistem za upravljanje in optimizacijo delovanja industrijskih baterijskih hranilnikov, ki temelji na algoritmih umetne inteligence in zaznava težave, prilagaja delovanje hranilnika v realnem času, omogoča regeneracijo baterijskih celic, kar podaljšuje njihovo uporabno vrednost in zmanjšuje potrebo po zamenjavi.",,,,,SI
https://linkedopendata.eu/entity/Q7501673,2021SI16FFPR001_OP27.00532,SMARTCORE OS by FOOD ASTRONAUTS - smart system for optimizing the efficiency of kitchen appliances,SMARTCORE OS by FOOD ASTRONAUTS - pametni sistem za optimizacijo učinkovitosti kuhinjskih aparatov,Slovenia,13/03/2025,31/03/2027,40.0,72000.0,EUR,28800.0,https://linkedopendata.eu/entity/Q7501159,"46.449271577068,14.072500315735",025,"Incubation, support to spin offs and spin outs and start ups",,,PO01,Smarter Europe,RSO1.3,RSO1.3,ERDF,European Regional Development Fund,2021SI16FFPR001,EU Cohesion Policy - SI -  ERDF/CF/ESF+/JTF,,SI_041,Jesenice,,,Gorenjska,,,SI042,2021-2027,The subject of the project is the development of a smart system for optimizing the efficiency of kitchen appliances - SMARTCORE OS by FOOD ASTRONAUTS. It is an intelligent device management algorithm/protocol that makes analog devices smart and digital devices intelligent.,"Predmet projekta je razvoj pametnega sistema za optimizacijo učinkovitosti kuhinjskih aparatov - SMARTCORE OS by FOOD ASTRONAUTS. Gre za inteligentni algoritem / protokol upravljanja naprav, ki analogne naprave naredi pametne, digitalne naprave pa inteligentne.",,,,,SI
https://linkedopendata.eu/entity/Q7501595,2021SI16FFPR001_OP27.00413,Management for LAG In the embrace of the sun in the period 2021-2027,Upravljanje za LAS V objemu sonca v obdobju 2021-2027,Slovenia,01/01/2024,30/09/2029,40.0,202648.16,EUR,81059.26,https://linkedopendata.eu/entity/Q3279145,"45.633333333333,13.933333333333",169,"Territorial development initiatives, including preparation of territorial strategies",,,PO05,Europe closer to citizens,RSO5.2,RSO5.2,ERDF,European Regional Development Fund,2021SI16FFPR001,EU Cohesion Policy - SI -  ERDF/CF/ESF+/JTF,,,,,,Obalno-kraška,,,SI044,2021-2027,"Support for the management of the LAG is intended to co-finance the costs incurred in the management and operation of the LAG, including monitoring and evaluation of the approved SLR, animation of the LAG area and assistance to potential beneficiaries for developing project ideas and preparing projects.","Podpora za upravljanje LAS je namenjena za sofinanciranje stroškov, ki so nastali pri upravljanju in delovanju LAS, vključno s spremljanjem in vrednotenjem odobrene SLR, animacijo območja LAS in pomoči morebitnim upravičencem za razvijanje projektnih idej in pripravo projektov.",,,,,SI
https://linkedopendata.eu/entity/Q7501411,2021SI16FFPR001_OP27.00225,Production of OCPS of the Municipality of Šempeter - Vrtojba,Izdelava OCPS občine Šempeter - Vrtojba,Slovenia,01/01/2023,31/12/2025,85.0,40000.0,EUR,34000.0,https://linkedopendata.eu/entity/Q3278929,"45.915714778964,13.646760049336",109,Multimodal transport (not urban),,,PO03,Connected Europe,RSO3.2,RSO3.2,CF,Cohesion Fund,2021SI16FFPR001,EU Cohesion Policy - SI -  ERDF/CF/ESF+/JTF,,SI_183,Šempeter - Vrtojba,,,Goriška,,,SI043,2021-2027,Production of OCPS of the Municipality of Šempeter - Vrtojba,Izdelava OCPS občine Šempeter - Vrtojba,,,,,SI
https://linkedopendata.eu/entity/Q7501345,2021SI16FFPR001_OP27.00158,Production of OCPS of the Municipality of Kamnik,Izdelava OCPS občine Kamnik,Slovenia,01/01/2023,30/06/2025,85.0,43000.0,EUR,36550.0,https://linkedopendata.eu/entity/Q3278924,"46.257162654201,14.676958022015",109,Multimodal transport (not urban),,,PO03,Connected Europe,RSO3.2,RSO3.2,CF,Cohesion Fund,2021SI16FFPR001,EU Cohesion Policy - SI -  ERDF/CF/ESF+/JTF,,SI_043,Kamnik,,,Osrednjeslovenska,,,SI041,2021-2027,Production of OCPS of the Municipality of Kamnik,Izdelava OCPS občine Kamnik,,,,,SI
https://linkedopendata.eu/entity/Q7501360,2021SI16FFPR001_OP27.00173,Integrated transport strategy of the Municipality of Šentrupert,Celostna prometna strategija Občine Šentrupert,Slovenia,01/01/2023,31/12/2025,85.0,28000.0,EUR,23800.0,https://linkedopendata.eu/entity/Q3282811,"45.984139392069,15.089378626197",109,Multimodal transport (not urban),,,PO03,Connected Europe,RSO3.2,RSO3.2,CF,Cohesion Fund,2021SI16FFPR001,EU Cohesion Policy - SI -  ERDF/CF/ESF+/JTF,,SI_211,Šentrupert,,,Jugovzhodna Slovenija,,,SI037,2021-2027,Integrated transport strategy of the Municipality of Šentrupert,Celostna prometna strategija Občine Šentrupert,,,,,SI
https://linkedopendata.eu/entity/Q7501684,2021SI16FFPR001_OP27.00543,Elixir: A breakthrough plasma solution for sustainable agriculture,Elixir: Prebojna plazemska rešitev za trajnostno kmetijstvo,Slovenia,14/03/2025,31/03/2027,40.0,72000.0,EUR,28800.0,https://linkedopendata.eu/entity/Q7501175,"46.054328329124,14.562956200712",025,"Incubation, support to spin offs and spin outs and start ups",,,PO01,Smarter Europe,RSO1.3,RSO1.3,ERDF,European Regional Development Fund,2021SI16FFPR001,EU Cohesion Policy - SI -  ERDF/CF/ESF+/JTF,,SI_061,Ljubljana,,,Osrednjeslovenska,,,SI041,2021-2027,"The subject of the operation is the development of a sustainable alternative to artificial fertilizers; reducing the environmental impact of agriculture; facilitating access to fertilisers in remote regions; increase in yield without the use of chemicals. Elixir is a breakthrough plasma solution for sustainable agriculture. The key competitive advantage derives from the controlled formation of ""artificial lightning"" with high voltage and direct contact with water, which allows the effective binding of nitrogen and oxygen from the air into the aqueous solution. According to the market review, this is a unique solution, since most of the existing approaches rely on energy-intensive industrial synthesis of nitrogen compounds, which then require complex transport to farms.","Predmet operacije je razvoj trajnostne alternative umetnim gnojilom; zmanjšanje vpliva kmetijstva na okolje; omogočanje dostopa do gnojil v odročnih regijah; povečanje pridelka brez uporabe kemikalij. Elixir je prebojna plazemska rešitev za trajnostno kmetijstvo. Ključna konkurenčna prednost izhaja iz nadzorovane tvorbe »umetnih strel« z visoko napetostjo in neposrednim stikom z vodo, kar omogoča učinkovito vezavo dušika in kisika iz zraka v vodno raztopino. Po pregledu trga gre za unikatno rešitev, saj večina obstoječih pristopov stavi na energijsko intenzivno industrijsko sintezo dušikovih spojin, ki nato zahtevajo kompleksen transport do kmetij.",,,,,SI
https://linkedopendata.eu/entity/Q7501515,2021SI16FFPR001_OP27.00329,AI Tutor for natural science school subjects and final exams,AI Tutor za naravoslovne šolske predmete in zaključne izpite,Slovenia,29/03/2024,31/03/2026,40.0,72000.0,EUR,28800.0,https://linkedopendata.eu/entity/Q7501115,"46.054328329124,14.562956200712",025,"Incubation, support to spin offs and spin outs and start ups",,,PO01,Smarter Europe,RSO1.3,RSO1.3,ERDF,European Regional Development Fund,2021SI16FFPR001,EU Cohesion Policy - SI -  ERDF/CF/ESF+/JTF,,SI_061,Ljubljana,,,Osrednjeslovenska,,,SI041,2021-2027,"AI tutor for natural science school subjects and matura allows the user to talk to a bot trained for teaching (mathematics and later other technical subjects and matura) in a chat interface. The final version of the solution includes mathematics, chemistry, physics, matura for SLO, SAT for USA, GCSE for UK, SchoolNotes. The positive contribution of the solution is in the field of lower energy consumption for transport and consequently less burden on the environment.","AI Tutor za naravoslovne šolske predmete in maturo omogoča, da se uporabnik v klepetalnem vmesniku pogovarja z botom, ki je natreniran za poučevanje (matematike in kasneje drugih tehničnih predmetov ter mature). Končna verzija rešitve vključuje matematiko, kemijo, fiziko, maturo za SLO, SAT za USA, GCSE za UK, SchoolNotes. Pozitiven prispevek rešitve je na področju manjše porabe energije za transport in posledičnomanjše obremenjevanje okolja.",,,,,SI
https://linkedopendata.eu/entity/Q7501686,2021SI16FFPR001_OP27.00545,"Collio – fast cooling system for beverages on demand. An energy-efficient, spatially and financially efficient alternative to beverage coolers.","Coolio – sistem za hitro hlajenje pijač na zahtevo. Energetsko, prostorsko in finančno učinkovita alternativa hladilnikom pijač.",Slovenia,14/03/2025,31/03/2027,40.0,72000.0,EUR,28800.0,https://linkedopendata.eu/entity/Q7501180,"45.487725436092,13.6343935392",025,"Incubation, support to spin offs and spin outs and start ups",,,PO01,Smarter Europe,RSO1.3,RSO1.3,ERDF,European Regional Development Fund,2021SI16FFPR001,EU Cohesion Policy - SI -  ERDF/CF/ESF+/JTF,,SI_090,Piran/Pirano,,,Obalno-kraška,,,SI044,2021-2027,"The project concerns the development of an innovative Cooli device, which allows buyers to quickly cool down drinks in stores in just a few minutes. The user simply inserts the drink, selects settings and receives an optimally cooled drink.","Projekt se nanaša na razvoj inovativne naprave Cooli, ki kupcem omogoča hitro ohladitev pijač v trgovinah v samo nekaj minutah. Uporabnik preprosto vstavi pijačo, izbere nastavitve in prejme optimalno ohlajeno pijačo.",,,,,SI
https://linkedopendata.eu/entity/Q7501290,2021SI16FFPR001_OP27.00101,Youth work against youth precariousness - pilot project - LokalPatriot,Z mladinskim delom proti prekarnosti mladih - pilotni projekt - LokalPatriot,Slovenia,01/06/2024,31/12/2026,85.0,87060.4,EUR,74001.34,https://linkedopendata.eu/entity/Q3279695,"45.780913347775,15.193791028054",136,Specific support for youth employment and socio-economic integration of young people,,,PO04,Social Europe,ESO4.1,ESO4.1,ESF+,European Social Fund Plus,2021SI16FFPR001,EU Cohesion Policy - SI -  ERDF/CF/ESF+/JTF,,SI_085,Novo mesto,,,Jugovzhodna Slovenija,,,SI037,2021-2027,Youth work against youth precariousness - pilot project - LokalPatriot,Z mladinskim delom proti prekarnosti mladih - pilotni projekt - LokalPatriot,,,,,SI
https://linkedopendata.eu/entity/Q7501205,2021SI16FFPR001_OP27.00018,IPO - Educational programs for adults in the Goriška region,IPO - Izobraževalni programi za odrasle v Goriški regiji,Slovenia,13/10/2023,30/06/2029,40.0,1508975.09,EUR,603590.04,https://linkedopendata.eu/entity/Q3279192,"45.899497472846,13.907533209031",151,Support for adult education (excluding infrastructure),,,PO04,Social Europe,ESO4.7,ESO4.7,ESF+,European Social Fund Plus,2021SI16FFPR001,EU Cohesion Policy - SI -  ERDF/CF/ESF+/JTF,,SI_001,Ajdovščina,,,Goriška,,,SI043,2021-2027,IPO - Educational programs for adults in the Goriška region,IPO - Izobraževalni programi za odrasle v Goriški regiji,,,,,SI
https://linkedopendata.eu/entity/Q7501527,2021SI16FFPR001_OP27.00340,LOCAL GROW GPD with Smart RE BOX solution.,LOCAL GROW GPD z rešitvijo Smart RE BOX.,Slovenia,12/03/2024,31/03/2026,85.0,72000.0,EUR,61200.0,https://linkedopendata.eu/entity/Q7501127,"46.807554603029,16.204926089181",025,"Incubation, support to spin offs and spin outs and start ups",,,PO01,Smarter Europe,RSO1.3,RSO1.3,ERDF,European Regional Development Fund,2021SI16FFPR001,EU Cohesion Policy - SI -  ERDF/CF/ESF+/JTF,,SI_031,Gornji Petrovci,,,Pomurska,,,SI031,2021-2027,"The project concerns the development and marketing of the Smart RE BOX product, a folding and modular box made of recycled plastic, equipped with smart IoT technology. The main purpose of the operation is to solve the problem of damage to seedlings during delivery caused by inadequate packaging solutions, as well as to improve logistics processes in the industry. Smart RE BOX enables seedling vendors to deliver their goods to end customers in optimal condition, while reducing environmental impact through recycled material, reusable packaging and reducing microplastics in the environment.","Projekt se nanaša na razvoj in trženje produkta Smart RE BOX, zložljive in modularne škatle iz reciklirane plastike, opremljene s pametno IoT tehnologijo. Glavni namen operacije je rešiti problem poškodb sadik med dostavo, ki jih povzročajo neustrezne embalažne rešitve, ter izboljšati logistične procese v industriji. Smart RE BOX omogoča prodajalcem sadik, da svoje blago dostavijo končnim kupcem v optimalnem stanju, hkrati pa zmanjšujejo vpliv na okolje s pomočjo recikliranega materiala, večkratne uporabe embalaže in zmanjšanja mikroplastike v okolju.",,,,,SI
https://linkedopendata.eu/entity/Q7501559,2021SI16FFPR001_OP27.00374,"Empowering people and raising competences SA+ Celje, Šmarje, Slovenske Konjice","Opolnomočenje oseb in dvig kompetenc SA+ Celje, Šmarje, Slovenske Konjice",Slovenia,01/09/2024,31/08/2027,85.0,1199992.5,EUR,1019993.62,https://linkedopendata.eu/entity/Q3280292,"46.08333333,15.45",153,Pathways to integration and re-entry into employment for disadvantaged people,,,PO04,Social Europe,ESO4.8,ESO4.8,ESF+,European Social Fund Plus,2021SI16FFPR001,EU Cohesion Policy - SI -  ERDF/CF/ESF+/JTF,,,,,Eastern Slovenia,,,SI03,,2021-2027,"The operation will implement social activation+ programmes, which through their integrated approach will contribute to improving the social inclusion of people from the target group and to increasing their employment opportunities.",V okviru operacije se bodo izvajali programi socialne aktivacije+ ki bodo s svojim celostnim pristopom prispevali k izboljšanju socialne vključenosti oseb iz ciljne skupine in k povečanju njihovih zaposlitvenih možnosti.,,,,,SI
https://linkedopendata.eu/entity/Q7501266,2021SI16FFPR001_OP27.00080,Youth work against youth precariousness - pilot project - ŠKTM Radlje ob Dravi,Z mladinskim delom proti prekarnosti mladih - pilotni projekt - ŠKTM Radlje ob Dravi,Slovenia,01/06/2024,31/12/2026,85.0,87060.4,EUR,74001.34,https://linkedopendata.eu/entity/Q3279332,"46.603818573978,15.243382364892",136,Specific support for youth employment and socio-economic integration of young people,,,PO04,Social Europe,ESO4.1,ESO4.1,ESF+,European Social Fund Plus,2021SI16FFPR001,EU Cohesion Policy - SI -  ERDF/CF/ESF+/JTF,,SI_101,Radlje ob Dravi,,,Koroška,,,SI033,2021-2027,Youth work against youth precariousness - pilot project - ŠKTM Radlje ob Dravi,Z mladinskim delom proti prekarnosti mladih - pilotni projekt - ŠKTM Radlje ob Dravi,,,,,SI
https://linkedopendata.eu/entity/Q7501548,2021SI16FFPR001_OP27.00365,Social activation programme for women from Albanian cultural background: I live actively in Slovenia+,Program socialne aktivacije za ženske iz albanskega kulturnega okolja: Aktivno živim v Sloveniji+,Slovenia,01/09/2024,31/08/2027,85.0,399997.5,EUR,339997.88,https://linkedopendata.eu/entity/Q3279101,"46.08333333,15.45",153,Pathways to integration and re-entry into employment for disadvantaged people,,,PO04,Social Europe,ESO4.8,ESO4.8,ESF+,European Social Fund Plus,2021SI16FFPR001,EU Cohesion Policy - SI -  ERDF/CF/ESF+/JTF,,,,,Eastern Slovenia,,,SI03,,2021-2027,"The aim of the project is to contribute in a comprehensive way to solving the problems of social exclusion and improving the employability of adult women from the Albanian cultural environment with language barriers. The objectives of the project stem from the needs of the target population and the difficulties they face, while being in line with the strategic objectives of the call: 1. development of social competences of participants in the programme, 2. raising functional competences for actively solving social problems, 3. raising motivation and empowerment for entering the labour market, increasing employment opportunities of participants in the programme, 4. raising or acquiring work competences, i.e. useful knowledge, skills and abilities to improve the possibilities of entering the labour market","Namen projekta je na celovit način prispevati k reševanju problemov socialne izključenosti in izboljšanje zaposljivosti za polnoletne ženske iz albanskega kulturnega okolja z jezikovnimi ovirami. Cilji projekta izhajajo iz potreb ciljne populacije in težav, s katerimi se le-ta sooča, hkrati pa so skladni s strateškimi cilji razpisa: 1. razvoj socialnih kompetenc udeleženk programa, 2. dvig funkcionalnih kompetenc za aktivno reševanje socialnih problematik, 3. dvig motivacije in opolnomočenje za vstop na trg dela, povečanje zaposlitvenih možnosti udeleženk programa, 4. dvig oz. pridobitev delovnih kompetenc, tj. uporabnih znanj, spretnosti in sposobnosti za izboljšanje možnosti vstopa na trg dela",,,,,SI
https://linkedopendata.eu/entity/Q7501475,2021SI16FFPR001_OP27.00290,DIGI-Next: Training and awareness raising for adults on digital competences,DIGI-Naprej: Usposabljanje in ozaveščanje odraslih na področju digitalnih kompetenc,Slovenia,23/02/2024,31/10/2025,57.01,596900.0,EUR,340280.0,https://linkedopendata.eu/entity/Q7501098,"46.1,14.15|46.08333333,15.45",018,IT services and applications for digital skills and digital inclusion,,,PO01,Smarter Europe,RSO1.2,RSO1.2,ERDF,European Regional Development Fund,2021SI16FFPR001,EU Cohesion Policy - SI -  ERDF/CF/ESF+/JTF,,,,,Western Slovenia|Eastern Slovenia,,,SI04|SI03,,2021-2027,"The DIGI-Next project covers seven educational programmes that systematically cover all five key areas of digital competence under DigComp 2.2. Each programme consists of several strands, which together cover all 21 key digital competences according to DigComp 2.2. The programs are divided into basic and advanced, thus ensuring adaptation to the learning level of the participants, which ranges from the initial to the advanced level of digital skills. At the basic level, programmes cover basic digital competences (level 1-2), while advanced programmes cover advanced digital competences (levels 3-8).","Projekt DIGI-Naprej zajema sedem izobraževalnih programov, ki sistematično pokrivajo vseh pet ključnih področij digitalnih kompetenc po okviru DigComp 2.2. Vsak program je sestavljen iz več sklopov, ki skupaj pokrivajo vseh 21 ključnih digitalnih kompetenc po okvirju DigComp 2.2. Programi so razdeljeni na osnovne in napredne, s čimer zagotavljamo prilagoditev učnemu nivoju udeležencev, ki se gibljejo od začetne do napredne stopnje digitalnih veščin. Pri tem programi na osnovnem nivoju pokrivajo osnovne digitalne kompetence (stopnja 1-2), napredni programi pa pokrivajo napredne digitalne kompetence (stopnje 3-8).",,,,,SI
https://linkedopendata.eu/entity/Q7501711,2021SI16FFPR001_OP27.00570,Call for proposals for the co-financing of projects Transition of young people +,Javni razpis za sofinanciranje projektov Prehod mladih +,Slovenia,01/05/2025,30/09/2029,67.04,371904.0,EUR,249336.6,https://linkedopendata.eu/entity/Q3280802,"46.054328329124,14.562956200712",153,Pathways to integration and re-entry into employment for disadvantaged people,,,PO04,Social Europe,ESO4.8,ESO4.8,ESF+,European Social Fund Plus,2021SI16FFPR001,EU Cohesion Policy - SI -  ERDF/CF/ESF+/JTF,,SI_061,Ljubljana,,,Osrednjeslovenska,,,SI041,2021-2027,"The purpose of the public call is to increase the employment of young people with special needs through various forms of assistance through preventive measures, systematic professional work with young people with special needs, the preparation of a proposal for updated standards and norms of employment rehabilitation for young people, and an awareness-raising campaign, thus contributing to greater social inclusion of young people with special needs and equalization of opportunities.","Namen javnega razpisa je s preventivnim ukrepanjem, s sistematičnim strokovnim delom z mladimi s posebnimi potrebami, pripravo predloga dopolnjenih standardov in normativov zaposlitvene rehabilitacije za mlade ter kampanjo ozaveščanja povečati zaposlovanje mladih s posebnimi potrebami preko različnih oblik pomoči ter tako vplivati na večjo socialno vključenost mladih s posebnimi potrebami in izenačevanje možnosti.",,,,,SI
https://linkedopendata.eu/entity/Q7501269,2021SI16FFPR001_OP27.00085,Youth work against youth precariousness - pilot project - DRAVIT DRAVOGRAD,Z mladinskim delom proti prekarnosti mladih - pilotni projekt - DRAVIT DRAVOGRAD,Slovenia,01/06/2024,31/12/2026,85.0,87060.4,EUR,74001.34,https://linkedopendata.eu/entity/Q7501067,"46.597487456626,15.033763742803",136,Specific support for youth employment and socio-economic integration of young people,,,PO04,Social Europe,ESO4.1,ESO4.1,ESF+,European Social Fund Plus,2021SI16FFPR001,EU Cohesion Policy - SI -  ERDF/CF/ESF+/JTF,,SI_025,Dravograd,,,Koroška,,,SI033,2021-2027,Youth work against youth precariousness - pilot project - DRAVIT DRAVOGRAD,Z mladinskim delom proti prekarnosti mladih - pilotni projekt - DRAVIT DRAVOGRAD,,,,,SI
https://linkedopendata.eu/entity/Q7501623,2021SI16FFPR001_OP27.00449,Problem-based student learning as a bridge between study and work environment at the University of Novo mesto,Problemsko učenje študentov kot most med študijem in delovnim okoljem na Univerzi v Novem mestu,Slovenia,01/10/2024,31/08/2025,85.0,182100.0,EUR,154785.0,https://linkedopendata.eu/entity/Q7501160,"46.08333333,15.45",150,Support for tertiary education (excluding infrastructure),,,PO04,Social Europe,ESO4.5,ESO4.5,ESF+,European Social Fund Plus,2021SI16FFPR001,EU Cohesion Policy - SI -  ERDF/CF/ESF+/JTF,,,,,Eastern Slovenia,,,SI03,,2021-2027,"The operation will enable the acquisition of practical experience, knowledge and competences of students in the work environment during their studies, encourage the strengthening of cooperation and integration and transfer of knowledge between the higher education system and the work environment (the economy and the non-economy and non-profit sector in the local and regional environment). In this way, young people will be able to develop their skills in the realization of ideas, the development of entrepreneurship, innovation, creative and critical thinking, creativity, etc. for greater employability and easier transition into the working environment after the completion of their studies. The call also addresses other challenges of higher education, such as the systemic introduction of knowledge transfer between higher education institutions and the working environment, greater flexibility and adaptation of study programmes to the needs of the labour market, and the establishment of long-term cooperation between higher education institutions and the working environment. The operation will enable the acquisition of practical experience, knowledge and competences of students in the work environment during their studies, encourage the strengthening of cooperation and integration and transfer of knowledge between the higher education system and the work environment (the economy and the non-economy and non-profit sector in the local and regional environment). In this way, young people will be able to develop their skills in the realization of ideas, the development of entrepreneurship, innovation, creative and critical thinking, creativity, etc. for greater employability and easier transition into the working environment after the completion of their studies. The call also addresses other challenges of higher education, such as the systemic introduction of knowledge transfer between higher education institutions and the working environment, greater flexibility and adaptation of study programmes to the needs of the labour market, and the establishment of long-term cooperation between higher education institutions and the working environment.","V okviru operacije bo omogočeno pridobivanje praktičnih izkušenj, znanj in kompetenc študentov v delovnem okolju v času študija, spodbujanje krepitve sodelovanja in povezovanja ter prenosa znanja med visokošolskim sistemom in med delovnim okoljem (gospodarstvo ter negospodarstvo in neprofitni sektor v lokalnem in regionalnem okolju). Na ta način se bo mladim omogočalo razvoj znanj in spretnosti pri uresničevanju idej, razvoj podjetnosti, inovativnosti, kreativnega in kritičnega razmišljanja, ustvarjalnosti ipd. za večjo zaposljivost in lažji prehod v delovno okolje po zaključku študija. Z javnim razpisom se naslavlja tudi druge izzive visokega šolstva kot npr. sistemsko uvajanje prenosa znanja med visokošolskimi zavodi in delovnim okoljem, večja fleksibilnost in prilagajanje študijskih programov potrebam trga dela ter vzpostavitev dolgoročnega sodelovanja med visokošolskimi zavodi in delovnim okoljem. V okviru operacije bo omogočeno pridobivanje praktičnih izkušenj, znanj in kompetenc študentov v delovnem okolju v času študija, spodbujanje krepitve sodelovanja in povezovanja ter prenosa znanja med visokošolskim sistemom in med delovnim okoljem (gospodarstvo ter negospodarstvo in neprofitni sektor v lokalnem in regionalnem okolju). Na ta način se bo mladim omogočalo razvoj znanj in spretnosti pri uresničevanju idej, razvoj podjetnosti, inovativnosti, kreativnega in kritičnega razmišljanja, ustvarjalnosti ipd. za večjo zaposljivost in lažji prehod v delovno okolje po zaključku študija. Z javnim razpisom se naslavlja tudi druge izzive visokega šolstva kot npr. sistemsko uvajanje prenosa znanja med visokošolskimi zavodi in delovnim okoljem, večja fleksibilnost in prilagajanje študijskih programov potrebam trga dela ter vzpostavitev dolgoročnega sodelovanja med visokošolskimi zavodi in delovnim okoljem.",,,,,SI
https://linkedopendata.eu/entity/Q7501334,2021SI16FFPR001_OP27.00146,Production of OCPS for the Municipality of Slovenske Konjice,Izdelava OCPS za Občino Slovenske Konjice,Slovenia,01/01/2023,30/06/2025,85.0,40000.0,EUR,34000.0,https://linkedopendata.eu/entity/Q3279062,"46.322620925742,15.46130436839",109,Multimodal transport (not urban),,,PO03,Connected Europe,RSO3.2,RSO3.2,CF,Cohesion Fund,2021SI16FFPR001,EU Cohesion Policy - SI -  ERDF/CF/ESF+/JTF,,SI_114,Slovenske Konjice,,,Savinjska,,,SI034,2021-2027,Production of OCPS for the Municipality of Slovenske Konjice,Izdelava OCPS za Občino Slovenske Konjice,,,,,SI
https://linkedopendata.eu/entity/Q7501505,2021SI16FFPR001_OP27.00319,OptiVlak - freight forwarding application with emphasis on intermodal transport,OptiVlak - spedicijska aplikacija s poudarkom na intermodalnih prevozih,Slovenia,05/03/2024,31/03/2026,85.0,72000.0,EUR,61200.0,https://linkedopendata.eu/entity/Q7501109,"46.563226869974,15.627324811128",025,"Incubation, support to spin offs and spin outs and start ups",,,PO01,Smarter Europe,RSO1.3,RSO1.3,ERDF,European Regional Development Fund,2021SI16FFPR001,EU Cohesion Policy - SI -  ERDF/CF/ESF+/JTF,,SI_070,Maribor,,,Podravska,,,SI032,2021-2027,"OptiVlak - freight forwarding application with an emphasis on intermodal transport, which offers an automated system of offers and reservations of cargo space, loading and delivery times, as well as automatic route planning.","OptiVlak - špedicijska aplikacija s poudarkom na intermodalnih prevozih, ki ponuja avtomatiziran sistem ponudb in rezervacij tovornega prostora, nakladalnih in dostavnih terminov ter samodejno načrtovanje poti.",,,,,SI
https://linkedopendata.eu/entity/Q7501454,2021SI16FFPR001_OP27.00268,Creating a Municipal Integrated Transport Strategy MOSG,Izdelava Občinske celostne prometne strategije MOSG,Slovenia,01/01/2023,30/06/2025,85.0,60000.0,EUR,51000.0,https://linkedopendata.eu/entity/Q3278923,"46.489469033112,15.078819309195",109,Multimodal transport (not urban),,,PO03,Connected Europe,RSO3.2,RSO3.2,CF,Cohesion Fund,2021SI16FFPR001,EU Cohesion Policy - SI -  ERDF/CF/ESF+/JTF,,SI_112,Slovenj Gradec,,,Koroška,,,SI033,2021-2027,Creating a Municipal Integrated Transport Strategy MOSG,Izdelava Občinske celostne prometne strategije MOSG,,,,,SI
https://linkedopendata.eu/entity/Q7501313,2021SI16FFPR001_OP27.00116,Youth work against youth precariousness - pilot project - Pride Parade Association,Z mladinskim delom proti prekarnosti mladih - pilotni projekt - Društvo Parada ponosa,Slovenia,01/06/2024,31/12/2026,40.0,87060.4,EUR,34824.16,https://linkedopendata.eu/entity/Q7501088,"46.054328329124,14.562956200712",136,Specific support for youth employment and socio-economic integration of young people,,,PO04,Social Europe,ESO4.1,ESO4.1,ESF+,European Social Fund Plus,2021SI16FFPR001,EU Cohesion Policy - SI -  ERDF/CF/ESF+/JTF,,SI_061,Ljubljana,,,Osrednjeslovenska,,,SI041,2021-2027,Youth work against youth precariousness - pilot project - Pride Parade Association,Z mladinskim delom proti prekarnosti mladih - pilotni projekt - Društvo Parada ponosa,,,,,SI
https://linkedopendata.eu/entity/Q7501347,2021SI16FFPR001_OP27.00160,Production of OCPS of the Municipality of Koper,Izdelava OCPS Mestne občine Koper,Slovenia,01/01/2023,31/12/2025,85.0,66000.0,EUR,56100.0,https://linkedopendata.eu/entity/Q3279077,"45.50973901972,13.838311218974",109,Multimodal transport (not urban),,,PO03,Connected Europe,RSO3.2,RSO3.2,CF,Cohesion Fund,2021SI16FFPR001,EU Cohesion Policy - SI -  ERDF/CF/ESF+/JTF,,SI_050,Koper/Capodistria,,,Obalno-kraška,,,SI044,2021-2027,Production of OCPS of the Municipality of Koper,Izdelava OCPS Mestne občine Koper,,,,,SI
https://linkedopendata.eu/entity/Q7501578,2021SI16FFPR001_OP27.00396,Management of the LAG Rural Wealth in the period 2021-2027,Upravljanje LAS Bogastvo podeželja v obdobju 2021-2027,Slovenia,01/01/2024,30/09/2029,85.0,183065.38,EUR,155605.57,https://linkedopendata.eu/entity/Q3279386,"46.45,15.68333333",169,"Territorial development initiatives, including preparation of territorial strategies",,,PO05,Europe closer to citizens,RSO5.2,RSO5.2,ERDF,European Regional Development Fund,2021SI16FFPR001,EU Cohesion Policy - SI -  ERDF/CF/ESF+/JTF,,,,,,Podravska,,,SI032,2021-2027,"Support for the management of the LAG is intended to co-finance the costs incurred in the management and operation of the LAG, including monitoring and evaluation of the approved SLR, animation of the LAG area and assistance to potential beneficiaries for developing project ideas and preparing projects.","Podpora za upravljanje LAS je namenjena za sofinanciranje stroškov, ki so nastali pri upravljanju in delovanju LAS, vključno s spremljanjem in vrednotenjem odobrene SLR, animacijo območja LAS in pomoči morebitnim upravičencem za razvijanje projektnih idej in pripravo projektov.",,,,,SI
https://linkedopendata.eu/entity/Q7501589,2021SI16FFPR001_OP27.00407,Management for the local action group LAG Posavje 2021-2027,Upravljanje za lokalno akcijsko skupino LAS Posavje 2021-2027,Slovenia,01/01/2024,30/09/2029,85.0,362124.25,EUR,307805.61,https://linkedopendata.eu/entity/Q3280046,"45.942467,15.5256543",169,"Territorial development initiatives, including preparation of territorial strategies",,,PO05,Europe closer to citizens,RSO5.2,RSO5.2,ERDF,European Regional Development Fund,2021SI16FFPR001,EU Cohesion Policy - SI -  ERDF/CF/ESF+/JTF,,,,,,Posavska,,,SI036,2021-2027,"Support for the management of the LAG is intended to co-finance the costs incurred in the management and operation of the LAG, including monitoring and evaluation of the approved SLR, animation of the LAG area and assistance to potential beneficiaries for developing project ideas and preparing projects.","Podpora za upravljanje LAS je namenjena za sofinanciranje stroškov, ki so nastali pri upravljanju in delovanju LAS, vključno s spremljanjem in vrednotenjem odobrene SLR, animacijo območja LAS in pomoči morebitnim upravičencem za razvijanje projektnih idej in pripravo projektov.",,,,,SI
https://linkedopendata.eu/entity/Q7501510,2021SI16FFPR001_OP27.00324,TagPlan,TagPlan,Slovenia,01/03/2024,31/03/2026,85.0,72000.0,EUR,61200.0,https://linkedopendata.eu/entity/Q7501110,"45.805152965247,14.377992988336",025,"Incubation, support to spin offs and spin outs and start ups",,,PO01,Smarter Europe,RSO1.3,RSO1.3,ERDF,European Regional Development Fund,2021SI16FFPR001,EU Cohesion Policy - SI -  ERDF/CF/ESF+/JTF,,SI_013,Cerknica,,,Primorsko-notranjska,,,SI038,2021-2027,"The project consists of testing the beta version of the TagPlan system with early and test users, developing the final product on the basis of the feedback obtained, and then placing it through its own sales network, partner companies and fair activities on the global market. TagPlan is a solution for digital inventory of field samples of drinking water for utility companies.","Projekt obsega testiranje beta verzije sistema TagPlan pri zgodnjih in testnih uporabnikih, razvoj končnega produkta na podlagi pridobljenih povratnih informacij ter nato plasiranje tega preko lastne prodajne mreže, partnerskih podjetji in sejemskih aktivnosti na globalni trg. TagPlan je rešitev za digitalno evidenco terenskih vzorčenj pitne vode za komunalna podjetja.",,,,,SI
https://linkedopendata.eu/entity/Q7501547,2021SI16FFPR001_OP27.00362,Networked Approach to Empowering Vulnerable Target Groups and Approaching the Labour Market in the Pomurje Region,Mrežni pristop k opolnomočenju ranljivih ciljnih skupin in približevanju na trg dela v Pomurski regiji,Slovenia,01/09/2024,31/08/2027,85.0,1199992.02,EUR,1019993.22,https://linkedopendata.eu/entity/Q3280300,"46.08333333,15.45",153,Pathways to integration and re-entry into employment for disadvantaged people,,,PO04,Social Europe,ESO4.8,ESO4.8,ESF+,European Social Fund Plus,2021SI16FFPR001,EU Cohesion Policy - SI -  ERDF/CF/ESF+/JTF,,,,,Eastern Slovenia,,,SI03,,2021-2027,"The operation will implement social activation+ programmes, which through their integrated approach will contribute to improving the social inclusion of people from the target group and to increasing their employment opportunities.",V okviru operacije se bodo izvajali programi socialne aktivacije+ ki bodo s svojim celostnim pristopom prispevali k izboljšanju socialne vključenosti oseb iz ciljne skupine in k povečanju njihovih zaposlitvenih možnosti.,,,,,SI
https://linkedopendata.eu/entity/Q7501592,2021SI16FFPR001_OP27.00410,"Management of LAG Dry Landscapes, Temenice and Krka in the period 2021-2027","Upravljanje LAS Suhe Krajine, Temenice in Krke v obdobju 2021-2027",Slovenia,01/01/2024,30/09/2029,85.0,228190.38,EUR,193961.82,https://linkedopendata.eu/entity/Q3279976,"45.7217251,14.9013822",169,"Territorial development initiatives, including preparation of territorial strategies",,,PO05,Europe closer to citizens,RSO5.2,RSO5.2,ERDF,European Regional Development Fund,2021SI16FFPR001,EU Cohesion Policy - SI -  ERDF/CF/ESF+/JTF,,,,,,Jugovzhodna Slovenija,,,SI037,2021-2027,"Support for the management of the LAG is intended to co-finance the costs incurred in the management and operation of the LAG, including monitoring and evaluation of the approved SLR, animation of the LAG area and assistance to potential beneficiaries for developing project ideas and preparing projects.","Podpora za upravljanje LAS je namenjena za sofinanciranje stroškov, ki so nastali pri upravljanju in delovanju LAS, vključno s spremljanjem in vrednotenjem odobrene SLR, animacijo območja LAS in pomoči morebitnim upravičencem za razvijanje projektnih idej in pripravo projektov.",,,,,SI
https://linkedopendata.eu/entity/Q7501493,2021SI16FFPR001_OP27.00307,VGC+ Heart of Styria,VGC+ Srce Štajerske,Slovenia,01/08/2024,30/09/2029,85.0,1457948.8,EUR,1239256.48,https://linkedopendata.eu/entity/Q7501100,"46.563226869974,15.627324811128",163,"Promoting social integration of people at risk of poverty or social exclusion, including the most deprived and children",,,PO04,Social Europe,ESO4.12,ESO4.12,ESF+,European Social Fund Plus,2021SI16FFPR001,EU Cohesion Policy - SI -  ERDF/CF/ESF+/JTF,,SI_070,Maribor,,,Podravska,,,SI032,2021-2027,"The project offers various preventive content and activities aimed primarily at families, individual family members, the elderly and other vulnerable groups. Multigenerational Centre+ (VGC+) is a central gathering place in the local environment, dedicated to socializing, maintaining or expanding the social network and empowering vulnerable groups. It is a preventive project involving educational, intercultural, intergenerational and other activities.","Projekt ponuja različne preventivne vsebine in aktivnosti, namenjene predvsem družinam, posameznim družinskim članom, starejšim in drugim ranljivim skupinam. Večgeneracijski center+ (VGC+) predstavlja osrednji prostor zbiranja v lokalnem okolju, namenjen druženju, ohranjanju oziroma širjenju socialne mreže ter opolnomočenju ranljivih skupin. Gre za preventivni projekt, ki vključuje izobraževalne, medkulturne, medgeneracijske in druge dejavnosti.",,,,,SI
https://linkedopendata.eu/entity/Q7501327,2021SI16FFPR001_OP27.00141,Content support for faster global and sustainable growth of innovative SMEs (DevelopmentPlus Programme),Vsebinska podpora za hitrejšo globalno in trajnostno rast inovativnih MSP (RazvojniPlus Program),Slovenia,01/01/2024,31/10/2029,63.4,4481861.2,EUR,2841499.99,https://linkedopendata.eu/entity/Q3279978,"46,15",024,"Advanced support services for SMEs and groups of SMEs (including management, marketing and design services)",,,PO01,Smarter Europe,RSO1.3,RSO1.3,ERDF,European Regional Development Fund,2021SI16FFPR001,EU Cohesion Policy - SI -  ERDF/CF/ESF+/JTF,,,,,,,,,,2021-2027,"The main purpose of the programme is to contribute to the improvement of the support environment for innovative (start-up) entrepreneurship and to the strengthening of the knowledge, skills and competences of innovative potential entrepreneurs, innovative start-ups and other innovative SMEs through the provision of various highly specialised and targeted support services (i.e. mentoring, expert advice, group education and training, study visits, networking and match-making services and promotional services) in various business areas (e.g. in the field of business model design, product development and marketing, entry and expansion in foreign markets, integration into value chains, operation according to sustainable and circular principles, etc.).","Osrednji namen programa je prispevati k izboljšanju podpornega okolja za inovativno (zagonsko) podjetništvo in h krepitvi znanj, spretnosti in kompetenc inovativnih potencialnih podjetnikov, inovativnih zagonskih podjetij (start-up podjetij) in drugih inovativnih MSP preko zagotavljanja različnih visoko specializiranih in ciljno usmerjenih podpornih storitev (tj. mentoriranja, ekspertnega svetovanja, skupinskih izobraževanj in usposabljanj, študijskih obiskov, storitev mreženja in match-making-a ter promocijskih storitev) na različnih poslovnih področjih (npr. na področju oblikovanja poslovnega modela, razvoja in trženja produkta, vstopa in širitve na tujih trgih, vključevanja v verige vrednosti, delovanja po trajnostnih in krožnih principih ipd.).",,,,,SI
https://linkedopendata.eu/entity/Q7501199,2021SI16FFPR001_OP27.00003,Digitalisation of notarial services,Digitalizacija notarskih storitev,Slovenia,01/05/2023,30/11/2026,57.78,1826550.75,EUR,1055371.89,https://linkedopendata.eu/entity/Q3279052,"46,15",016,"Government ICT solutions, e-services, applications",,,PO01,Smarter Europe,RSO1.2,RSO1.2,ERDF,European Regional Development Fund,2021SI16FFPR001,EU Cohesion Policy - SI -  ERDF/CF/ESF+/JTF,,,,,,,,,,2021-2027,"Digitalisation of notarial services will allow quick access to the full archives of notaries, ensure greater efficiency and quality of work, and allow citizens and legal entities to benefit by shortening the time limit for access to notarial documents and their safe and durable preservation","Digitalizacija notarskih storitev bo omogočila hiter dostop do celotnega arhivskega gradiva notarjev, zagotovila večjo učinkovitost in kakovost dela ter državljanom in pravnim subjektom omogočila koristi s skrajšanjem roka za dostop do notarskih listin in njihovo varno trajno hrambo",,,,,SI
https://linkedopendata.eu/entity/Q7501642,2021SI16FFPR001_OP27.00471,Sport park Slovenj Gradec,Ureditev športnega parka Slovenj Gradec,Slovenia,15/12/2021,31/10/2025,85.0,709135.13,EUR,602764.86,https://linkedopendata.eu/entity/Q3278923,"46.489469033112,15.078819309195",169,"Territorial development initiatives, including preparation of territorial strategies",,,PO05,Europe closer to citizens,RSO5.1,RSO5.1,ERDF,European Regional Development Fund,2021SI16FFPR001,EU Cohesion Policy - SI -  ERDF/CF/ESF+/JTF,,SI_112,Slovenj Gradec,,,Koroška,,,SI033,2021-2027,"The subject of the investment is the arrangement of the Slovenj Gradec Sports Park. This ensures a more efficient use of the existing space in the urban area and the exploitation of its internal potentials. The project is aimed at the renovation and revitalization of already built-up areas and pursues the goal of establishing a modern, green and sustainably designed urban environment. The less used area is being revitalized, which is being transformed into a functional public space with new plantings, well-maintained sports and recreation areas and spaces for socializing and relaxation. Particular emphasis is placed on social inclusion and ensuring accessibility for all residents, including vulnerable groups. This strengthens community cohesion, promotes healthy lifestyles and sustainable mobility. At the same time, the investment strengthens the economic development of the city, as improved infrastructure attracts recreational tourism and opens up new opportunities for the local economy. It thus makes an important contribution to the overall regeneration of the urban area and increases the quality of life of all inhabitants. The project will enable the revitalization of 6,996 m2 of renovated and previously underutilized land.","Predmet investicije je ureditev Športnega parka Slovenj Gradec. Na ta način se zagotavlja učinkovitejša raba obstoječega prostora v mestnem območju in izkoriščanje njegovih notranjih potencialov. Projekt je usmerjen v prenovo in oživitev že pozidanih površin ter sledi cilju vzpostavitve sodobnega, zelenega in trajnostno zasnovanega urbanega okolja. Revitalizira se manj izkoriščeno območje, ki se preoblikuje v funkcionalen javni prostor z novimi zasaditvami, urejenimi športno-rekreacijskimi površinami ter prostori za druženje in sprostitev. Poseben poudarek je na socialni vključenosti in zagotavljanju dostopnosti za vse prebivalce, vključno z ranljivimi skupinami. S tem se krepi skupnostna povezanost, spodbuja zdrav življenjski slog in trajnostna mobilnost. Naložba hkrati krepi gospodarski razvoj mesta, saj izboljšana infrastruktura privlači rekreacijski turizem in odpira nove priložnosti za lokalno gospodarstvo. Tako pomembno prispeva k celoviti prenovi urbanega območja in povišuje kakovost življenja vseh prebivalcev. Projekt bo omogočil revitalizacijo 6.996 m2 prenovljenih in doslej slabo izkoriščenih površin.",,,,,SI
https://linkedopendata.eu/entity/Q7501379,2021SI16FFPR001_OP27.00192,Creation of an OCPS for the Municipality of Duplek,Izdelava OCPS za občino Duplek,Slovenia,01/01/2023,31/12/2025,85.0,40000.0,EUR,34000.0,https://linkedopendata.eu/entity/Q3282488,"46.511347611524,15.766843906247",109,Multimodal transport (not urban),,,PO03,Connected Europe,RSO3.2,RSO3.2,CF,Cohesion Fund,2021SI16FFPR001,EU Cohesion Policy - SI -  ERDF/CF/ESF+/JTF,,SI_026,Duplek,,,Podravska,,,SI032,2021-2027,Creation of an OCPS for the Municipality of Duplek,Izdelava OCPS za občino Duplek,,,,,SI
https://linkedopendata.eu/entity/Q7501716,2021SI16FFPR001_OP27.00575,Multipurpose Roma centre DROM - Romano centre dedicates DROM,Večnamenski romski center DROM - Romano center bogo lače nameni DROM,Slovenia,01/07/2025,30/09/2029,85.0,550000.0,EUR,467500.0,https://linkedopendata.eu/entity/Q3280319,"45.95594422882,15.462787913977",163,"Promoting social integration of people at risk of poverty or social exclusion, including the most deprived and children",,,PO04,Social Europe,ESO4.12,ESO4.12,ESF+,European Social Fund Plus,2021SI16FFPR001,EU Cohesion Policy - SI -  ERDF/CF/ESF+/JTF,,SI_054,Krško,,,Posavska,,,SI036,2021-2027,"The purpose of the project is the establishment and operation of one VNRC+ in the area of the Municipality of Krška, in which activities will be carried out aimed at strengthening and improving the socio-economic position of members of the Roma community in the Republic of Slovenia, raising the quality of their lives, promoting and strengthening their integration into the wider community and establishing trust and cooperation with the majority population.","Namen projekta je vzpostavitev in delovanje enega VNRC+, in sicer na območju Občine Krške, v katerem se bodo izvajale aktivnosti, namenjene krepitvi in izboljševanju socialno-ekonomskega položaja pripadnikov romske skupnosti v Republiki Sloveniji, dvigu kakovosti njihovega življenja, spodbujanju in krepitvi njihovega vključevanja v širšo skupnost ter vzpostavljanju zaupanja in sodelovanja z večinskim prebivalstvom.",,,,,SI
https://linkedopendata.eu/entity/Q7501324,2021SI16FFPR001_OP27.00139,Establishment and operation of the Policy-Making Hub (POS),Vzpostavitev in delovanje Stičišča za oblikovanje politik (SOP),Slovenia,01/01/2024,30/11/2029,71.41,3300014.69,EUR,2356699.99,https://linkedopendata.eu/entity/Q3278943,"46,15",075,Support to environmentally-friendly production processes and resource efficiency in SMEs,,,PO02,"Greener, carbon-free Europe",RSO2.6,RSO2.6,ERDF,European Regional Development Fund,2021SI16FFPR001,EU Cohesion Policy - SI -  ERDF/CF/ESF+/JTF,,,,,,,,,,2021-2027,"The purpose of the SOP is to enable the development of comprehensive solutions through participatory experimentation in the field of policies and measures of pilot innovation in the public sector, thus supporting decision-making processes. Within the framework of the programme, we would like to: - to create a “laboratory” environment in which policy makers and stakeholders from diverse backgrounds (NGOs, citizens’ groups, professional organisations, universities and research centres, and businesses) work together to design, prototype and test innovative policies, regulations and public services to promote the transition to a circular and low-carbon economy and society; - build institutional capacity for participatory experimentation and innovation in the public sector; - monitor and measure the impact of implemented measures using appropriate research and analytics methods to better understand the situation and the visibility of changes (e.g. indices).","Namen SOP-a je omogočiti razvoj celovitih rešitev preko participativnega eksperimentiranja na področju politik in ukrepov pilotnega inoviranja v javnem sektorju in tako podpreti procese odločanja. V okviru programa želimo: - ustvariti “laboratorijsko” okolje v katerem bodo pripravljavci politik in deležniki raznolikih ozadij (NVO, skupine državljanov, strokovne organizacije, univerze in raziskovalni centri ter podjetja) v sodelovanju oblikovali, prototipirali in testirali inovativne politike, predpise in javne storitve za spodbujanje prehoda v krožno in nizkoogljično gospodarstvo in družbo; - graditi institucionalne zmogljivosti za participativno eksperimentiranje in inoviranje v javnem sektorju; - spremljati in meriti vpliv izvedenih ukrepov z ustreznimi metodami raziskovanja in analitike za boljše razumevanje stanja in vidnost sprememb (npr. indeksi).",,,,,SI
https://linkedopendata.eu/entity/Q7501653,2021SI16FFPR001_OP27.00485,Noršinska ulica 1st phase,Noršinska ulica 1. faza,Slovenia,10/10/2023,31/12/2025,85.0,875940.63,EUR,744549.54,https://linkedopendata.eu/entity/Q3278922,"46.08333333,15.45",083,Cycling infrastructure,,,PO02,"Greener, carbon-free Europe",RSO2.8,RSO2.8,ERDF,European Regional Development Fund,2021SI16FFPR001,EU Cohesion Policy - SI -  ERDF/CF/ESF+/JTF,,,,,Eastern Slovenia,,,SI03,,2021-2027,"As part of the operation ""Noršinska ulica 1st phase"", the 1st phase of the reconstruction of the local road Noršinska ulica in the length of 988 m, the existing width of 5.0 to 5.5 m. A new construction of a one-sided bidirectional cycling path in the length of 1.145 m is planned (of which 157 m in the area of the future bypass road and 988 m outside the area of the future bypass road), namely on the section from the Murska Sobota School of Economics to the intersection Noršinci - Rakičan. The section of the road with the planned new cycle path connects the town of Murska Sobota, especially the northern commercial and industrial part, with the settlements of Noršinci and Rakičan and other settlements in and outside the municipality. Main features of the operation: • arrangement of a single-sided bi-directional cycling path in the length of 1,145 m; • reconstruction of the local road LC 269 070-1 in the length of 988 m; • arrangement of the crossing of the local road LC 269 070-1 (for the settlement Rakičan); • protection or relocation of municipal and energy lines; • reconstruction of the bridge; • arrangement of drainage; • installation of a green buffer zone between the road and the cycling path; • traffic arrangement. The purpose of the operation is to contribute to the development of sustainable mobility in the Municipality of Murska Sobota and to encourage as much as possible an increase in the share of sustainable transport modes in the structure of daily mobility of the population. At the same time, the purpose of the operation is to provide basic infrastructural conditions for better connection of urban areas with the hinterland, increase traffic safety for the weakest road users and improve the quality of living space, and consequently influence the improvement of air quality and the reduction of noise.","V okviru operacije »Noršinska ulica 1. faza« je načrtovana 1. faza rekonstrukcije lokalne ceste Noršinske ulice v dolžini 988 m, obstoječe širine 5,0 do 5,5 m. Načrtovana je novogradnja enostranske dvosmerne kolesarske steze v dolžini 1.145 m (od tega 157 m v območju bodoče obvozne ceste in 988 m izven območja bodoče obvozne ceste), in sicer na odseku od Ekonomske šole Murska Sobota do križišča Noršinci – Rakičan. Predmetni odsek ceste z načrtovano novo kolesarsko stezo, povezuje mesto Murska Sobota, predvsem severni trgovski in industrijski del, z naselji Noršinci in Rakičan ter ostalimi naselji v in izven občine. Poglavitne značilnosti operacije: • ureditev enostranske dvosmerne kolesarske steze v dolžini 1.145 m, • rekonstrukcija lokalne ceste LC 269 070-1 v dolžini 988 m, • ureditev križišča lokalne ceste LC 269 070-1 (za naselje Rakičan), • zaščita oz. prestavitev komunalnih in energetskih vodov, • rekonstrukcija mostu, • ureditev odvodnjavanja, • umestitev zelenega varovalnega pasu med cesto in kolesarsko stezo, • prometna ureditev. Namen operacije je prispevati k razvoju trajnostne mobilnosti v Mestni občini Murska Sobota ter v največji možni meri spodbuditi dvig deleža trajnostnih prometnih načinov v strukturi dnevne mobilnosti prebivalstva. Hkrati je namen operacije zagotavljati osnovne infrastrukturne pogoje za boljšo povezanost urbanih območij z zaledjem, povečanje prometne varnosti za najšibkejše udeležence v prometu in izboljšanje kakovosti življenjskega prostora ter posledično vplivati na izboljšanje kakovosti zraka in zmanjšanje hrupa.",,,,,SI
https://linkedopendata.eu/entity/Q7501543,2021SI16FFPR001_OP27.00359,SOCIAL ACTIVATION THROUGH MEDICAL INNOVATION,SOCIALNA AKTIVACIJA SKOZI MEDICINSKE INOVACIJE,Slovenia,01/09/2024,31/08/2027,85.0,799995.0,EUR,679995.75,https://linkedopendata.eu/entity/Q3280286,"46.08333333,15.45",153,Pathways to integration and re-entry into employment for disadvantaged people,,,PO04,Social Europe,ESO4.8,ESO4.8,ESF+,European Social Fund Plus,2021SI16FFPR001,EU Cohesion Policy - SI -  ERDF/CF/ESF+/JTF,,,,,Eastern Slovenia,,,SI03,,2021-2027,"The Silk Synergy project responds directly to the requirements of the public tender by providing programmes that improve the competences, motivation and social inclusion of participants. Each objective of the project is measurable and consistent with the purposes of the call, ensuring a high degree of integrity and the possibility of an objective assessment of the effectiveness of the project. Quarterly and annual reports, together with direct feedback from participants and stakeholders, will serve as the main sources for verifying the achievement of the set objectives. With its comprehensive and structured design, the Silk Synergy project ensures that participants and communities will directly benefit from improved social and economic integration. The objectives of the project are clearly aligned with the purpose of the call, provide measurable results and strengthen cooperation between different stakeholders, contributing to a sustainable impact on the local community and increasing opportunities for employment or silkworm rearing with guaranteed earnings.","Projekt Svilena sinergija neposredno odgovarja na zahteve javnega razpisa z zagotavljanjem programov, ki izboljšujejo kompetence, motivacijo in socialno vključenost udeležencev. Vsak cilj projekta je merljiv in skladen z nameni razpisa, kar zagotavlja visoko stopnjo integritete in možnost objektivne ocene učinkovitosti projekta. Kvartalna in letna poročila, skupaj z neposrednim feedbackom od udeležencev in deležnikov, bodo služila kot glavni viri za preverjanje doseganja zastavljenih ciljev. Projekt Svilena sinergija s svojo celovito in strukturirano zasnovo zagotavlja, da bodo udeleženci in skupnosti imeli neposredne koristi od izboljšane socialne in ekonomske integracije. Cilji projekta so jasno usklajeni z namenom javnega razpisa, zagotavljajo merljive rezultate in krepijo sodelovanje med različnimi deležniki, kar prispeva k trajnostnemu vplivu na lokalno skupnost ter povečanju možnosti za zaposlitev ali vzgojo sviloprejke z zagotovljenim zaslužkom.",,,,,SI
https://linkedopendata.eu/entity/Q7501337,2021SI16FFPR001_OP27.00150,Production of OCPS of the Municipality of Sevnica,Izdelava OCPS občine Sevnica,Slovenia,01/01/2023,30/06/2025,85.0,43000.0,EUR,36550.0,https://linkedopendata.eu/entity/Q3278950,"46.010236889487,15.268630353954",109,Multimodal transport (not urban),,,PO03,Connected Europe,RSO3.2,RSO3.2,CF,Cohesion Fund,2021SI16FFPR001,EU Cohesion Policy - SI -  ERDF/CF/ESF+/JTF,,SI_110,Sevnica,,,Posavska,,,SI036,2021-2027,Production of OCPS of the Municipality of Sevnica,Izdelava OCPS občine Sevnica,,,,,SI
https://linkedopendata.eu/entity/Q7501401,2021SI16FFPR001_OP27.00215,Municipal integrated transport strategy for the Municipality of Selnica ob Dravi,Občinska celostna prometna strategija za Občino Selnica ob Dravi,Slovenia,01/01/2023,31/12/2025,85.0,28000.0,EUR,23800.0,https://linkedopendata.eu/entity/Q3280666,"46.586323676852,15.483044924914",109,Multimodal transport (not urban),,,PO03,Connected Europe,RSO3.2,RSO3.2,CF,Cohesion Fund,2021SI16FFPR001,EU Cohesion Policy - SI -  ERDF/CF/ESF+/JTF,,SI_178,Selnica ob Dravi,,,Podravska,,,SI032,2021-2027,Municipal integrated transport strategy for the Municipality of Selnica ob Dravi,Občinska celostna prometna strategija za Občino Selnica ob Dravi,,,,,SI
https://linkedopendata.eu/entity/Q7501470,2021SI16FFPR001_OP27.00284,Digital steps 2024,Digitalni koraki 2024,Slovenia,23/02/2024,31/10/2025,60.55,596900.0,EUR,361430.0,https://linkedopendata.eu/entity/Q3279195,"46.1,14.15|46.08333333,15.45",018,IT services and applications for digital skills and digital inclusion,,,PO01,Smarter Europe,RSO1.2,RSO1.2,ERDF,European Regional Development Fund,2021SI16FFPR001,EU Cohesion Policy - SI -  ERDF/CF/ESF+/JTF,,,,,Western Slovenia|Eastern Slovenia,,,SI04|SI03,,2021-2027,"Digital steps - basic level With programs on the basic level, we will help participants with the first steps in the digital environment. We will address all 21 competencies at the 1st and 2nd level of competence according to DigComp 2.2. Digital Steps - Advanced Level With advanced level programmes, we will guide participants in the next steps in the digital environment. We will address all 21 competencies at higher levels of competence (level 3 and above) according to DigComp 2.2.",Digitalni koraki - osnovni nivo S programi na osnovnem nivoju bomo udeležencem pomagali pri prvih korakih v digitalnem okolju. Naslavljali bomo vseh 21 kompetenc na 1. in 2. ravni kompetentnosti po DigComp 2.2. Digitalni koraki – napredni nivo S programi na naprednem nivoju bomo udeležence usmerjali pri nadaljnjih korakih v digitalnem okolju. Naslavljali bomo vseh 21 kompetenc na višjih ravneh kompetentnosti (3. raven in več) po DigComp 2.2.,,,,,SI
https://linkedopendata.eu/entity/Q7501628,2021SI16FFPR001_OP27.00454,"T-2 - Establishment, maintenance and operation of PWAS","T-2 - vzpostavitev, vzdrževanje in upravljanje sistema PWAS",Slovenia,17/05/2024,31/03/2026,61.51,87400.0,EUR,53755.41,https://linkedopendata.eu/entity/Q7501148,"46.1,14.15|46.08333333,15.45",016,"Government ICT solutions, e-services, applications",,,PO01,Smarter Europe,RSO1.2,RSO1.2,ERDF,European Regional Development Fund,2021SI16FFPR001,EU Cohesion Policy - SI -  ERDF/CF/ESF+/JTF,,,,,Western Slovenia|Eastern Slovenia,,,SI04|SI03,,2021-2027,Financing the establishment of a public information and alarm system by sending alerts to mobile phones of the target group (JR PWAS),Financiranje vzpostavitve sistema javnega obveščana in alarmiranja s posredovanjem opozoril na mobilne telefone ciljne skupine (JR PWAS),,,,,SI
https://linkedopendata.eu/entity/Q7501714,2021SI16FFPR001_OP27.00573,Multipurpose Roma Centre +,Večnamenski romski center +,Slovenia,01/07/2025,30/09/2029,85.0,1100000.0,EUR,935000.0,https://linkedopendata.eu/entity/Q3282541,"45.618536602797,14.902853244908",163,"Promoting social integration of people at risk of poverty or social exclusion, including the most deprived and children",,,PO04,Social Europe,ESO4.12,ESO4.12,ESF+,European Social Fund Plus,2021SI16FFPR001,EU Cohesion Policy - SI -  ERDF/CF/ESF+/JTF,,SI_048,Kočevje,,,Jugovzhodna Slovenija,,,SI037,2021-2027,"The purpose of the project is the establishment and operation of two VNRC+, namely in the territory of the Municipality of Kočevje and the Municipality of Ribnica, in which activities will be carried out aimed at strengthening and improving the socio-economic position of members of the Roma community in the Republic of Slovenia, raising the quality of their lives, promoting and strengthening their integration into the wider community, and establishing trust and cooperation with the majority population.","Namen projekta je vzpostavitev in delovanje dveh VNRC+, in sicer na območju Občine Kočevje in Občine Ribnica, v katerih se bodo izvajale aktivnosti, namenjene krepitvi in izboljševanju socialno-ekonomskega položaja pripadnikov romske skupnosti v Republiki Sloveniji, dvigu kakovosti njihovega življenja, spodbujanju in krepitvi njihovega vključevanja v širšo skupnost ter vzpostavljanju zaupanja in sodelovanja z večinskim prebivalstvom.",,,,,SI
https://linkedopendata.eu/entity/Q7501693,2021SI16FFPR001_OP27.00552,Optimization of solar energy with the help of IoT and advanced algorithms in algae cultivation for the production of omega-3 fatty acids,Optimizacija sončne energije s pomočjo IoT in naprednih algoritmov pri gojenju alg za proizvodnjo omega-3 maščobnih kislin,Slovenia,14/03/2025,31/03/2027,85.0,72000.0,EUR,61200.0,https://linkedopendata.eu/entity/Q7501185,"46.489469033112,15.078819309195",025,"Incubation, support to spin offs and spin outs and start ups",,,PO01,Smarter Europe,RSO1.3,RSO1.3,ERDF,European Regional Development Fund,2021SI16FFPR001,EU Cohesion Policy - SI -  ERDF/CF/ESF+/JTF,,SI_112,Slovenj Gradec,,,Koroška,,,SI033,2021-2027,"As part of the submitted project, the company is developing an advanced system for optimized algae cultivation, which are a better quality and more environmentally friendly source of omega-3 fatty acids.","V okviru prijavljenega projekta podjetje razvija napredni sistem za optimizirano gojenje alg, ki so kakovostnejši in okoljsko prijaznejši vir omega-3 maščobnih kislin.",,,,,SI
https://linkedopendata.eu/entity/Q7501555,2021SI16FFPR001_OP27.00371,Motivated to Action,Motivirano v akcijo,Slovenia,01/09/2024,31/08/2027,85.0,399997.5,EUR,339997.88,https://linkedopendata.eu/entity/Q3280974,"46.08333333,15.45",153,Pathways to integration and re-entry into employment for disadvantaged people,,,PO04,Social Europe,ESO4.8,ESO4.8,ESF+,European Social Fund Plus,2021SI16FFPR001,EU Cohesion Policy - SI -  ERDF/CF/ESF+/JTF,,,,,Eastern Slovenia,,,SI03,,2021-2027,"The operation will implement social activation+ programmes, which through their integrated approach will contribute to improving the social inclusion of people from the target group and to increasing their employment opportunities.","V okviru operacije se bodo izvajali programi socialne aktivacije+, ki bodo s svojim celostnim pristopom prispevali k izboljšanju socialne vključenosti oseb iz ciljne skupine in k povečanju njihovih zaposlitvenih možnosti.",,,,,SI
https://linkedopendata.eu/entity/Q7501530,2021SI16FFPR001_OP27.00344,TERMISS - Smart chamber for the thermal treatment of foodstuffs with automatic cooling system,TERMISS - Pametna komora za termično obdelavo živil z avtomatskim hladilnim sistemom,Slovenia,29/03/2024,31/03/2026,40.0,72000.0,EUR,28800.0,https://linkedopendata.eu/entity/Q7501131,"46.054328329124,14.562956200712",025,"Incubation, support to spin offs and spin outs and start ups",,,PO01,Smarter Europe,RSO1.3,RSO1.3,ERDF,European Regional Development Fund,2021SI16FFPR001,EU Cohesion Policy - SI -  ERDF/CF/ESF+/JTF,,SI_061,Ljubljana,,,Osrednjeslovenska,,,SI041,2021-2027,"The project concerns the development of a smart chamber for the thermal treatment of foodstuffs with an automatic cooling system - TERMISS. The advantages of a smart chamber are: smart automation (two processes - thermal treatment and cooling, in one); IoT connected central control system over thermal food processing and smart cooling system; digitalized system for HACCP control of critical points in the food processing process (80% less electricity consumption).","Projekt se nanaša na razvoj pametne komore za termično obdelavo živil z avtomatskim hladilnim sistemom – TERMISS. Prednosti pametne komore so: pametna avtomatizacija (dva procesa - termična obdelava in hlajenje, v enem); IoT povezljiv centralni nadzorni sistem nad termično obdelavo živil ter pametnim hladilnim sistemom; digitaliziran sistem za kontrolo HACCP kritičnih točk v procesu obdelave živil (80% manj porabe elektrike).",,,,,SI
https://linkedopendata.eu/entity/Q7501323,2021SI16FFPR001_OP27.00137,Entrepreneurial over challenges - PONI Gorenjska,Podjetno nad izzive - PONI Gorenjska,Slovenia,01/01/2024,15/11/2028,40.0,1538272.0,EUR,615308.8,https://linkedopendata.eu/entity/Q3279136,"46.3167,14.15",025,"Incubation, support to spin offs and spin outs and start ups",,,PO01,Smarter Europe,RSO1.3,RSO1.3,ERDF,European Regional Development Fund,2021SI16FFPR001,EU Cohesion Policy - SI -  ERDF/CF/ESF+/JTF,,,,,,Gorenjska,,,SI042,2021-2027,"Operation PONI Gorenjska is part of the comprehensive PONI project, which is carried out throughout Slovenia. The purpose of the PONI Gorenjska operation is the entrepreneurial training of persons who want to realize an entrepreneurial idea, thereby promoting entrepreneurship in the Gorenjska region . It is a 4-month entrepreneurial training programme for people who want to realize an entrepreneurial idea and turn it into commercially interesting products or services with the help of mentors and content trainings and counselling. The content of the training programme is structured in such a way that within 4 months of inclusion, participants receive key knowledge in the field of entrepreneurship, which they need when entering an independent entrepreneurial path. The training program of the participant takes everything from the development of a business idea, to the creation of a business model and a business plan. At the same time, he is fully acquainted with all important areas in entrepreneurship. The project enables participants to use physical infrastructure (premises, equipment) according to the principle of co-working (joint division of office and equipment). By encouraging the formation of entrepreneurial teams, participants will also gain new knowledge, new acquaintances and business opportunities, as well as transfer experiences and examples of good practices.","Operacija PONI Gorenjska je del celovitega projekta PONI, ki se izvaja na območju celotne Slovenije. Namen operacije PONI Gorenjska je podjetniško usposabljanje oseb, ki želijo realizirati podjetniško idejo, s tem pa spodbujanje podjetništva v Gorenjski regiji . Gre za program 4 mesečnega podjetniškega usposabljanja oseb, ki želijo realizirati podjetniško idejo in jo ob pomoči mentorjev in vsebinskih usposabljanj ter svetovanj spremeniti v tržno zanimive produkte oziroma storitve. Program usposabljanja je vsebinsko sestavljen tako, da v 4 mesecih vključitve udeleženci prejmejo ključna znanja s področja podjetništva, ki jih ob vstopu na samostojno podjetniško pot potrebujejo. Program usposabljanja udeleženca pelje vse od razvoja poslovne ideje, do izdelave poslovnega modela in poslovnega načrta. Hkrati ga celostno seznani z vsemi pomembnimi področji v podjetništvu. Udeležencem projekt omogoča uporabo fizične infrastrukture (prostori, oprema) in sicer po principu co-workinga (skupne delitve pisarne in opreme). S spodbujanjem oblikovanja podjetniških ekip bodo udeleženci prišli tudi do novih znanj, novih poznanstev in poslovnih priložnosti ter prenašali izkušnje in primere dobrih praks.",,,,,SI
https://linkedopendata.eu/entity/Q7501495,2021SI16FFPR001_OP27.00309,Socio - multigenerational center/Socio VGC,Socio - večgeneracijski center/Socio VGC,Slovenia,01/08/2024,30/09/2029,85.0,1529651.2,EUR,1300203.52,https://linkedopendata.eu/entity/Q3279329,"46.248365487681,15.266115481207",163,"Promoting social integration of people at risk of poverty or social exclusion, including the most deprived and children",,,PO04,Social Europe,ESO4.12,ESO4.12,ESF+,European Social Fund Plus,2021SI16FFPR001,EU Cohesion Policy - SI -  ERDF/CF/ESF+/JTF,,SI_011,Celje,,,Savinjska,,,SI034,2021-2027,"The project offers various preventive content and activities aimed primarily at families, individual family members, the elderly and other vulnerable groups. Multigenerational Centre+ (VGC+) is a central gathering place in the local environment, dedicated to socializing, maintaining or expanding the social network and empowering vulnerable groups. It is a preventive project involving educational, intercultural, intergenerational and other activities.","Projekt ponuja različne preventivne vsebine in aktivnosti, namenjene predvsem družinam, posameznim družinskim članom, starejšim in drugim ranljivim skupinam. Večgeneracijski center+ (VGC+) predstavlja osrednji prostor zbiranja v lokalnem okolju, namenjen druženju, ohranjanju oziroma širjenju socialne mreže ter opolnomočenju ranljivih skupin. Gre za preventivni projekt, ki vključuje izobraževalne, medkulturne, medgeneracijske in druge dejavnosti.",,,,,SI
https://linkedopendata.eu/entity/Q7501545,2021SI16FFPR001_OP27.00361,SOCIAL ACTIVATION OF ALBANIC WOMEN 2024-2027,SOCIALNA AKTIVACIJA ALBANSKO GOVOREČIH ŽENSK 2024-2027,Slovenia,01/09/2024,31/08/2027,85.0,1199992.5,EUR,1019993.62,https://linkedopendata.eu/entity/Q3279975,"46.08333333,15.45",153,Pathways to integration and re-entry into employment for disadvantaged people,,,PO04,Social Europe,ESO4.8,ESO4.8,ESF+,European Social Fund Plus,2021SI16FFPR001,EU Cohesion Policy - SI -  ERDF/CF/ESF+/JTF,,,,,Eastern Slovenia,,,SI03,,2021-2027,"The programme also aims to help Albanian-speaking women acquire information-search skills and familiarise them with job-search skills (acquaintance with the ZRSZ web portal and other job portals, monitoring job advertisements, writing applications and CVs). We also want to equip members of the target group with knowledge and competences that would help them establish and establish new social contacts and acquire employment competences. The activity of acquainting them with road traffic regulations will be of great importance, which will make it easier for them to obtain a driving test and thus bring employment outside the place of residence closer.","Namen programa je tudi pomagati albansko govorečim ženskam pridobivati veščine iskanja informacij in jih seznaniti z veščinami iskanja zaposlitve (seznanitev s spletnim portalom ZRSZ ter z ostalimi zaposlitvenimi portali, spremljanje zaposlitvenih oglasov, pisanje vlog in življenjepisov). Pripadnice ciljne skupine želimo prav tako opremiti z znanji in kompetencami, ki bi jim pomagale pri vzpostavljanju in navezovanju novih socialnih stikov ter pridobivanju zaposlitvenih kompetenc. Velik pomen bo imela aktivnost seznanjanja s cestnoprometnimi predpisi, ki jim bo olajšala pridobitev vozniškega izpita in s tem približala zaposlitev izven kraja bivanja.",,,,,SI
https://linkedopendata.eu/entity/Q7501408,2021SI16FFPR001_OP27.00222,Production of the OCPS of the Municipality of Majšperk,Izdelava OCPS Občine Majšperk,Slovenia,01/01/2023,30/06/2025,85.0,28000.0,EUR,23800.0,https://linkedopendata.eu/entity/Q3281512,"46.324637529204,15.739278956799",109,Multimodal transport (not urban),,,PO03,Connected Europe,RSO3.2,RSO3.2,CF,Cohesion Fund,2021SI16FFPR001,EU Cohesion Policy - SI -  ERDF/CF/ESF+/JTF,,SI_069,Majšperk,,,Podravska,,,SI032,2021-2027,Production of the OCPS of the Municipality of Majšperk,Izdelava OCPS Občine Majšperk,,,,,SI
https://linkedopendata.eu/entity/Q7501350,2021SI16FFPR001_OP27.00163,Production of OCPS of the Municipality of Renče - Vogrsko,Izdelava OCPS občine Renče - Vogrsko,Slovenia,01/01/2023,30/06/2025,85.0,28000.0,EUR,23800.0,https://linkedopendata.eu/entity/Q3281080,"45.89088383443,13.679862133944|46.744396410772,16.133921070451",109,Multimodal transport (not urban),,,PO03,Connected Europe,RSO3.2,RSO3.2,CF,Cohesion Fund,2021SI16FFPR001,EU Cohesion Policy - SI -  ERDF/CF/ESF+/JTF,,SI_097|SI_201,Puconci|Renče - Vogrsko,,,Goriška|Pomurska,,,SI043|SI031,2021-2027,Production of OCPS of the Municipality of Renče - Vogrsko,Izdelava OCPS občine Renče - Vogrsko,,,,,SI
https://linkedopendata.eu/entity/Q7501553,2021SI16FFPR001_OP27.00369,I'm actively working,Aktivno SO-delujem,Slovenia,01/09/2024,31/08/2027,40.0,399997.5,EUR,159999.0,https://linkedopendata.eu/entity/Q3280296,"46.1,14.15",153,Pathways to integration and re-entry into employment for disadvantaged people,,,PO04,Social Europe,ESO4.8,ESO4.8,ESF+,European Social Fund Plus,2021SI16FFPR001,EU Cohesion Policy - SI -  ERDF/CF/ESF+/JTF,,,,,Western Slovenia,,,SI04,,2021-2027,"The operation will implement social activation+ programmes, which through their integrated approach will contribute to improving the social inclusion of women from other cultural backgrounds and to increasing their employment opportunities.",V okviru operacije se bodo izvajali programi socialne aktivacije+ ki bodo s svojim celostnim pristopom prispevali k izboljšanju socialne vključenosti žensk iz drugih kulturnih okolij in k povečanju njihovih zaposlitvenih možnosti.,,,,,SI
https://linkedopendata.eu/entity/Q7501245,2021SI16FFPR001_OP27.00055,Development of the Cultural and Creative Sector (CCS) - PLATFORM,Razvoj kulturno kreativnega sektorja (KKS) – PLATFORMA,Slovenia,01/06/2023,30/11/2028,65.46,5587500.0,EUR,3657517.5,https://linkedopendata.eu/entity/Q3279264,"46,15",021,"SME business development and internationalisation, including productive investments",,,PO01,Smarter Europe,RSO1.3,RSO1.3,ERDF,European Regional Development Fund,2021SI16FFPR001,EU Cohesion Policy - SI -  ERDF/CF/ESF+/JTF,,,,,,,,,,2021-2027,"The “National Platform - Centre for Creativity” (CzK) will take care of the upgrading and implementation of measures for the development of the cultural and creative sector in Slovenia and its integration with other sectors, for the development of technological and non-technological innovations, and contribute to the empowerment of the CCC and to decentralisation and internationalisation. The national platform CzK assumes the official role of the umbrella national coordinator of the cultural and creative sector in the Republic of Slovenia and the national entry point for connecting with this sector. Through its programmes, it establishes a quality, efficient and innovative environment for working in the field of CCC and its integration with other sectors. With its programmes and projects, it focuses on breakthrough projects, close substantive collaborations, selected topics and focus areas of the CCT, which strengthen: national cooperation in the CCC and cross-sectoral cooperation with the SIO and other sectors, internationalisation, international cooperation, professionalisation of the sector and its sales channels, polycentric development of the CCC through the integration and operation of CzK 2.0 at regional and local level (cooperation with regions, municipalities) in order to support local creators, and strengthen the integration of the CCC into the development policies of the Republic of Slovenia. In striving for the sustainable development of our society, it ensures the spill-over of the effects of the CCC into other sectors and its integration into all spheres of social activity.","“Nacionalna platforma – Center za kreativnost” (CzK) bo skrbela za nadgradnjo in uresničitev ukrepov za razvoj kulturnega in kreativnega sektorja v Sloveniji in njegovega povezovanja z drugimi sektorji, za razvoj tehnoloških in netehnoloških inovacij ter prispevala k opolnomočenju KKS ter decentralizaciji in internacionalizaciji. Nacionalna platforma CzK prevzema uradno vlogo krovnega nacionalnega koordinatorja kulturnega in kreativnega sektorja v RS in nacionalne vstopne točke za povezovanje s tem sektorjem. S svojimi programi vzpostavlja kakovostno, učinkovito in inovativno okolje za delovanje na področju KKS ter njegovega povezovanja z drugimi sektorji. S svojimi programi in projekti se fokusira na prebojne projekte, na tesna vsebinska sodelovanja, izbrane teme in fokusna področja KKS, ki krepijo: nacionalno sodelovanje v KKS in medsektorsko sodelovanje s SIO ter drugimi sektorji, internacionalizacijo, mednarodno sodelovanje, profesionalizacijo sektorja in njegovih prodajnih kanalov, policentrični razvoj KKS skozi povezovanje in delovanje CzK 2.0 na regionalni in lokalni ravni (sodelovanje z regijami, občinami) z namenom podpore lokalnim ustvarjalcem, ter krepijo vpetost KKS v razvojne politike Republike Slovenije. V prizadevanju za trajnostni razvoj naše družbe zagotavlja prelivanje učinkov KKS v druge sektorje ter njegovo vpenjanje v vse družbene sfere delovanja.",,,,,SI
https://linkedopendata.eu/entity/Q7501563,2021SI16FFPR001_OP27.00378,Improving the quality of bilingual education for the Italian national community in Slovenia and the Slovenian national community in Italy,Dvig kakovosti dvojezičnega šolstva za italijansko narodno skupnost v Sloveniji ter slovensko narodno skupnost v Italiji,Slovenia,01/03/2024,31/08/2027,40.0,379716.74,EUR,151886.7,https://linkedopendata.eu/entity/Q3279621,"45.50973901972,13.838311218974",148,Support for early childhood education and care (excluding infrastructure),,,PO04,Social Europe,ESO4.5,ESO4.5,ESF+,European Social Fund Plus,2021SI16FFPR001,EU Cohesion Policy - SI -  ERDF/CF/ESF+/JTF,,SI_050,Koper/Capodistria,,,Obalno-kraška,,,SI044,2021-2027,"The purpose of the direct approval of the operation - the project ""Raising the quality of bilingual education for the Italian national community in Slovenia and the Slovenian national community in Italy"" - is to raise the quality and efficiency of the bilingual education system. The objective of the direct approval of the operation - the project ""Raising the quality of bilingual education for the Italian national community in Slovenia and the Slovenian national community in Italy"" - is to upgrade language support in mother tongue with new approaches and forms of teaching and to upgrade pedagogical practices to strengthen teaching skills in the bilingual area.",Namen neposredne potrditve operacije – projekta »Dvig kakovosti dvojezičnega šolstva za italijansko narodno skupnost v Sloveniji ter slovensko narodno skupnost v Italiji« je dvig kakovosti in učinkovitosti sistema dvojezičnega šolstva. Cilj neposredne potrditve operacije – projekta »Dvig kakovosti dvojezičnega šolstva za italijansko narodno skupnost v Sloveniji ter slovensko narodno skupnost v Italiji« je nadgradnja jezikovne podpore v materinščini z novimi pristopi in oblikami poučevanja in nadgradnja pedagoških praks za krepitev znanj in spretnosti poučevanja na dvojezičnem območju.,,,,,SI
https://linkedopendata.eu/entity/Q7501336,2021SI16FFPR001_OP27.00148,Integrated transport strategy,Celostna prometna strategija,Slovenia,01/01/2023,31/12/2025,85.0,43000.0,EUR,36550.0,https://linkedopendata.eu/entity/Q3278952,"46.133890757994,14.951220963977",109,Multimodal transport (not urban),,,PO03,Connected Europe,RSO3.2,RSO3.2,CF,Cohesion Fund,2021SI16FFPR001,EU Cohesion Policy - SI -  ERDF/CF/ESF+/JTF,,SI_142,Zagorje ob Savi,,,Zasavska,,,SI035,2021-2027,Integrated transport strategy,Celostna prometna strategija,,,,,SI
https://linkedopendata.eu/entity/Q7501681,2021SI16FFPR001_OP27.00540,SGS - Smart Gastronomy Solution,SGS - Smart Gastronomy Solution,Slovenia,14/03/2025,31/03/2027,85.0,72000.0,EUR,61200.0,https://linkedopendata.eu/entity/Q7501177,"46.619499107118,15.709933102482",025,"Incubation, support to spin offs and spin outs and start ups",,,PO01,Smarter Europe,RSO1.3,RSO1.3,ERDF,European Regional Development Fund,2021SI16FFPR001,EU Cohesion Policy - SI -  ERDF/CF/ESF+/JTF,,SI_089,Pesnica,,,Podravska,,,SI032,2021-2027,"The subject of the project is the development of the SGS platform. It is a SaaS platform over the AWS-Amazon Web Services cloud service that supports the process automation of the catering business processes of managing menus and reservations with the help of artificial intelligence. With the help of the mobile app and AI assistant, restaurant visitors will be able to book a table in the restaurant at the same time and at the same time get a personalized menu according to their dietary preferences (vegans, vegetarians) including allergies and intolerances to individual ingredients.","Predmet projekta je razvoj platforme SGS. Gre za SaaS platformo nad oblačno storitvijo AWS – Amazon Web Services, ki podpira procesno avtomatizacijo gostinskih poslovnih procesov upravljanja z meniji in rezervacijami s pomočjo umetne inteligence. Obiskovalci restavracij bodo tako s pomočjo mobilne aplikacije in AI asistenta lahko hkrati rezervirali mizo v restavraciji ter obenem dobili personaliziran meni glede na svoje prehrambene preference (vegani, vegetarijanci) vključujoč alergije in intoleranco na posamezne sestavine.",,,,,SI
https://linkedopendata.eu/entity/Q7501627,2021SI16FFPR001_OP27.00453,"Telemach- set-up, maintenance and operation of the PWAS","Telemach- vzpostavitev, vzdrževanje in upravljanje sistema PWAS",Slovenia,17/05/2024,31/03/2026,61.51,256537.06,EUR,157784.41,https://linkedopendata.eu/entity/Q7501164,"46.1,14.15|46.08333333,15.45",016,"Government ICT solutions, e-services, applications",,,PO01,Smarter Europe,RSO1.2,RSO1.2,ERDF,European Regional Development Fund,2021SI16FFPR001,EU Cohesion Policy - SI -  ERDF/CF/ESF+/JTF,,,,,Western Slovenia|Eastern Slovenia,,,SI04|SI03,,2021-2027,Financing the establishment of a public information and alarm system by sending alerts to mobile phones of the target group (JR PWAS),Financiranje vzpostavitve sistema javnega obveščana in alarmiranja s posredovanjem opozoril na mobilne telefone ciljne skupine (JR PWAS),,,,,SI
https://linkedopendata.eu/entity/Q7501542,2021SI16FFPR001_OP27.00357,Production of OCPS for the municipality of Dobrova-Polhov Gradec,Izdelava OCPS za občino Dobrova-Polhov Gradec,Slovenia,01/01/2023,31/12/2025,85.0,40000.0,EUR,34000.0,https://linkedopendata.eu/entity/Q3281596,"46.061696648272,14.311716614609",109,Multimodal transport (not urban),,,PO03,Connected Europe,RSO3.2,RSO3.2,CF,Cohesion Fund,2021SI16FFPR001,EU Cohesion Policy - SI -  ERDF/CF/ESF+/JTF,,SI_021,Dobrova - Polhov Gradec,,,Osrednjeslovenska,,,SI041,2021-2027,Production of OCPS for the municipality of Dobrova-Polhov Gradec,Izdelava OCPS za občino Dobrova-Polhov Gradec,,,,,SI
https://linkedopendata.eu/entity/Q7501492,2021SI16FFPR001_OP27.00306,Marela - multigenerational centre of Dolenjska and Bela Krajina,Marela - večgeneracijski center Dolenjske in Bele Krajine,Slovenia,01/08/2024,30/09/2029,85.0,1481849.6,EUR,1259572.16,https://linkedopendata.eu/entity/Q3279327,"46.054328329124,14.562956200712",163,"Promoting social integration of people at risk of poverty or social exclusion, including the most deprived and children",,,PO04,Social Europe,ESO4.12,ESO4.12,ESF+,European Social Fund Plus,2021SI16FFPR001,EU Cohesion Policy - SI -  ERDF/CF/ESF+/JTF,,SI_061,Ljubljana,,,Osrednjeslovenska,,,SI041,2021-2027,"The project offers various preventive content and activities aimed primarily at families, individual family members, the elderly and other vulnerable groups. Multigenerational Centre+ (VGC+) is a central gathering place in the local environment, dedicated to socializing, maintaining or expanding the social network and empowering vulnerable groups. It is a preventive project involving educational, intercultural, intergenerational and other activities.","Projekt ponuja različne preventivne vsebine in aktivnosti, namenjene predvsem družinam, posameznim družinskim članom, starejšim in drugim ranljivim skupinam. Večgeneracijski center+ (VGC+) predstavlja osrednji prostor zbiranja v lokalnem okolju, namenjen druženju, ohranjanju oziroma širjenju socialne mreže ter opolnomočenju ranljivih skupin. Gre za preventivni projekt, ki vključuje izobraževalne, medkulturne, medgeneracijske in druge dejavnosti.",,,,,SI
https://linkedopendata.eu/entity/Q7501424,2021SI16FFPR001_OP27.00238,Production of OCPS Municipality of Komenda,Izdelava OCPS Občine Komenda,Slovenia,01/01/2023,31/12/2025,85.0,40000.0,EUR,34000.0,https://linkedopendata.eu/entity/Q7501090,"46.202784480764,14.541386557659",109,Multimodal transport (not urban),,,PO03,Connected Europe,RSO3.2,RSO3.2,CF,Cohesion Fund,2021SI16FFPR001,EU Cohesion Policy - SI -  ERDF/CF/ESF+/JTF,,SI_164,Komenda,,,Osrednjeslovenska,,,SI041,2021-2027,Production of OCPS Municipality of Komenda,Izdelava OCPS Občine Komenda,,,,,SI
https://linkedopendata.eu/entity/Q7501420,2021SI16FFPR001_OP27.00234,Production of OCPS of the Municipality of Brezovica,Izdelava OCPS občine Brezovica,Slovenia,01/01/2023,31/12/2025,85.0,40000.0,EUR,34000.0,https://linkedopendata.eu/entity/Q3279940,"45.948109931948,14.42463726634",109,Multimodal transport (not urban),,,PO03,Connected Europe,RSO3.2,RSO3.2,CF,Cohesion Fund,2021SI16FFPR001,EU Cohesion Policy - SI -  ERDF/CF/ESF+/JTF,,SI_008,Brezovica,,,Osrednjeslovenska,,,SI041,2021-2027,Production of OCPS of the Municipality of Brezovica,Izdelava OCPS občine Brezovica,,,,,SI
https://linkedopendata.eu/entity/Q7501279,2021SI16FFPR001_OP27.00083,"With youth work against precariousness of young people - pilot project - MCDD Slovenske Konjice, so.p.","Z mladinskim delom proti prekarnosti mladih - pilotni projekt - MCDD Slovenske Konjice, so.p.",Slovenia,01/06/2024,31/12/2026,85.0,87060.4,EUR,74001.34,https://linkedopendata.eu/entity/Q3279255,"46.322620925742,15.46130436839",136,Specific support for youth employment and socio-economic integration of young people,,,PO04,Social Europe,ESO4.1,ESO4.1,ESF+,European Social Fund Plus,2021SI16FFPR001,EU Cohesion Policy - SI -  ERDF/CF/ESF+/JTF,,SI_114,Slovenske Konjice,,,Savinjska,,,SI034,2021-2027,"With youth work against precariousness of young people - pilot project - MCDD Slovenske Konjice, so.p.","Z mladinskim delom proti prekarnosti mladih - pilotni projekt - MCDD Slovenske Konjice, so.p.",,,,,SI
https://linkedopendata.eu/entity/Q7501297,2021SI16FFPR001_OP27.00108,"Youth work against youth precariousness - pilot project - SLOAM, Youth Agency","Z mladinskim delom proti prekarnosti mladih - pilotni projekt - SLOAM, Agencija za mlade",Slovenia,01/06/2024,31/12/2026,40.0,87060.4,EUR,34824.16,https://linkedopendata.eu/entity/Q3280497,"45.50973901972,13.838311218974",136,Specific support for youth employment and socio-economic integration of young people,,,PO04,Social Europe,ESO4.1,ESO4.1,ESF+,European Social Fund Plus,2021SI16FFPR001,EU Cohesion Policy - SI -  ERDF/CF/ESF+/JTF,,SI_050,Koper/Capodistria,,,Obalno-kraška,,,SI044,2021-2027,"Youth work against youth precariousness - pilot project - SLOAM, Youth Agency","Z mladinskim delom proti prekarnosti mladih - pilotni projekt - SLOAM, Agencija za mlade",,,,,SI
https://linkedopendata.eu/entity/Q7501657,2021SI16FFPR001_OP27.00499,ECOC GO!2025 - SUPER 8,EPK GO!2025 - SUPER 8,Slovenia,01/06/2023,31/12/2025,40.0,1803264.7,EUR,721305.88,https://linkedopendata.eu/entity/Q3278960,"45.980403826643,13.74051888786",169,"Territorial development initiatives, including preparation of territorial strategies",,,PO05,Europe closer to citizens,RSO5.1,RSO5.1,ERDF,European Regional Development Fund,2021SI16FFPR001,EU Cohesion Policy - SI -  ERDF/CF/ESF+/JTF,,SI_084,Nova Gorica,,,Goriška,,,SI043,2021-2027,"The main purpose of the project is to establish a versatile urban space, a new community centre that will connect cultural and artistic contents with local gastronomy. The Super 8 will be a versatile space that will serve as a playful cultural venue, as well as a pleasant and lively gathering place for people of all generations in the border degraded area. The Super 8 offer will consist of a gourmet, experiential and educational set. The centre will include a flexible gourmet bistro, a bar, a gallery, a stage, a living room, a market and a cultural library (a library of printed, audio, video and other digital content). All structures will be modular and the centre will be open for co-creation. This will inject new cultural, creative and urban content into the border area for all generations of inhabitants in order to promote integrated and inclusive social, economic and environmental development and sustainable tourism in the urban area. The project will contribute 1,543 m2 of renovated free and underused areas.","Osnovni namen projekta je vzpostavitev vsestranskega urbanega prostora, novega skupnostnega centra, ki bo povezoval kulturne in umetniške vsebine z lokalno gastronomijo. Super 8 bo vsestranski prostor, ki bo služil kot igrivo kulturno prizorišče ter tudi prijetno in živahno zbirališče za ljudi vseh generacij na obmejnem degradiranem območju. Ponudbo Super 8 bosta tvorila gurmanski ter doživljajski in izobraževalni sklop. Center bo vključeval prilagodljivi gurmanski bistro, bar, galerijo, oder, dnevno sobo, tržnico in kulturoteko (knjižnico tiskanih, avdio, video in drugih digitalnih vsebin). Vse strukture bodo modularne in center bo odprt za soustvarjanje. S tem se bo območju ob meji vlilo novih kulturnih, ustvarjalnih in urbanotvornih vsebin za vse generacije prebivalcev z namenom spodbujanja celostnega in vključujočega socialnega, gospodarskega in okoljskega razvoja ter trajnostnega turizma na mestnem območju. Projekt bo prispeval1.543 m2 prenovljenih prostih in slabo izkoriščenih površin.",,,,,SI
https://linkedopendata.eu/entity/Q7501712,2021SI16FFPR001_OP27.00571,CTN Arrangement of the Barjanska cesta road from Ziherlova cesta to the connection to the southern motorway,CTN Ureditev Barjanske ceste od Ziherlove ceste do priključka na južno avtocesto,Slovenia,29/03/2023,31/12/2026,40.0,3125000.0,EUR,1250000.0,https://linkedopendata.eu/entity/Q3279971,"46.1,14.15",083,Cycling infrastructure,,,PO02,"Greener, carbon-free Europe",RSO2.8,RSO2.8,ERDF,European Regional Development Fund,2021SI16FFPR001,EU Cohesion Policy - SI -  ERDF/CF/ESF+/JTF,,,,,Western Slovenia,,,SI04,,2021-2027,"The project envisages the reconstruction of the Barjanska cesta road in Ljubljana, more precisely the section between Ziherl Street in the north and the connection to the southern motorway in the south. In addition to the reconstruction of the road, the reconstruction of the existing meteor sewerage in the area and the expansion of the existing bridge over Mali Graben are also planned. The planned reconstruction of the Barjanska cesta road includes the narrowing of the city road with the inclusion of yellow lanes for urban public transport vehicles, an intermediate greenery, as well as a two-way bicycle path and a two-way pedestrian corridor. At the intersection of the Barjanska cesta road and the connection to the AC at P+R Barje, a new spiral roundabout is planned, which will increase the flow of the connection. Bus stops are provided on the carriageway. The reconstruction of the Barjanska cesta road with an appropriate arrangement of PPP connections, cycling and walking surfaces is therefore extremely important in ensuring connectivity according to the function of different areas of the city of Ljubljana and enables better sustainable mobility of infrastructure users, and in this way the City of Ljubljana will also make an important contribution to the development of sustainable mobility.","Projekt predvideva rekonstrukcijo Barjanske ceste v Ljubljani, natančneje odsek med Ziherlovo ulico na severu in priključkom na južno avtocesto na jugu. Poleg rekonstrukcije ceste je predvidena še obnova obstoječe meteorne kanalizacije na tem območju ter širitev obstoječega mostu čez Mali Graben. Predvidena rekonstrukcija Barjanske ceste vključuje zožitev mestne ceste z vključitvijo rumenih pasov za vozila mestnega javnega potniškega prometa, vmesno zelenico, ter dvosmerno kolesarsko stezo in dvosmerni hodnik za pešce. Na križišču Barjanske ceste in priključka na AC pri P+R Barje je predvideno novo spiralno krožišče, ki bo povečalo pretočnost priključka. Avtobusna postajališča so predvidena na vozišču. Rekonstrukcija Barjanske ceste s primerno ureditvijo JPP povezav, kolesarskih in peš površin je torej izrednega pomena pri zagotavljanju povezanosti po funkciji različnih območij mesta Ljubljane ter omogoča boljšo trajnostno mobilnost uporabnikov infrastrukture, MOL pa bo na ta način tudi pomembno prispevala k razvoju trajnostne mobilnosti.",,,,,SI
https://linkedopendata.eu/entity/Q7501682,2021SI16FFPR001_OP27.00541,OC-HULL robot for deburring underwater parts of large ships,OC-HULL robot za odstanjevanje obrasti podvodnega dela velikih ladij,Slovenia,14/03/2025,31/03/2027,40.0,72000.0,EUR,28800.0,https://linkedopendata.eu/entity/Q7501173,"45.50973901972,13.838311218974",025,"Incubation, support to spin offs and spin outs and start ups",,,PO01,Smarter Europe,RSO1.3,RSO1.3,ERDF,European Regional Development Fund,2021SI16FFPR001,EU Cohesion Policy - SI -  ERDF/CF/ESF+/JTF,,SI_050,Koper/Capodistria,,,Obalno-kraška,,,SI044,2021-2027,"Oceanik Tech d.o.o. is developing an innovative autonomous OC-HULL hull cleaning robot, which enables shipowners to significantly reduce fuel consumption and eliminate the need for toxic anti-vegetative coatings. In doing so, the robot contributes to the protection of the marine ecosystem and lower costs for shipowners. The problem addressed is the large-scale biological growth on hulls, which increases fuel costs by up to 40%, while increasing the risk of transmission of alien marine species.","Podjetje Oceanik Tech d.o.o. razvija inovativen avtonomni robot OC-HULL za čiščenje ladijskih trupov, ki ladjarjem omogoča znatno zmanjšanje porabe goriva ter odpravo potrebe po toksičnih protivegetativnih premazih. S tem robot prispeva k varovanju morskega ekosistema in nižjim stroškom ladjarjev. Naslovljeni problem je obsežna biološka obrast na ladijskih trupih, zaradi katere se stroški za gorivo povišajo tudi do 40 %, obenem pa se poveča tveganje za prenos tujerodnih morskih vrst.",,,,,SI
https://linkedopendata.eu/entity/Q7501330,2021SI16FFPR001_OP27.00147,Production of OCPS of the Municipality of Škofljica,Izdelava OCPS Občine Škofljica,Slovenia,01/01/2023,30/06/2025,85.0,40000.0,EUR,34000.0,https://linkedopendata.eu/entity/Q3278964,"45.965579531512,14.573754938548",109,Multimodal transport (not urban),,,PO03,Connected Europe,RSO3.2,RSO3.2,CF,Cohesion Fund,2021SI16FFPR001,EU Cohesion Policy - SI -  ERDF/CF/ESF+/JTF,,SI_123,Škofljica,,,Osrednjeslovenska,,,SI041,2021-2027,Production of OCPS of the Municipality of Škofljica,Izdelava OCPS Občine Škofljica,,,,,SI
https://linkedopendata.eu/entity/Q7501304,2021SI16FFPR001_OP27.00118,Youth work against youth precariousness - pilot project - Zavod Mladinski center Kotlovnica Kamnik,Z mladinskim delom proti prekarnosti mladih - pilotni projekt - Zavod Mladinski center Kotlovnica Kamnik,Slovenia,01/06/2024,31/12/2026,40.0,87060.4,EUR,34824.16,https://linkedopendata.eu/entity/Q3280509,"46.257162654201,14.676958022015",136,Specific support for youth employment and socio-economic integration of young people,,,PO04,Social Europe,ESO4.1,ESO4.1,ESF+,European Social Fund Plus,2021SI16FFPR001,EU Cohesion Policy - SI -  ERDF/CF/ESF+/JTF,,SI_043,Kamnik,,,Osrednjeslovenska,,,SI041,2021-2027,Youth work against youth precariousness - pilot project - Zavod Mladinski center Kotlovnica Kamnik,Z mladinskim delom proti prekarnosti mladih - pilotni projekt - Zavod Mladinski center Kotlovnica Kamnik,,,,,SI
https://linkedopendata.eu/entity/Q7501477,2021SI16FFPR001_OP27.00291,Competences for the Digital World of Adults - KDSO,Kompetence za digitalni svet odraslih - KDSO,Slovenia,23/02/2024,31/10/2025,55.69,559300.0,EUR,311492.5,https://linkedopendata.eu/entity/Q7501101,"46.1,14.15|46.08333333,15.45",018,IT services and applications for digital skills and digital inclusion,,,PO01,Smarter Europe,RSO1.2,RSO1.2,ERDF,European Regional Development Fund,2021SI16FFPR001,EU Cohesion Policy - SI -  ERDF/CF/ESF+/JTF,,,,,Western Slovenia|Eastern Slovenia,,,SI04|SI03,,2021-2027,"The notified operation covers the implementation of a total of 238 training courses (111 in 2024 and 127 in 2025) and is divided into 2 programmes: a) Basic Digital Competences Programme covering 47 content sets and 91 individual courses. Each training includes 21 competences according to DigComp 2.2. b) Advanced Digital Competences Program, which includes 40 content sets and 147 trainings. Each training includes 21 competences according to DigComp 2.2.","Prijavljena operacija zajema izvedbo skupno 238 izobraževanj (111 v letu 2024 in 127 v letu 2025) in se deli na 2 programa: a) Program za osnovne digitalne kompetence, ki zajema 47 vsebinskih sklopov in 91 posameznih izobraževanj. Vsako izobraževanje zajema 21 kompetenc po DigComp 2.2. b) Program za napredne digitalne kompetence, ki zajema 40 vsebinskih sklopov in 147 izobraževanj. Vsako izobraževanje zajema 21 kompetenc po DigComp 2.2.",,,,,SI
https://linkedopendata.eu/entity/Q7501736,2021SI16FFPR001_OP27.00618,Measures to promote collective bargaining and strengthen employee advocacy and representation,Ukrepi za spodbujanje kolektivnega dogovarjanja in krepitve zagovorništva in predstavništva zaposlenih,Slovenia,01/07/2025,31/10/2029,85.0,3770000.0,EUR,3204500.0,https://linkedopendata.eu/entity/Q3279056,"46.054328329124,14.562956200712",147,Measures encouraging active and healthy ageing,,,PO04,Social Europe,ESO4.4,ESO4.4,ESF+,European Social Fund Plus,2021SI16FFPR001,EU Cohesion Policy - SI -  ERDF/CF/ESF+/JTF,,SI_061,Ljubljana,,,Osrednjeslovenska,,,SI041,2021-2027,"The key purpose of the project is to provide education, information, counselling and analysis services to strengthen collective bargaining in the Republic of Slovenia. In cooperation with workers' representatives, social partners and civil society, the project seeks to improve the competences of social partners to strengthen workers' representation and enable better and more effective collective bargaining. At the same time, it aims to empower civil society in organising and raising awareness of employees’ rights, thus having a positive impact on working conditions, labour rights and improving job quality.","Ključni namen projekta je zagotavljanje storitev izobraževanja, informiranja, svetovanja in opravljanja analiz za krepitev kolektivnega dogovarjanja v Republiki Sloveniji. V sodelovanju z delavskimi zastopniki, socialnimi partnerji in civilno družbo si projekt prizadeva izboljšati kompetence socialnih partnerjev za okrepitev delavskega predstavništva ter omogočiti boljša in učinkovitejša kolektivna pogajanja. Hkrati želi opolnomočiti civilno družbo na področju organiziranja in ozaveščanja o pravicah zaposlenih, s čimer pozitivno vpliva na delovne pogoje, pravice iz dela ter izboljšanje kakovosti delovnih mest.",,,,,SI
https://linkedopendata.eu/entity/Q7501691,2021SI16FFPR001_OP27.00550,LoungerLock - sun lounger reservation system,LoungerLock – sistem rezervacije ležalnikov,Slovenia,14/03/2025,31/03/2027,40.0,72000.0,EUR,28800.0,https://linkedopendata.eu/entity/Q7501183,"46.054328329124,14.562956200712",025,"Incubation, support to spin offs and spin outs and start ups",,,PO01,Smarter Europe,RSO1.3,RSO1.3,ERDF,European Regional Development Fund,2021SI16FFPR001,EU Cohesion Policy - SI -  ERDF/CF/ESF+/JTF,,SI_061,Ljubljana,,,Osrednjeslovenska,,,SI041,2021-2027,"The project concerns the development of a sun lounger reservation system - LoungeLock. The system includes (cheap) hardware on each deckchair and software (on guests' phones, hotel reception for system management).","Projekt se nanaša na razvoj sistema rezervacije ležalnikov – LoungeLock. Sistem vključuje (poceni) strojno opremo na vsakem ležalniku in programsko opremo (na telefonih gostov, recepciji hotela za upravljanje sistema).",,,,,SI
https://linkedopendata.eu/entity/Q7501732,2021SI16FFPR001_OP27.00611,Development Axis 3 – North: Velenje-Slovenj Gradec: Lot B – Lake Škalsko and Lot H – Konovo,3. razvojna os – sever: Velenje–Slovenj Gradec: sklop B – Škalsko jezero in sklop H – Konovo,Slovenia,18/01/2023,30/04/2026,85.0,57624218.0,EUR,48980585.3,https://linkedopendata.eu/entity/Q3278939,"46.08333333,15.45",089,Newly built or upgraded secondary road links to TEN-T road network and nodes,,,PO03,Connected Europe,RSO3.2,RSO3.2,ERDF,European Regional Development Fund,2021SI16FFPR001,EU Cohesion Policy - SI -  ERDF/CF/ESF+/JTF,,,,,Eastern Slovenia,,,SI03,,2021-2027,"The subject of the application is the construction of two sets (Lot B – Škalsko jezero and Lot H – Konovo) of a new express road (HC) of the 3rd development axis in the north, Section 2: Velenje-Slovenj Gradec with the aim of shortening travel times, shifting long-distance traffic and increasing traffic safety, reducing negative environmental impacts and speeding up the development of the Carinthia region. The new HC is connected to the core TEN-T network.","Predmet vloge je gradnja dveh sklopov (sklop B – Škalsko jezero in sklop H – Konovo) nove hitre ceste (HC) 3. razvojne osi na severu, 2. odsek: Velenje–Slovenj Gradec z namenom skrajšanja potovalnih časov, prestavitve daljinskega prometa in povečanja prometne varnosti ter zmanjšanje negativnih vplivov na okolje ter pospešiti razvoj Koroške regije. Nova HC se navezuje na jedrno TEN-T omrežje.",,,,,SI
https://linkedopendata.eu/entity/Q7501461,2021SI16FFPR001_OP27.00275,Production of OCPS of the Municipality of Tržič,Izdelava OCPS Občine Tržič,Slovenia,01/01/2023,30/06/2025,85.0,40000.0,EUR,34000.0,https://linkedopendata.eu/entity/Q3278958,"46.388496339253,14.33072355462",109,Multimodal transport (not urban),,,PO03,Connected Europe,RSO3.2,RSO3.2,CF,Cohesion Fund,2021SI16FFPR001,EU Cohesion Policy - SI -  ERDF/CF/ESF+/JTF,,SI_131,Tržič,,,Gorenjska,,,SI042,2021-2027,Production of OCPS of the Municipality of Tržič,Izdelava OCPS Občine Tržič,,,,,SI
https://linkedopendata.eu/entity/Q7501200,2021SI16FFPR001_OP27.00007,Implementation of EURES and ALMA,Izvajanje mreže EURES in iniciative ALMA,Slovenia,01/11/2023,31/10/2028,71.5,6000000.0,EUR,4290000.0,https://linkedopendata.eu/entity/Q3278938,"46.054328329124,14.562956200712",139,Measures to modernise and strengthen labour market institutions and services to assess and anticipate skills needs and to ensure timely and tailor-made assistance,,,PO04,Social Europe,ESO4.2,ESO4.2,ESF+,European Social Fund Plus,2021SI16FFPR001,EU Cohesion Policy - SI -  ERDF/CF/ESF+/JTF,,SI_061,Ljubljana,,,Osrednjeslovenska,,,SI041,2021-2027,"The purpose of the project is to provide advice on transnational labour mobility, especially for young people, through EURES services. The project enables a focus on service users by providing fast and quality (digital) EURES services, connecting labour market institutions to match supply and demand (EURES partnership cooperation at national and European level), transparency (access to job vacancies on the EURES portal) and enhancing the professionalism of EURES advisers (training).","Namen projekta je svetovanje za transnacionalno mobilnost delovne sile, zlasti mladih, preko storitev EURES. Projekt omogoča osredotočenost na uporabnike storitev z zagotavljanem hitrih in kakovostnih (digitalnih) storitev EURES, povezovanje institucij na trgu dela z namenom usklajevanja ponudbe in povpraševanja (partnersko sodelovanje EURES na nacionalni in evropski ravni), transparentnost (dostopnost prostih delovnih mest na portalu EURES) ter krepitev strokovnosti svetovalcev EURES (usposabljanje).",,,,,SI
https://linkedopendata.eu/entity/Q7501286,2021SI16FFPR001_OP27.00098,Youth work against youth precariousness - pilot project - Zagorje ob Savi Youth Centre,Z mladinskim delom proti prekarnosti mladih - pilotni projekt - Mladinski center Zagorje ob Savi,Slovenia,01/06/2024,31/12/2026,85.0,87060.4,EUR,74001.34,https://linkedopendata.eu/entity/Q3279700,"46.133890757994,14.951220963977",136,Specific support for youth employment and socio-economic integration of young people,,,PO04,Social Europe,ESO4.1,ESO4.1,ESF+,European Social Fund Plus,2021SI16FFPR001,EU Cohesion Policy - SI -  ERDF/CF/ESF+/JTF,,SI_142,Zagorje ob Savi,,,Zasavska,,,SI035,2021-2027,Youth work against youth precariousness - pilot project - Zagorje ob Savi Youth Centre,Z mladinskim delom proti prekarnosti mladih - pilotni projekt - Mladinski center Zagorje ob Savi,,,,,SI
https://linkedopendata.eu/entity/Q7501585,2021SI16FFPR001_OP27.00403,Governance for the Dolenjska and Bela krajina Local Action Groups for the 2021-2027 programming period,Upravljanje za lokalno akcijsko skupino Dolenjska in Bela krajina za programsko obdobje 2021–2027,Slovenia,01/01/2024,30/09/2029,85.0,250000.0,EUR,212500.0,https://linkedopendata.eu/entity/Q3279144,"45.7217251,14.9013822",169,"Territorial development initiatives, including preparation of territorial strategies",,,PO05,Europe closer to citizens,RSO5.2,RSO5.2,ERDF,European Regional Development Fund,2021SI16FFPR001,EU Cohesion Policy - SI -  ERDF/CF/ESF+/JTF,,,,,,Jugovzhodna Slovenija,,,SI037,2021-2027,"Support for the management of the LAG is intended to co-finance the costs incurred in the management and operation of the LAG, including monitoring and evaluation of the approved SLR, animation of the LAG area and assistance to potential beneficiaries for developing project ideas and preparing projects.","Podpora za upravljanje LAS je namenjena za sofinanciranje stroškov, ki so nastali pri upravljanju in delovanju LAS, vključno s spremljanjem in vrednotenjem odobrene SLR, animacijo območja LAS in pomoči morebitnim upravičencem za razvijanje projektnih idej in pripravo projektov.",,,,,SI
https://linkedopendata.eu/entity/Q7501558,2021SI16FFPR001_OP27.00375,"Social activation ""AS-Activate yourself!""",Socialna aktivacija »AS-Aktiviraj Se!«,Slovenia,01/09/2024,31/08/2027,85.0,799995.0,EUR,679995.75,https://linkedopendata.eu/entity/Q3279100,"46.08333333,15.45",153,Pathways to integration and re-entry into employment for disadvantaged people,,,PO04,Social Europe,ESO4.8,ESO4.8,ESF+,European Social Fund Plus,2021SI16FFPR001,EU Cohesion Policy - SI -  ERDF/CF/ESF+/JTF,,,,,Eastern Slovenia,,,SI03,,2021-2027,"The main objective of the AS-Activate Se! project will be the implementation of quality social activation programmes, which will enable the empowerment and activation of individuals through mandatory contents determined by the call and newly developed activities adapted on the basis of past good practices and current needs of participants. We will implement an in-depth individualization based on an assessment of the needs of each individual participant. This will allow intervention strategies and support services to be adapted to the specific circumstances and needs of the individual, which we believe will increase the efficiency of the implementation of each programme. Our goal is to ensure that every person involved in the project receives a personalized treatment that not only addresses their current needs, but also encourages the development of long-term skills necessary for active participation in society. This will include individual learning and development plans drawn up in cooperation with the participants and will include objectives in the fields of education, employment and personal development. In addition, we will set up a support system that includes regular progress evaluations, mentoring and coaching, as well as providing information and links to multidisciplinary professionals such as social workers, career counsellors and psychologists. This support will be tailored to the individual, as we want to promote the autonomy of the participants, while at the same time providing them with the necessary assistance in overcoming the obstacles to successful reintegration into the local environment. As part of the implementation of the project, we will further build on existing cooperation with local and regional stakeholders, including educational institutions, municipalities, NGOs and multigenerational centres, as well as with labour market stakeholders such as businesses and social enterprises. This broad network of cooperation will ensure an integrated approach to the social inclusion of the target group through a wide range of lifelong learning activities, with a focus on tolerant and equal treatment.","Glavni cilj projekta AS-Aktiviraj Se! bo izvedba kakovostnih programov socialne aktivacije, ki bodo z obveznimi vsebinami, določenimi z razpisom, ter novo razvitimi aktivnostmi, prilagojenimi na podlagi preteklih dobrih praks in aktualnih potreb udeležencev, omogočili opolnomočenje in aktivacijo posameznikov. Implementirali bomo poglobljen individualiziran, ki bo temeljil na oceni potreb vsakega posameznega udeleženca. Tako bomo omogočili, da se intervencijske strategije in podporne storitve prilagodijo specifičnim okoliščinam in potrebam posameznika, s čimer menimo, da se bo povečala učinkovitost same izvedbe posameznega programa. Naš cilj je zagotoviti, da je vsaka oseba, vključena v projekt, deležna personalizirane obravnave, ki ne naslavlja samo njene trenutne potrebe, ampak tudi spodbuja razvoj dolgoročnih veščin potrebnih za aktivno udeležbo v družbi. To bo vključevalo individualne načrte učenja in razvoja, ki bodo sestavljeni v sodelovanju z udeleženci, ter bodo vključevali cilje na področju izobraževanja, zaposlitve in osebnega razvoja. Poleg tega bomo vzpostavili sistem podpore, ki bo vključeval redne evalvacije napredka, mentorstvo in coaching, ter nudenje informacij in povezav do multidisciplinarnih strokovnjakov, kot so socialni delavci, karierni svetovalci in psihologi. Ta podpora bo prilagojena posamezniku, saj želimo spodbujati samostojnost udeležencev, hkrati pa jim zagotoviti potrebno pomoč pri premagovanju ovir za uspešno reintegracijo v lokalno okolje. V okviru izvajanja projekta bomo še nadgradili obstoječa sodelovanja z lokalnimi in regionalnimi deležniki, vključno z izobraževalnimi ustanovami, občinami, nevladnimi organizacijami in večgeneracijskimi centri, pa tudi z deležniki na trgu dela, kot so podjetja in socialna podjetja. Ta široka mreža sodelovanja bo zagotovila celostni pristop k socialni vključenosti ciljne skupine skozi raznovrstne aktivnosti vseživljenjskega učenja, pri čemer bo v ospredju strmenje k strpni in enakopravni obravnavi.",,,,,SI
https://linkedopendata.eu/entity/Q7501372,2021SI16FFPR001_OP27.00185,Production of OCPS of the Municipality of Šentjur,Izdelava OCPS Občine Šentjur,Slovenia,01/01/2023,30/06/2025,85.0,43000.0,EUR,36550.0,https://linkedopendata.eu/entity/Q3278948,"46.189356194618,15.424484650827",109,Multimodal transport (not urban),,,PO03,Connected Europe,RSO3.2,RSO3.2,CF,Cohesion Fund,2021SI16FFPR001,EU Cohesion Policy - SI -  ERDF/CF/ESF+/JTF,,SI_120,Šentjur,,,Savinjska,,,SI034,2021-2027,Production of OCPS of the Municipality of Šentjur,Izdelava OCPS Občine Šentjur,,,,,SI
https://linkedopendata.eu/entity/Q7501412,2021SI16FFPR001_OP27.00226,"Production of the OCPS of the Municipality of Lenart, Sveta Ana and Sveti Jurij in Slovenske Gorice","Izdelava OCPS Občine Lenart, Sveta Ana in Sveti Jurij v Slovenskih Goricah",Slovenia,01/01/2023,31/12/2025,85.0,96000.0,EUR,81600.0,https://linkedopendata.eu/entity/Q3278932,"46.557354493901,15.818782819655",109,Multimodal transport (not urban),,,PO03,Connected Europe,RSO3.2,RSO3.2,CF,Cohesion Fund,2021SI16FFPR001,EU Cohesion Policy - SI -  ERDF/CF/ESF+/JTF,,SI_058,Lenart,,,Podravska,,,SI032,2021-2027,"Production of the OCPS of the Municipality of Lenart, Sveta Ana and Sveti Jurij in Slovenske Gorice","Izdelava OCPS Občine Lenart, Sveta Ana in Sveti Jurij v Slovenskih Goricah",,,,,SI
https://linkedopendata.eu/entity/Q7501367,2021SI16FFPR001_OP27.00180,Production of OCPS of the municipality of Log - Dragomer,Izdelava OCPS občine Log - Dragomer,Slovenia,01/01/2023,31/12/2025,85.0,28000.0,EUR,23800.0,https://linkedopendata.eu/entity/Q3279968,"46.014503689952,14.374039418211",109,Multimodal transport (not urban),,,PO03,Connected Europe,RSO3.2,RSO3.2,CF,Cohesion Fund,2021SI16FFPR001,EU Cohesion Policy - SI -  ERDF/CF/ESF+/JTF,,SI_208,Log - Dragomer,,,Osrednjeslovenska,,,SI041,2021-2027,Production of OCPS of the municipality of Log - Dragomer,Izdelava OCPS občine Log - Dragomer,,,,,SI
https://linkedopendata.eu/entity/Q7501293,2021SI16FFPR001_OP27.00104,Youth work against youth precariousness - pilot project - MC Idrija Association,Z mladinskim delom proti prekarnosti mladih - pilotni projekt - Zveza MC Idrija,Slovenia,01/06/2024,31/12/2026,40.0,87060.4,EUR,34824.16,https://linkedopendata.eu/entity/Q3280327,"45.989188575345,14.004498047075",136,Specific support for youth employment and socio-economic integration of young people,,,PO04,Social Europe,ESO4.1,ESO4.1,ESF+,European Social Fund Plus,2021SI16FFPR001,EU Cohesion Policy - SI -  ERDF/CF/ESF+/JTF,,SI_036,Idrija,,,Goriška,,,SI043,2021-2027,Youth work against youth precariousness - pilot project - MC Idrija Association,Z mladinskim delom proti prekarnosti mladih - pilotni projekt - Zveza MC Idrija,,,,,SI
https://linkedopendata.eu/entity/Q7501402,2021SI16FFPR001_OP27.00216,Integrated transport strategy,Celostna prometna strategija,Slovenia,01/01/2023,31/12/2025,85.0,40000.0,EUR,34000.0,https://linkedopendata.eu/entity/Q3279942,"46.603818573978,15.243382364892",109,Multimodal transport (not urban),,,PO03,Connected Europe,RSO3.2,RSO3.2,CF,Cohesion Fund,2021SI16FFPR001,EU Cohesion Policy - SI -  ERDF/CF/ESF+/JTF,,SI_101,Radlje ob Dravi,,,Koroška,,,SI033,2021-2027,Integrated transport strategy,Celostna prometna strategija,,,,,SI
https://linkedopendata.eu/entity/Q7501198,2021SI16FFPR001_OP27.00012,RaSTKo - Developing skills and foundation of competences,RaSTKo - Razvoj spretnosti in temeljih kompetenc,Slovenia,13/10/2023,30/06/2029,40.0,1427693.5,EUR,571077.4,https://linkedopendata.eu/entity/Q3280052,"46.254781094051,14.334073802693",151,Support for adult education (excluding infrastructure),,,PO04,Social Europe,ESO4.7,ESO4.7,ESF+,European Social Fund Plus,2021SI16FFPR001,EU Cohesion Policy - SI -  ERDF/CF/ESF+/JTF,,SI_052,Kranj,,,Gorenjska,,,SI042,2021-2027,RaSTKo - Developing skills and foundation of competences,RaSTKo - Razvoj spretnosti in temeljih kompetenc,,,,,SI
https://linkedopendata.eu/entity/Q7501468,2021SI16FFPR001_OP27.00282,DigiZvem,DigiZvem,Slovenia,23/02/2024,31/10/2025,67.16,260850.0,EUR,175192.5,https://linkedopendata.eu/entity/Q3279107,"46.1,14.15|46.08333333,15.45",018,IT services and applications for digital skills and digital inclusion,,,PO01,Smarter Europe,RSO1.2,RSO1.2,ERDF,European Regional Development Fund,2021SI16FFPR001,EU Cohesion Policy - SI -  ERDF/CF/ESF+/JTF,,,,,Western Slovenia|Eastern Slovenia,,,SI04|SI03,,2021-2027,The educational programme for basic and advanced digital competences will cover the following topics: Session 1: Information and data literacy Session 2: Communication and cooperation Session 3: Creation of digital content Cluster 4: Security Session 5: Solving problems,Izobraževalni program za osnovne in napredne digitalne kompetence bo pokrival naslednje vsebine: 1. sklop: Informacijska in podatkovne pismenosti 2. sklop: Komuniciranje in sodelovanje 3. sklop: Ustvarjanje digitalnih vsebin 4. sklop: Varnost 5. sklop: Reševanje težav,,,,,SI
https://linkedopendata.eu/entity/Q7501339,2021SI16FFPR001_OP27.00152,"Production of OCPS in 5 municipalities in Prekmurje - M. Toplice, Beltinci, Puconci, Tišina, Turnišče","Izdelava OCPS v 5 občinah v Prekmurju - M. Toplice, Beltinci, Puconci, Tišina, Turnišče",Slovenia,01/01/2023,31/12/2025,85.0,152000.0,EUR,129200.0,https://linkedopendata.eu/entity/Q3282028,"46.709483807451,16.270282729975",109,Multimodal transport (not urban),,,PO03,Connected Europe,RSO3.2,RSO3.2,CF,Cohesion Fund,2021SI16FFPR001,EU Cohesion Policy - SI -  ERDF/CF/ESF+/JTF,,SI_078,Moravske Toplice,,,Pomurska,,,SI031,2021-2027,"Production of OCPS in 5 municipalities in Prekmurje - M. Toplice, Beltinci, Puconci, Tišina, Turnišče","Izdelava OCPS v 5 občinah v Prekmurju - M. Toplice, Beltinci, Puconci, Tišina, Turnišče",,,,,SI
https://linkedopendata.eu/entity/Q7501526,2021SI16FFPR001_OP27.00341,Automatic feeding systems,Sistemi za avtomatsko krmljenje,Slovenia,29/03/2024,31/03/2026,40.0,72000.0,EUR,28800.0,https://linkedopendata.eu/entity/Q7501128,"46.563226869974,15.627324811128",025,"Incubation, support to spin offs and spin outs and start ups",,,PO01,Smarter Europe,RSO1.3,RSO1.3,ERDF,European Regional Development Fund,2021SI16FFPR001,EU Cohesion Policy - SI -  ERDF/CF/ESF+/JTF,,SI_070,Maribor,,,Podravska,,,SI032,2021-2027,"The operation concerns the development of an innovative system for automatic feeding of livestock MU Line, which is suitable for every shed. The company's knowledge has a positive impact on reducing energy consumption and reducing emissions of harmful substances.","Operacija se nanaša na razvoj inovativnega sistema za avtomatsko krmljenje živine MU Line, ki je primeren za vsak hlev. Podukt podjetja ima pozitiven vpliv na manjšo porabo energije in na zmanjšanje izpustov škodljivih snovi.",,,,,SI
https://linkedopendata.eu/entity/Q7501599,2021SI16FFPR001_OP27.00417,Management for the Local Action Group of the Škofja Loka Mountains in the period 2021-2027,Upravljanje za lokalno akcijsko skupino loškega pogorja v obdobju 2021-2027,Slovenia,01/01/2024,30/09/2029,40.0,175075.8,EUR,70030.32,https://linkedopendata.eu/entity/Q3279116,"46.3167,14.15",169,"Territorial development initiatives, including preparation of territorial strategies",,,PO05,Europe closer to citizens,RSO5.2,RSO5.2,ERDF,European Regional Development Fund,2021SI16FFPR001,EU Cohesion Policy - SI -  ERDF/CF/ESF+/JTF,,,,,,Gorenjska,,,SI042,2021-2027,"Support for the management of the LAG is intended to co-finance the costs incurred in the management and operation of the LAG, including monitoring and evaluation of the approved SLR, animation of the LAG area and assistance to potential beneficiaries for developing project ideas and preparing projects.","Podpora za upravljanje LAS je namenjena za sofinanciranje stroškov, ki so nastali pri upravljanju in delovanju LAS, vključno s spremljanjem in vrednotenjem odobrene SLR, animacijo območja LAS in pomoči morebitnim upravičencem za razvijanje projektnih idej in pripravo projektov.",,,,,SI
https://linkedopendata.eu/entity/Q7501597,2021SI16FFPR001_OP27.00415,Management for the Local Action Group Zgornja Gorenjska - BOJA in the period 2021-2027,Upravljanje za lokalno akcijsko skupino Zgornja Gorenjska - BOJA v obdobju 2021-2027,Slovenia,01/01/2024,30/09/2029,40.0,306839.28,EUR,122735.71,https://linkedopendata.eu/entity/Q7501144,"46.3167,14.15",169,"Territorial development initiatives, including preparation of territorial strategies",,,PO05,Europe closer to citizens,RSO5.2,RSO5.2,ERDF,European Regional Development Fund,2021SI16FFPR001,EU Cohesion Policy - SI -  ERDF/CF/ESF+/JTF,,,,,,Gorenjska,,,SI042,2021-2027,"Support for the management of the LAG is intended to co-finance the costs incurred in the management and operation of the LAG, including monitoring and evaluation of the approved SLR, animation of the LAG area and assistance to potential beneficiaries for developing project ideas and preparing projects.","Podpora za upravljanje LAS je namenjena za sofinanciranje stroškov, ki so nastali pri upravljanju in delovanju LAS, vključno s spremljanjem in vrednotenjem odobrene SLR, animacijo območja LAS in pomoči morebitnim upravičencem za razvijanje projektnih idej in pripravo projektov.",,,,,SI
https://linkedopendata.eu/entity/Q7501474,2021SI16FFPR001_OP27.00288,Digi-Academy: Become a master of digital skills,Digi-Akademija: Postani mojster digitalnih veščin,Slovenia,23/02/2024,31/10/2025,40.0,399500.0,EUR,159800.0,https://linkedopendata.eu/entity/Q7501096,"46.1,14.15",018,IT services and applications for digital skills and digital inclusion,,,PO01,Smarter Europe,RSO1.2,RSO1.2,ERDF,European Regional Development Fund,2021SI16FFPR001,EU Cohesion Policy - SI -  ERDF/CF/ESF+/JTF,,,,,Western Slovenia,,,SI04,,2021-2027,"The Digi-Academy project has developed eight comprehensive educational programmes that systematically cover all five key areas of digital competence according to DigComp 2.2. Each program is carefully designed to meet the specific needs of target groups, which include adult residents of Slovenia over 30 years of age, especially employees in companies and public institutions. In total, the programmes are designed to address all 21 digital competences and include at least 11 different digital services, from e-government to online banking and protection against cyber threats. Programs include basic and advanced courses that enable participants to acquire or upgrade digital skills for successful functioning in a modern digitalized society.","V okviru projekta Digi-Akademija je razvitih osem celovitih izobraževalnih programov, ki sistematično pokrivajo vseh pet ključnih področij digitalnih kompetenc po DigComp 2.2. Vsak program je skrbno zasnovan, da ustreza specifičnim potrebam ciljnih skupin, ki vključujejo odrasle prebivalce Slovenije, starejše od 30 let, še posebej zaposlene v podjetjih in javnih inštitucijah. Skupno so programi oblikovani tako, da naslavljajo vseh 21 digitalnih kompetenc in vključujejo najmanj 11 različnih digitalnih storitev, od e-uprave do spletnega bančništva in zaščite pred kibernetskimi grožnjami. Programi obsegajo osnovne in napredne tečaje, ki omogočajo udeležencem, da pridobijo ali nadgradijo digitalne veščine za uspešno delovanje v sodobni digitalizirani družbi.",,,,,SI
https://linkedopendata.eu/entity/Q7501331,2021SI16FFPR001_OP27.00138,Small-value incentives via vouchers,Spodbude malih vrednosti preko vavčerjev,Slovenia,01/10/2023,30/11/2028,65.14,38510500.0,EUR,25083925.0,https://linkedopendata.eu/entity/Q3279978,"46,15",013|021,"Digitising SMEs (including e-Commerce, e-Business and networked business processes, digital innovation hubs, living labs, web entrepreneurs and ICT start-ups, B2B)|SME business development and internationalisation, including productive investments",,,PO01,Smarter Europe,RSO1.3,RSO1.3,ERDF,European Regional Development Fund,2021SI16FFPR001,EU Cohesion Policy - SI -  ERDF/CF/ESF+/JTF,,,,,,,,,,2021-2027,"The main purpose of the programme ""Small-value incentives through vouchers"" is the continuation of the system of granting small-value incentives, which will allow SMEs significantly simplified access to co-financing, with the help of which they will strengthen their competitiveness and competences, also in accordance with good foreign practices. Improved effects will be reflected in their faster growth. In this way, a higher share of SMEs' revenues in the revenues of the entire corporate sector can also be expected. This will remove perceived barriers that risk SMEs lagging behind in growth and development compared to larger companies. Increased survival rates and success rates of existing companies also influence the decisions of future or potential entrepreneurs about their own entrepreneurial path.","Osnovni namen programa »Spodbude malih vrednosti preko vavčerjev« je nadaljevanje sistema dodeljevanja spodbud malih vrednosti, ki bo MSP-jem omogočal bistveno poenostavljen dostop do sofinanciranja, s pomočjo katerih bodo le - ta krepila svojo konkurenčnost in kompetence, tudi skladno z dobrimi tujimi praksami. Izboljšani učinki se bodo odražali v njihovi hitrejši rasti. Na ta način je mogoče pričakovati tudi večji delež prihodkov MSP-jev v prihodkih celotnega podjetniškega sektorja. S tem bodo odstranjene zaznane ovire, iz katerih izhaja nevarnost, da bi prav MSP-ji začeli zaostajati v rasti in razvoju v primerjavi z večjimi podjetji. Večje stopnje preživetja in uspehi obstoječih podjetij vplivajo tudi na odločitve bodočih ali potencialnih podjetnikov o njihovi lastni podjetniški poti.",,,,,SI
https://linkedopendata.eu/entity/Q7501413,2021SI16FFPR001_OP27.00227,Integrated transport strategy of the Municipality of Ivančna Gorica,Celostna prometna strategija Občine Ivančna Gorica,Slovenia,01/01/2023,31/12/2025,85.0,43000.0,EUR,36550.0,https://linkedopendata.eu/entity/Q3278956,"45.916259063011,14.812314504256",109,Multimodal transport (not urban),,,PO03,Connected Europe,RSO3.2,RSO3.2,CF,Cohesion Fund,2021SI16FFPR001,EU Cohesion Policy - SI -  ERDF/CF/ESF+/JTF,,SI_039,Ivančna Gorica,,,Osrednjeslovenska,,,SI041,2021-2027,Integrated transport strategy of the Municipality of Ivančna Gorica,Celostna prometna strategija Občine Ivančna Gorica,,,,,SI
https://linkedopendata.eu/entity/Q7501590,2021SI16FFPR001_OP27.00408,Management for the Local Action Group of the Upper Savinja and Šaleška Valleys LAG,Upravljanje za lokalno akcijsko skupino LAS Zgornje Savinjske in Šaleške doline,Slovenia,01/01/2024,30/09/2029,85.0,272900.0,EUR,231965.0,https://linkedopendata.eu/entity/Q3279397,"46.25,15.16666667",169,"Territorial development initiatives, including preparation of territorial strategies",,,PO05,Europe closer to citizens,RSO5.2,RSO5.2,ERDF,European Regional Development Fund,2021SI16FFPR001,EU Cohesion Policy - SI -  ERDF/CF/ESF+/JTF,,,,,,Savinjska,,,SI034,2021-2027,"Support for the management of the LAG is intended to co-finance the costs incurred in the management and operation of the LAG, including monitoring and evaluation of the approved SLR, animation of the LAG area and assistance to potential beneficiaries for developing project ideas and preparing projects.","Podpora za upravljanje LAS je namenjena za sofinanciranje stroškov, ki so nastali pri upravljanju in delovanju LAS, vključno s spremljanjem in vrednotenjem odobrene SLR, animacijo območja LAS in pomoči morebitnim upravičencem za razvijanje projektnih idej in pripravo projektov.",,,,,SI
https://linkedopendata.eu/entity/Q7501212,2021SI16FFPR001_OP27.00022,Knowledge activates us 3,Znanje nas aktivira 3,Slovenia,13/10/2023,30/06/2029,40.0,1427693.5,EUR,571077.4,https://linkedopendata.eu/entity/Q3279193,"46.161270385617,14.276096610004",151,Support for adult education (excluding infrastructure),,,PO04,Social Europe,ESO4.7,ESO4.7,ESF+,European Social Fund Plus,2021SI16FFPR001,EU Cohesion Policy - SI -  ERDF/CF/ESF+/JTF,,SI_122,Škofja Loka,,,Gorenjska,,,SI042,2021-2027,Knowledge activates us 3,Znanje nas aktivira 3,,,,,SI
https://linkedopendata.eu/entity/Q7501352,2021SI16FFPR001_OP27.00165,"Production of OCPS of municipalities Straža, Dolenjske Toplice, Mirna Peč and Žužemberk","Izdelava OCPS občin Straža, Dolenjske Toplice, Mirna Peč in Žužemberk",Slovenia,01/01/2023,31/12/2025,85.0,112000.0,EUR,95200.0,https://linkedopendata.eu/entity/Q3279622,"45.777658078026,15.091063535775",109,Multimodal transport (not urban),,,PO03,Connected Europe,RSO3.2,RSO3.2,CF,Cohesion Fund,2021SI16FFPR001,EU Cohesion Policy - SI -  ERDF/CF/ESF+/JTF,,SI_203,Straža,,,Jugovzhodna Slovenija,,,SI037,2021-2027,"Production of OCPS of municipalities Straža, Dolenjske Toplice, Mirna Peč and Žužemberk","Izdelava OCPS občin Straža, Dolenjske Toplice, Mirna Peč in Žužemberk",,,,,SI
https://linkedopendata.eu/entity/Q7501194,2021SI16FFPR001_OP27.00008,"Competences 2023-2029, LU VELENJE","Kompetence 2023-2029, LU VELENJE",Slovenia,13/10/2023,30/06/2029,85.0,1741229.85,EUR,1480045.37,https://linkedopendata.eu/entity/Q3279100,"46.369263220381,15.133009729589",151,Support for adult education (excluding infrastructure),,,PO04,Social Europe,ESO4.7,ESO4.7,ESF+,European Social Fund Plus,2021SI16FFPR001,EU Cohesion Policy - SI -  ERDF/CF/ESF+/JTF,,SI_133,Velenje,,,Savinjska,,,SI034,2021-2027,"Competences 2023-2029, LU VELENJE","Kompetence 2023-2029, LU VELENJE",,,,,SI
https://linkedopendata.eu/entity/Q7501289,2021SI16FFPR001_OP27.00100,Youth work against youth precariousness - pilot project - Maribor Youth Cultural Centre,Z mladinskim delom proti prekarnosti mladih - pilotni projekt - Mladinski kulturni center Maribor,Slovenia,01/06/2024,31/12/2026,85.0,87060.4,EUR,74001.34,https://linkedopendata.eu/entity/Q3279419,"46.563226869974,15.627324811128",136,Specific support for youth employment and socio-economic integration of young people,,,PO04,Social Europe,ESO4.1,ESO4.1,ESF+,European Social Fund Plus,2021SI16FFPR001,EU Cohesion Policy - SI -  ERDF/CF/ESF+/JTF,,SI_070,Maribor,,,Podravska,,,SI032,2021-2027,Youth work against youth precariousness - pilot project - Maribor Youth Cultural Centre,Z mladinskim delom proti prekarnosti mladih - pilotni projekt - Mladinski kulturni center Maribor,,,,,SI
https://linkedopendata.eu/entity/Q7501229,2021SI16FFPR001_OP27.00039,Cycling trails Žalec - Rogatec,Kolesarske poti Žalec - Rogatec,Slovenia,29/09/2020,30/11/2025,85.0,14645741.0,EUR,12448879.85,https://linkedopendata.eu/entity/Q3279969,"46.25,15.16666667",083,Cycling infrastructure,,,PO03,Connected Europe,RSO3.2,RSO3.2,CF,Cohesion Fund,2021SI16FFPR001,EU Cohesion Policy - SI -  ERDF/CF/ESF+/JTF,,,,,,Savinjska,,,SI034,2021-2027,"The subject of the application is the state cycling connection between Žalec and Rogatec, namely the Celje-Žalec section with a total length of 11.03 km and the Šentjur-Rogatec section with a total length of 23.70 km. The NIO proposal falls under the measure of the State Cycling Connection.","Predmet vloge je državna kolesarska povezava med Žalcem in Rogatcem, in sicer odsek Celje–Žalec v skupni dolžini 11,03 km ter odsek Šentjur-Rogatec v skupni dolžini 23,70 km. Predlog NIO spada pod ukrep Državne kolesarske povezave.",,,,,SI
https://linkedopendata.eu/entity/Q7501539,2021SI16FFPR001_OP27.00353,"Digitalisation of the system of recording, storing and using data in long-term care and social care","Digitalizacija sistema zapisovanja, shranjevanja in uporabe podatkov v dolgotrajni oskrbi in socialnem varstvu",Slovenia,01/04/2024,31/10/2028,62.5,2129917.34,EUR,1331198.34,https://linkedopendata.eu/entity/Q3279601,"46.1,14.15|46.08333333,15.45",161,Measures to improve access to long-term care (excluding infrastructure),,,PO04,Social Europe,ESO4.11,ESO4.11,ESF+,European Social Fund Plus,2021SI16FFPR001,EU Cohesion Policy - SI -  ERDF/CF/ESF+/JTF,,,,,Western Slovenia|Eastern Slovenia,,,SI04|SI03,,2021-2027,"The purpose of the investment is to support the digitalisation of DO and SV in Slovenia and to establish content bases that will enable the development of IT solutions, which are one of the key conditions for the implementation of the Long-Term Care Act (hereinafter: ZDOsk-1). A special emphasis of the investment will be on content support in the development of an information system for entry points (hereinafter: VT) at social work centres (hereinafter: CSD) within a single information system. In Slovenia, DO and SV service providers (and other stakeholders) currently have different information systems that are not properly interconnected and coordinated. The purpose of the investment is to provide content support in upgrading these information systems so that they can be integrated into a single information system. The investment will also help to upgrade information systems for the efficient recording, storage, use and exchange of data by DO and SV service providers and contribute to the development of tools for direct work with people. IT systems will be in line with modern trends and standards in the field of SV, DO, community social work and deinstitutionalisation. At the same time, the investment will provide training so that key stakeholders can effectively use the new and upgraded IT systems. The objectives of the investment are: ? to provide substantive support for the establishment of the initial information system of the DO entry points and to provide training for the use of this IS for 100 employees at 16 social work centres; ? prepare an assessment of the state of digitalisation of DO and SV providers in Slovenia and prepare a research report; ? establish the content bases for the development of a single information system and prepare guidelines for the development of an information system for VT DO; support the upgrading of contractors’ IT systems by developing guidelines for integration into the single IT system; ? coordinate the development of new prototype solutions for contractors and develop guidelines for the implementation of prototype solutions; ? set up a data and analysis system for DO at the investor - Institute of the Republic of Slovenia for Social Protection (IRSSV). Within the investment, substantive guidelines for the development and testing of the information system and the monitoring of its introduction to the VT will be prepared, whereby the investor will primarily take care of the content coordination and ensure compliance with the content plans and functional requirements. The implementation of IT solutions and the coordination of their technical implementation are not the subject of an investment , but a separate project to be carried out by SMEs. Due to the importance of data support for complex processes and the management of the DO and SV system, special attention will be paid to the establishment of data and analysis databases for DO and SV at the IRSSV as an investor.","Namen investicije je vsebinska podpora digitalizaciji DO in SV v Sloveniji ter vzpostavitev vsebinskih podlag, ki bodo omogočile razvoj informacijskih rešitev, ki so eden izmed ključnih pogojev za izvajanje Zakona o dolgotrajni oskrbi (v nadaljevanju: ZDOsk-1). Poseben poudarek investicije bo vsebinska podpora pri razvoju informacijskega sistema za vstopne točke (v nadaljevanju: VT) na centrih za socialno delo (v nadaljevanju: CSD) v okviru enotnega informacijskega sistema. V Sloveniji imajo izvajalci storitev DO in SV (in drugi deležniki) trenutno različne informacijske sisteme, ki med seboj niso ustrezno povezani in usklajeni. Namen investicije je nuditi vsebinsko podporo pri nadgradnji teh informacijskih sistemov, da se bodo lahko povezali v enotni informacijski sistem. Investicija bo poleg tega pripomogla k nadgradnji informacijskih sistemov za učinkovito beleženje, shranjevanje, uporabo in izmenjavo podatkov pri izvajalcih storitev DO in SV ter prispevala k razvoju orodij za direktno delo z ljudmi. IT sistemi bodo v skladu z sodobnimi trendi in standardi na področju SV, DO, skupnostnega socialnega dela in deinstitucionalizacije. Hkrati bo investicija zagotovila izobraževanja, da bodo lahko ključni deležniki DO nove in nadgrajene informacijske sisteme učinkovito uporabljali. Cilji investicije so: ? nuditi vsebinsko podporo pri vzpostavitvi začetnega informacijskega sistema vstopnih točk DO ter zagotoviti izobraževanje za uporabo tega IS za 100 zaposlenih na 16 centrih za socialno delo; ? izdelati oceno stanja digitaliziranosti izvajalcev DO in SV v Sloveniji ter pripraviti raziskovalno poročilo; ? vzpostaviti vsebinske podlage za razvoj enotnega informacijskega sistema ter pripraviti smernice za razvoj informacijskega sistema za VT DO; ? vsebinsko podpreti nadgradnjo informacijskih sistemov izvajalcev s pripravo smernic za vključitev v enotni informacijski sistem; ? koordinirati razvoj novih prototipnih rešitev za izvajalce ter pripraviti smernice za vpeljavo prototipnih rešitev; ? vzpostaviti podatkovni in analitski sistem za DO pri investitorju – Inštitutu RS za socialno varstvo (IRSSV). Znotraj investicije bodo pripravljene vsebinske smernice za razvoj in testiranje informacijskega sistema ter spremljanje njegove uvedbe na VT, pri čemer bo investitor skrbel predvsem za vsebinsko koordinacijo ter zagotavljanje skladnosti z vsebinskimi načrti in funkcionalnimi zahtevami. Sama implementacija informacijskih rešitev ter koordinacija tehnične izvedbe le teh nista predmet investicije , ampak ločen projekt, ki ga bo izvajal MSP. Zaradi pomembnosti podatkovne podpore kompleksnim procesom in upravljanju sistema DO in SV bo posebna pozornost v investiciji namenjena vzpostavitvi podatkovnih in analitskih baz za DO in SV pri IRSSV kot investitorju.",,,,,SI
https://linkedopendata.eu/entity/Q7501390,2021SI16FFPR001_OP27.00207,Production of OCPS of the Municipality of Ajdovščina,Izdelava OCPS občine Ajdovščina,Slovenia,01/01/2023,31/12/2025,85.0,43000.0,EUR,36550.0,https://linkedopendata.eu/entity/Q3278947,"45.899497472846,13.907533209031",109,Multimodal transport (not urban),,,PO03,Connected Europe,RSO3.2,RSO3.2,CF,Cohesion Fund,2021SI16FFPR001,EU Cohesion Policy - SI -  ERDF/CF/ESF+/JTF,,SI_001,Ajdovščina,,,Goriška,,,SI043,2021-2027,Production of OCPS of the Municipality of Ajdovščina,Izdelava OCPS občine Ajdovščina,,,,,SI
https://linkedopendata.eu/entity/Q7501551,2021SI16FFPR001_OP27.00367,Social activation projects in Kočevsko + 2024-2027,Projekti socialne aktivacije na Kočevskem + 2024-2027,Slovenia,01/09/2024,31/08/2027,85.0,399997.5,EUR,339997.88,https://linkedopendata.eu/entity/Q3280043,"46.08333333,15.45",153,Pathways to integration and re-entry into employment for disadvantaged people,,,PO04,Social Europe,ESO4.8,ESO4.8,ESF+,European Social Fund Plus,2021SI16FFPR001,EU Cohesion Policy - SI -  ERDF/CF/ESF+/JTF,,,,,Eastern Slovenia,,,SI03,,2021-2027,"The operation will implement social activation+ programmes, which through their integrated approach will contribute to improving the social inclusion of people from the target group and to increasing their employment opportunities.","V okviru operacije se bodo izvajali programi socialne aktivacije+, ki bodo s svojim celostnim pristopom prispevali k izboljšanju socialne vključenosti oseb iz ciljne skupine in k povečanju njihovih zaposlitvenih možnosti.",,,,,SI
https://linkedopendata.eu/entity/Q7501355,2021SI16FFPR001_OP27.00168,Production of OCPS of the Municipality of Brežice,Izdelava OCPS Občine Brežice,Slovenia,01/01/2023,30/06/2025,85.0,43000.0,EUR,36550.0,https://linkedopendata.eu/entity/Q3278944,"45.931608099609,15.620826589171",109,Multimodal transport (not urban),,,PO03,Connected Europe,RSO3.2,RSO3.2,CF,Cohesion Fund,2021SI16FFPR001,EU Cohesion Policy - SI -  ERDF/CF/ESF+/JTF,,SI_009,Brežice,,,Posavska,,,SI036,2021-2027,Production of OCPS of the Municipality of Brežice,Izdelava OCPS Občine Brežice,,,,,SI
https://linkedopendata.eu/entity/Q7501423,2021SI16FFPR001_OP27.00237,Municipal Integrated Transport Strategy of the Municipality of Gorišnica,Občinska celostna prometna strategija občine Gorišnica,Slovenia,01/01/2023,31/12/2025,85.0,28000.0,EUR,23800.0,https://linkedopendata.eu/entity/Q7501085,"46.405881381842,16.010795960085",109,Multimodal transport (not urban),,,PO03,Connected Europe,RSO3.2,RSO3.2,CF,Cohesion Fund,2021SI16FFPR001,EU Cohesion Policy - SI -  ERDF/CF/ESF+/JTF,,SI_028,Gorišnica,,,Podravska,,,SI032,2021-2027,Municipal Integrated Transport Strategy of the Municipality of Gorišnica,Občinska celostna prometna strategija občine Gorišnica,,,,,SI
https://linkedopendata.eu/entity/Q7501550,2021SI16FFPR001_OP27.00366,Involvement to Success,S vključenostjo do uspeha,Slovenia,01/09/2024,31/08/2027,85.0,799995.0,EUR,679995.75,https://linkedopendata.eu/entity/Q3279115,"46.08333333,15.45",153,Pathways to integration and re-entry into employment for disadvantaged people,,,PO04,Social Europe,ESO4.8,ESO4.8,ESF+,European Social Fund Plus,2021SI16FFPR001,EU Cohesion Policy - SI -  ERDF/CF/ESF+/JTF,,,,,Eastern Slovenia,,,SI03,,2021-2027,"The operation will implement social activation+ programmes, which through their integrated approach will contribute to improving the social inclusion of people from the target group and to increasing their employment opportunities.","V okviru operacije se bodo izvajali programi socialne aktivacije+, ki bodo s svojim celostnim pristopom prispevali k izboljšanju socialne vključenosti oseb iz ciljne skupine in k povečanju njihovih zaposlitvenih možnosti.",,,,,SI
https://linkedopendata.eu/entity/Q7501546,2021SI16FFPR001_OP27.00364,Social activation+ Zasavje,Socialna aktivacija+ Zasavje,Slovenia,01/09/2024,31/08/2027,85.0,799995.0,EUR,679995.75,https://linkedopendata.eu/entity/Q7501134,"46.08333333,15.45",153,Pathways to integration and re-entry into employment for disadvantaged people,,,PO04,Social Europe,ESO4.8,ESO4.8,ESF+,European Social Fund Plus,2021SI16FFPR001,EU Cohesion Policy - SI -  ERDF/CF/ESF+/JTF,,,,,Eastern Slovenia,,,SI03,,2021-2027,"The operation will implement social activation+ programmes, which through their integrated approach will contribute to improving the social inclusion of people from the target group and to increasing their employment opportunities.","V okviru operacije se bodo izvajali programi socialne aktivacije+, ki bodo s svojim celostnim pristopom prispevali k izboljšanju socialne vključenosti oseb iz ciljne skupine in k povečanju njihovih zaposlitvenih možnosti.",,,,,SI
https://linkedopendata.eu/entity/Q7501273,2021SI16FFPR001_OP27.00091,Youth work against youth precariousness - pilot project - Youth Council Ljutomer,Z mladinskim delom proti prekarnosti mladih - pilotni projekt - Mladinski svet Ljutomer,Slovenia,01/06/2024,31/12/2026,85.0,87060.4,EUR,74001.34,https://linkedopendata.eu/entity/Q3280529,"46.521175028788,16.157166528115",136,Specific support for youth employment and socio-economic integration of young people,,,PO04,Social Europe,ESO4.1,ESO4.1,ESF+,European Social Fund Plus,2021SI16FFPR001,EU Cohesion Policy - SI -  ERDF/CF/ESF+/JTF,,SI_063,Ljutomer,,,Pomurska,,,SI031,2021-2027,Youth work against youth precariousness - pilot project - Youth Council Ljutomer,Z mladinskim delom proti prekarnosti mladih - pilotni projekt - Mladinski svet Ljutomer,,,,,SI
https://linkedopendata.eu/entity/Q7501326,2021SI16FFPR001_OP27.00136,Entrepreneurship over challenges in the Posavje region,Podjetno nad izzive v Posavski regiji,Slovenia,01/01/2024,15/11/2028,85.0,1538272.0,EUR,1307531.2,https://linkedopendata.eu/entity/Q3280046,"45.942467,15.5256543",025,"Incubation, support to spin offs and spin outs and start ups",,,PO01,Smarter Europe,RSO1.3,RSO1.3,ERDF,European Regional Development Fund,2021SI16FFPR001,EU Cohesion Policy - SI -  ERDF/CF/ESF+/JTF,,,,,,Posavska,,,SI036,2021-2027,"The PONI Posavje operation is part of the comprehensive PONI project, which is carried out throughout Slovenia. The purpose of the PONI Posavje operation is the entrepreneurial training of people who want to realize an entrepreneurial idea, thereby promoting entrepreneurship in the Posavje region. It is a 4-month entrepreneurial training programme for people who want to realize an entrepreneurial idea and turn it into commercially interesting products or services with the help of mentors and content trainings and counselling. The content of the training programme is structured in such a way that within 4 months of inclusion, participants receive key knowledge in the field of entrepreneurship, which they need when entering an independent entrepreneurial path. The training program of the participant takes everything from the development of a business idea, to the creation of a business model and a business plan. At the same time, he is fully acquainted with all important areas in entrepreneurship. The project enables participants to use physical infrastructure (premises, equipment) according to the principle of co-working (joint division of office and equipment). By encouraging the formation of entrepreneurial teams, participants will also gain new knowledge, new acquaintances and business opportunities, as well as transfer experiences and examples of good practices.","Operacija PONI Posavje je del celovitega projekta PONI, ki se izvaja na območju celotne Slovenije. Namen operacije PONI Posavje je podjetniško usposabljanje oseb, ki želijo realizirati podjetniško idejo, s tem pa spodbujanje podjetništva v Posavski regiji. Gre za program 4 mesečnega podjetniškega usposabljanja oseb, ki želijo realizirati podjetniško idejo in jo ob pomoči mentorjev in vsebinskih usposabljanj ter svetovanj spremeniti v tržno zanimive produkte oziroma storitve. Program usposabljanja je vsebinsko sestavljen tako, da v 4 mesecih vključitve udeleženci prejmejo ključna znanja s področja podjetništva, ki jih ob vstopu na samostojno podjetniško pot potrebujejo. Program usposabljanja udeleženca pelje vse od razvoja poslovne ideje, do izdelave poslovnega modela in poslovnega načrta. Hkrati ga celostno seznani z vsemi pomembnimi področji v podjetništvu. Udeležencem projekt omogoča uporabo fizične infrastrukture (prostori, oprema) in sicer po principu co-workinga (skupne delitve pisarne in opreme). S spodbujanjem oblikovanja podjetniških ekip bodo udeleženci prišli tudi do novih znanj, novih poznanstev in poslovnih priložnosti ter prenašali izkušnje in primere dobrih praks.",,,,,SI
https://linkedopendata.eu/entity/Q7501630,2021SI16FFPR001_OP27.00456,Telekom - establishment of the PWAS system,Telekom - vzpostavitev sistema PWAS,Slovenia,17/05/2024,31/03/2026,61.51,2114364.94,EUR,1300450.73,https://linkedopendata.eu/entity/Q7501163,"46.08333333,15.45",016,"Government ICT solutions, e-services, applications",,,PO01,Smarter Europe,RSO1.2,RSO1.2,ERDF,European Regional Development Fund,2021SI16FFPR001,EU Cohesion Policy - SI -  ERDF/CF/ESF+/JTF,,,,,Eastern Slovenia,,,SI03,,2021-2027,Financing the establishment of a public information and alarm system by sending alerts to mobile phones of the target group (JR PWAS),Financiranje vzpostavitve sistema javnega obveščana in alarmiranja s posredovanjem opozoril na mobilne telefone ciljne skupine (JR PWAS),,,,,SI
https://linkedopendata.eu/entity/Q7501677,2021SI16FFPR001_OP27.00536,"""NewPULSE - medical device""",»NewPULSE - medicinska naprava«,Slovenia,13/03/2025,31/03/2027,85.0,72000.0,EUR,61200.0,https://linkedopendata.eu/entity/Q7501169,"46.248365487681,15.266115481207",025,"Incubation, support to spin offs and spin outs and start ups",,,PO01,Smarter Europe,RSO1.3,RSO1.3,ERDF,European Regional Development Fund,2021SI16FFPR001,EU Cohesion Policy - SI -  ERDF/CF/ESF+/JTF,,SI_011,Celje,,,Savinjska,,,SI034,2021-2027,"The NewPulse device will passively stretch the fingers, thereby reducing swelling of the hand, reducing pain in the hand. The first prototypes were made. The device is intended for people with limited mobility of hands, is easy to use independently in the home environment and will be registered as a medical device. It will be sold in EU&USA.","Naprava NewPulse bo pasivno razgibavala prste, s tem se bo zmanjševalo zatekanje dlani, zmanjšala se bo bolečina v roki. Prvi prototipi so narejeni. Naprava je namenjena ljudem z omejeno gibljivostjo rok, je enostavna za samostojno uporabo v domačem okolju ter bo registrirana kot medicinski pripomoček. Prodajala se bo v EU&ZDA.",,,,,SI
https://linkedopendata.eu/entity/Q7501438,2021SI16FFPR001_OP27.00252,"Preparation of the municipal integrated transport strategy of municipalities: Sežana, Divača, Hrpelje-Kozina, Komen and Miren-Kostanjevica","Priprava občinske celostne prometne strategije občin: Sežana, Divača, Hrpelje-Kozina, Komen in Miren-Kostanjevica",Slovenia,01/01/2023,31/12/2025,85.0,152000.0,EUR,129200.0,https://linkedopendata.eu/entity/Q3281078,"45.736383268959,13.881344353399",109,Multimodal transport (not urban),,,PO03,Connected Europe,RSO3.2,RSO3.2,CF,Cohesion Fund,2021SI16FFPR001,EU Cohesion Policy - SI -  ERDF/CF/ESF+/JTF,,SI_111,Sežana,,,Obalno-kraška,,,SI044,2021-2027,"Preparation of the municipal integrated transport strategy of municipalities: Sežana, Divača, Hrpelje-Kozina, Komen and Miren-Kostanjevica","Priprava občinske celostne prometne strategije občin: Sežana, Divača, Hrpelje-Kozina, Komen in Miren-Kostanjevica",,,,,SI
https://linkedopendata.eu/entity/Q7501719,2021SI16FFPR001_OP27.00578,Construction of a central operating block and intensive care unit in SB Ptuj,Izgradnja centralnega operacijskega bloka in enote za intenzivno terapijo v SB Ptuj,Slovenia,03/02/2025,30/11/2026,85.0,15403000.0,EUR,13092550.0,https://linkedopendata.eu/entity/Q7501186,"46.44182594554,15.874368786301",044,"Energy efficiency renovation or energy efficiency measures regarding public infrastructure, demonstration projects and supporting measures",,,PO04,Social Europe,RSO4.5,RSO4.5,ERDF,European Regional Development Fund,2021SI16FFPR001,EU Cohesion Policy - SI -  ERDF/CF/ESF+/JTF,,SI_096,Ptuj,,,Podravska,,,SI032,2021-2027,"The purpose of the project is the arrangement of the premises of the central OP block on the 1st floor of the UC , the reconstruction of the 1st floor of the surgical tract, the arrangement of the premises of the central sterilization in the UC basement and the supply and installation of equipment. This will ensure appropriate conditions for the provision of health services, better patient care and better quality specialist medical treatment in line with modern standards. The aim of the project is to provide spatial conditions for the timely, high-quality and safe provision of health services, to align the project with the spatial technical guidelines of the Ministry of the Interior, to ensure greater accessibility to health services, to provide opportunities for the introduction of new methods and to improve the conditions for the education of medical personnel, and to provide working conditions in accordance with professional standards.","Namen projekta je ureditev prostorov centralno OP bloka v 1. nadstropju UC , rekonstrukcija 1. nadstropja kirurškega trakta, ureditev prostorov centralne sterilizacije v kleti UC ter dobava in montaža opreme. S tem bodo zagotovljeni ustrezni pogoji za opravljanje zdravstvenih storitev, boljšo oskrbo bolnikov in kakovostnejšo specialistično zdravstveno obravnavo v skladu s sodobnimi standardi. Cilj projekta je zagotoviti prostorske pogoje za pravočasno, kakovostno in varno izvajanje zdravstvenih storitev, usklajenost projekta s prostorsko tehničnimi smernicami MZ, zagotoviti večjo dostopnost do zdravstvenih storitev, zagotavljanje možnosti za uvajanje novih metod in izboljšanje pogojev za izobraževanje medicinskega osebja ter zagotavljanje pogojev za delo v skladu s strokovnimi standardi.",,,,,SI
https://linkedopendata.eu/entity/Q7501399,2021SI16FFPR001_OP27.00213,Production of OCPS of the Municipality of Šentilj,Izdelava OCPS občine Šentilj,Slovenia,01/01/2023,30/06/2025,85.0,40000.0,EUR,34000.0,https://linkedopendata.eu/entity/Q3281504,"46.67588772332,15.716128149106",109,Multimodal transport (not urban),,,PO03,Connected Europe,RSO3.2,RSO3.2,CF,Cohesion Fund,2021SI16FFPR001,EU Cohesion Policy - SI -  ERDF/CF/ESF+/JTF,,SI_118,Šentilj,,,Podravska,,,SI032,2021-2027,Production of OCPS of the Municipality of Šentilj,Izdelava OCPS občine Šentilj,,,,,SI
https://linkedopendata.eu/entity/Q7501634,2021SI16FFPR001_OP27.00460,CIP Education,Izobraževanje CIP,Slovenia,01/11/2024,30/11/2029,59.35,1390000.0,EUR,824965.0,https://linkedopendata.eu/entity/Q3279052,"46.054328329124,14.562956200712",151,Support for adult education (excluding infrastructure),,,PO04,Social Europe,ESO4.7,ESO4.7,ESF+,European Social Fund Plus,2021SI16FFPR001,EU Cohesion Policy - SI -  ERDF/CF/ESF+/JTF,,SI_061,Ljubljana,,,Osrednjeslovenska,,,SI041,2021-2027,"The project will update the competency model, upgrade the system of measuring the development of competences and expand the range of trainings taking into account social, economic and technological developments, the green transition and social changes, and consequently complete and long-term education and training of judicial staff and other stakeholders operating in the justice system.","V okviru projekta bo posodobljen model kompetenc, izvedena bo nadgradnja sistema merjenja razvitosti kompetenc in širitev nabora izobraževanj ob upoštevanju družbenega, gospodarskega in tehnološkega razvoja, zelenega prehoda in družbenih sprememb ter posledično celovito in dolgoročno izobraževanje ter usposabljanje zaposlenih v pravosodju ter drugih deležnikov, ki delujejo v pravosodnem sistemu.",,,,,SI
https://linkedopendata.eu/entity/Q7501228,2021SI16FFPR001_OP27.00038,On-the-job training (UDM+),Usposabljanje na delovnem mestu (UDM+),Slovenia,01/12/2023,30/11/2028,76.05,21358534.0,EUR,16243453.82,https://linkedopendata.eu/entity/Q3278938,"46.054328329124,14.562956200712",134,Measures to improve access to employment,,,PO04,Social Europe,ESO4.1,ESO4.1,ESF+,European Social Fund Plus,2021SI16FFPR001,EU Cohesion Policy - SI -  ERDF/CF/ESF+/JTF,,SI_061,Ljubljana,,,Osrednjeslovenska,,,SI041,2021-2027,"The purpose of the UDM+ operation is to acquire and strengthen the abilities, knowledge, skills, competences and skills of unemployed persons whose existing knowledge or work experience does not enable direct employment, based on the needs of local labour markets. The operation thus contributes to promoting the employment of unemployed people from the target groups by improving their employment opportunities and increasing their competitiveness in the labour market. Among other things, the operation promotes training on the local labour market in jobs in the field of shortage occupations, where the gap between supply and demand is most pronounced. In this way, it also contributes to reducing labour market mismatches.","Namen operacije UDM+ je pridobitev in krepitev sposobnosti, znanj, veščin, kompetenc in spretnosti brezposelnih oseb, katerih obstoječa znanja oziroma delovne izkušnje ne omogočajo neposredne zaposlitve, pri čemer se izhaja iz potreb lokalnih trgov dela. Operacija tako prispeva k spodbujanju zaposlovanja brezposelnih oseb iz ciljnih skupin, saj izboljšuje njihove zaposlitvene možnosti in povečuje njihovo konkurenčnost na trgu dela. Operacija med ostalim spodbuja usposabljanja na lokalnem trgu dela na delovnih mestih s področja deficitarnih poklicev, kjer je razkorak med ponudbo in povpraševanjem najbolj izrazit. Na ta način prispeva tudi k zmanjšanju neskladij na trgu dela.",,,,,SI
https://linkedopendata.eu/entity/Q7501305,2021SI16FFPR001_OP27.00120,Youth work against youth precariousness - pilot project - Institute Bob,Z mladinskim delom proti prekarnosti mladih - pilotni projekt - Zavod Bob,Slovenia,01/06/2024,31/12/2026,40.0,87060.4,EUR,34824.16,https://linkedopendata.eu/entity/Q3279421,"46.054328329124,14.562956200712",136,Specific support for youth employment and socio-economic integration of young people,,,PO04,Social Europe,ESO4.1,ESO4.1,ESF+,European Social Fund Plus,2021SI16FFPR001,EU Cohesion Policy - SI -  ERDF/CF/ESF+/JTF,,SI_061,Ljubljana,,,Osrednjeslovenska,,,SI041,2021-2027,Youth work against youth precariousness - pilot project - Institute Bob,Z mladinskim delom proti prekarnosti mladih - pilotni projekt - Zavod Bob,,,,,SI
https://linkedopendata.eu/entity/Q7501513,2021SI16FFPR001_OP27.00327,VOLTPOINT - Predictive maintenance system and smart management of e-charging stations,VOLTPOINT – Sistem za prediktivno vzdrževanje in pametno upravljanje e-polnilnic,Slovenia,29/03/2024,31/03/2026,85.0,72000.0,EUR,61200.0,https://linkedopendata.eu/entity/Q7501113,"46.619499107118,15.709933102482",025,"Incubation, support to spin offs and spin outs and start ups",,,PO01,Smarter Europe,RSO1.3,RSO1.3,ERDF,European Regional Development Fund,2021SI16FFPR001,EU Cohesion Policy - SI -  ERDF/CF/ESF+/JTF,,SI_089,Pesnica,,,Podravska,,,SI032,2021-2027,"VOLTPOINT – is an AI system for predictive maintenance and smart management of e-charging stations. Its advantages are: 1. fully automated predictive maintenance and operation of charging stations for electric vehicles, 2. increase the reliability of the operation of e-charging stations and reduce the time and cost of manual maintenance; 3. enables integration with most current solutions on the market (it will be connected to any e-charging station that has an OCPP communication protocol.","VOLTPOINT – je AI Sistem za prediktivno vzdrževanje in pametno upravljanje e-polnilnic. Njegove prednosti so: 1. popolnoma avtomatizirano prediktivno vzdrževanje in upravljanje polnilnic za električna vozila, 2. poveča zanesljivost delovanja e-polnilnic in zmanjša čas in stroške manualnega vzdrževanje; 3. omogoča integracije z večino trenutnih rešitev na trgu (povezljiv bo z vsako e-polnilnico, ki ima OCPP komunikacijski protokol.",,,,,SI
https://linkedopendata.eu/entity/Q7501358,2021SI16FFPR001_OP27.00171,Production of the OCPS of the Municipality of Miklavž na Dravskem polju,Izdelava OCPS občine Miklavž na Dravskem polju,Slovenia,01/01/2023,31/12/2025,85.0,40000.0,EUR,34000.0,https://linkedopendata.eu/entity/Q3278937,"46.488435980392,15.706594157345",109,Multimodal transport (not urban),,,PO03,Connected Europe,RSO3.2,RSO3.2,CF,Cohesion Fund,2021SI16FFPR001,EU Cohesion Policy - SI -  ERDF/CF/ESF+/JTF,,SI_169,Miklavž na Dravskem polju,,,Podravska,,,SI032,2021-2027,Production of the OCPS of the Municipality of Miklavž na Dravskem polju,Izdelava OCPS občine Miklavž na Dravskem polju,,,,,SI
https://linkedopendata.eu/entity/Q7501421,2021SI16FFPR001_OP27.00235,"Production of OCPS of municipalities Ljutomer, Križevci, Veržej and Razkrižje","Izdelava OCPS občin Ljutomer, Križevci, Veržej in Razkrižje",Slovenia,01/01/2023,31/12/2025,85.0,124000.0,EUR,105400.0,https://linkedopendata.eu/entity/Q3279064,"46.521175028788,16.157166528115",109,Multimodal transport (not urban),,,PO03,Connected Europe,RSO3.2,RSO3.2,CF,Cohesion Fund,2021SI16FFPR001,EU Cohesion Policy - SI -  ERDF/CF/ESF+/JTF,,SI_063,Ljutomer,,,Pomurska,,,SI031,2021-2027,"Production of OCPS of municipalities Ljutomer, Križevci, Veržej and Razkrižje","Izdelava OCPS občin Ljutomer, Križevci, Veržej in Razkrižje",,,,,SI
https://linkedopendata.eu/entity/Q7501502,2021SI16FFPR001_OP27.00316,BugBit - Integrated System for Early Destruction and Remediation of Forests,BugBit - Celostni sistem za zgodnje odkrivanje škode in sanacijo gozdov,Slovenia,11/03/2024,31/03/2026,85.0,72000.0,EUR,61200.0,https://linkedopendata.eu/entity/Q7501116,"46.563226869974,15.627324811128",025,"Incubation, support to spin offs and spin outs and start ups",,,PO01,Smarter Europe,RSO1.3,RSO1.3,ERDF,European Regional Development Fund,2021SI16FFPR001,EU Cohesion Policy - SI -  ERDF/CF/ESF+/JTF,,SI_070,Maribor,,,Podravska,,,SI032,2021-2027,"The subject of the project is an online platform for forest management, which will provide in real time early detection and forecasting of bark beetle outbreaks using satellite images. The AI model will be the basis for the functioning of the platform, which in turn will be rich in functionalities for forest management and planning of remediation processes.","Predmet projekta je spletna platforma, za upravljanje z gozdovi, ki bo v realnem času zagotavljala zgodnje odkrivanje in napovedovanje izbruhov podlubnikov z uporabo satelitskih slik. Model umetne inteligence bo osnova za delovanje platforme, ki pa bo bogata s funkcionalnostmi za upravljanje z gozdovi in načrtovanje sanacijskih postopkov.",,,,,SI
https://linkedopendata.eu/entity/Q7501435,2021SI16FFPR001_OP27.00248,Production of OCPS of the Municipality of Novo mesto,Izdelava OCPS Mestne občine Novo mesto,Slovenia,01/01/2023,30/06/2025,85.0,60000.0,EUR,51000.0,https://linkedopendata.eu/entity/Q3279079,"45.780913347775,15.193791028054",109,Multimodal transport (not urban),,,PO03,Connected Europe,RSO3.2,RSO3.2,CF,Cohesion Fund,2021SI16FFPR001,EU Cohesion Policy - SI -  ERDF/CF/ESF+/JTF,,SI_085,Novo mesto,,,Jugovzhodna Slovenija,,,SI037,2021-2027,Production of OCPS of the Municipality of Novo mesto,Izdelava OCPS Mestne občine Novo mesto,,,,,SI
https://linkedopendata.eu/entity/Q7501308,2021SI16FFPR001_OP27.00122,Youth work against youth precariousness - pilot project - Association of Scouts of Slovenia,Z mladinskim delom proti prekarnosti mladih - pilotni projekt - Zveza tabornikov Slovenije,Slovenia,01/06/2024,31/12/2026,40.0,87060.4,EUR,34824.16,https://linkedopendata.eu/entity/Q3279416,"46.054328329124,14.562956200712",136,Specific support for youth employment and socio-economic integration of young people,,,PO04,Social Europe,ESO4.1,ESO4.1,ESF+,European Social Fund Plus,2021SI16FFPR001,EU Cohesion Policy - SI -  ERDF/CF/ESF+/JTF,,SI_061,Ljubljana,,,Osrednjeslovenska,,,SI041,2021-2027,Youth work against youth precariousness - pilot project - Association of Scouts of Slovenia,Z mladinskim delom proti prekarnosti mladih - pilotni projekt - Zveza tabornikov Slovenije,,,,,SI
https://linkedopendata.eu/entity/Q7501309,2021SI16FFPR001_OP27.00123,Youth work against youth precariousness - pilot project - Ypsilon Institute,Z mladinskim delom proti prekarnosti mladih - pilotni projekt - Zavod Ypsilon,Slovenia,01/06/2024,31/12/2026,40.0,87060.4,EUR,34824.16,https://linkedopendata.eu/entity/Q3279413,"46.054328329124,14.562956200712",136,Specific support for youth employment and socio-economic integration of young people,,,PO04,Social Europe,ESO4.1,ESO4.1,ESF+,European Social Fund Plus,2021SI16FFPR001,EU Cohesion Policy - SI -  ERDF/CF/ESF+/JTF,,SI_061,Ljubljana,,,Osrednjeslovenska,,,SI041,2021-2027,Youth work against youth precariousness - pilot project - Ypsilon Institute,Z mladinskim delom proti prekarnosti mladih - pilotni projekt - Zavod Ypsilon,,,,,SI
https://linkedopendata.eu/entity/Q7501519,2021SI16FFPR001_OP27.00333,ProjectPlezanje d.o.o.,ProjektPlezanje d.o.o.,Slovenia,06/03/2024,31/03/2026,40.0,72000.0,EUR,28800.0,https://linkedopendata.eu/entity/Q7501120,"46.161270385617,14.276096610004",025,"Incubation, support to spin offs and spin outs and start ups",,,PO01,Smarter Europe,RSO1.3,RSO1.3,ERDF,European Regional Development Fund,2021SI16FFPR001,EU Cohesion Policy - SI -  ERDF/CF/ESF+/JTF,,SI_122,Škofja Loka,,,Gorenjska,,,SI042,2021-2027,"As part of the submitted project, the company is developing a product called ProjectClimb, which will revive the climbing wall with the help of video projections on the wall, cameras and artificial intelligence. The product will simplify and upgrade climbing trainings. Coaches will no longer have to point the chopstick, use stickers, remember long sequences of movements and reinvent new directions every time. The trainer will be able to easily show the direction on the wall with the help of a mobile device. He will be able to quickly draw a new direction, or adjust the already existing one. Climbers will also be able to use the routes without a coach. The product will record the climber with a camera and thus enable the recording of statistics and the analysis of trainings. Artificial intelligence will allow us to make the system quickly responsive and easy to use.","V sklopu prijavljenega projekta podjetje razvija produkt z imenom ProjectClimb, ki bo s pomočjo video projekcij na steno, kamere in umetne inteligence oživil plezalno steno. Produkt bo poenostavil in nadgradil plezalne treninge. Trenerjem ne bo več treba kazati s palčko, uporabljati nalepk, ne bo si več treba zapomniti dolgih sekvenc gibov in vsakič na novo izumljati novih smeri. Trener bo lahko enostavno s pomočjo mobilne naprave prikazal smer na steni. Hitro bo lahko narisal novo smer, ali prilagodil že obstoječe. Plezalci pa bodo lahko smeri uporabljali tudi brez trenerja. Produkt bo plezalca snemal s kamero in tako omogočil beleženje statistike in analizo treningov. Umetna inteligenca nam bo omogočila, da bo sistem hitro odziven in enostaven za uporabo.",,,,,SI
https://linkedopendata.eu/entity/Q7501340,2021SI16FFPR001_OP27.00153,Production of OCPS of the Municipality of Muta,Izdelava OCPS občine Muta,Slovenia,01/01/2023,31/12/2025,85.0,28000.0,EUR,23800.0,https://linkedopendata.eu/entity/Q3280501,"46.627730899217,15.134785908816",109,Multimodal transport (not urban),,,PO03,Connected Europe,RSO3.2,RSO3.2,CF,Cohesion Fund,2021SI16FFPR001,EU Cohesion Policy - SI -  ERDF/CF/ESF+/JTF,,SI_081,Muta,,,Koroška,,,SI033,2021-2027,Production of OCPS of the Municipality of Muta,Izdelava OCPS občine Muta,,,,,SI
https://linkedopendata.eu/entity/Q7501295,2021SI16FFPR001_OP27.00106,Youth work against youth precariousness - Pilot project - Youth Council of Slovenia,Z mladinskim delom proti prekarnosti mladih - pilotni projekt - Mladinski svet Slovenije,Slovenia,01/06/2024,31/12/2026,40.0,87060.4,EUR,34824.16,https://linkedopendata.eu/entity/Q3280514,"46.054328329124,14.562956200712",136,Specific support for youth employment and socio-economic integration of young people,,,PO04,Social Europe,ESO4.1,ESO4.1,ESF+,European Social Fund Plus,2021SI16FFPR001,EU Cohesion Policy - SI -  ERDF/CF/ESF+/JTF,,SI_061,Ljubljana,,,Osrednjeslovenska,,,SI041,2021-2027,Youth work against youth precariousness - Pilot project - Youth Council of Slovenia,Z mladinskim delom proti prekarnosti mladih - pilotni projekt - Mladinski svet Slovenije,,,,,SI
https://linkedopendata.eu/entity/Q7501444,2021SI16FFPR001_OP27.00258,Production of OCPS of the Municipality of Bohinj,Izdelava OCPS občine Bohinj,Slovenia,01/01/2023,30/06/2025,85.0,28000.0,EUR,23800.0,https://linkedopendata.eu/entity/Q3281155,"46.294330507582,13.91600801869",109,Multimodal transport (not urban),,,PO03,Connected Europe,RSO3.2,RSO3.2,CF,Cohesion Fund,2021SI16FFPR001,EU Cohesion Policy - SI -  ERDF/CF/ESF+/JTF,,SI_004,Bohinj,,,Gorenjska,,,SI042,2021-2027,Production of OCPS of the Municipality of Bohinj,Izdelava OCPS občine Bohinj,,,,,SI
https://linkedopendata.eu/entity/Q7501626,2021SI16FFPR001_OP27.00452,Knowledge triangle to design ways to maintain cognitive abilities in residents with dementia,Trikotnik znanja za oblikovanje načinov ohranjanja kognitivnih sposobnosti pri stanovalcih z demenco,Slovenia,01/01/2025,31/08/2025,40.0,24000.0,EUR,9600.0,https://linkedopendata.eu/entity/Q3279616,"46.1,14.15",150,Support for tertiary education (excluding infrastructure),,,PO04,Social Europe,ESO4.5,ESO4.5,ESF+,European Social Fund Plus,2021SI16FFPR001,EU Cohesion Policy - SI -  ERDF/CF/ESF+/JTF,,,,,Western Slovenia,,,SI04,,2021-2027,"Within the framework of the operation, it will be possible to acquire practical experience, knowledge and competences of students in the work environment during their studies, promote the strengthening of cooperation and integration, as well as the transfer of knowledge between the higher education system and the work environment (the economy). In this way, young people will be able to develop their skills in the realization of ideas, the development of entrepreneurship, innovation, creative and critical thinking, creativity, etc. for greater employability and easier transition into the working environment after the completion of their studies. The call also addresses other challenges of higher education, such as the systemic introduction of knowledge transfer between higher education institutions and the working environment, greater flexibility and adaptation of study programmes to the needs of the labour market, and the establishment of long-term cooperation between higher education institutions and the working environment.","V okviru operacije bo omogočeno pridobivanje praktičnih izkušenj, znanj in kompetenc študentov v delovnem okolju v času študija, spodbujanje krepitve sodelovanja in povezovanja ter prenosa znanja med visokošolskim sistemom in med delovnim okoljem (gospodarstvo). Na ta način se bo mladim omogočalo razvoj znanj in spretnosti pri uresničevanju idej, razvoj podjetnosti, inovativnosti, kreativnega in kritičnega razmišljanja, ustvarjalnosti ipd. za večjo zaposljivost in lažji prehod v delovno okolje po zaključku študija. Z javnim razpisom se naslavlja tudi druge izzive visokega šolstva kot npr. sistemsko uvajanje prenosa znanja med visokošolskimi zavodi in delovnim okoljem, večja fleksibilnost in prilagajanje študijskih programov potrebam trga dela ter vzpostavitev dolgoročnega sodelovanja med visokošolskimi zavodi in delovnim okoljem.",,,,,SI
https://linkedopendata.eu/entity/Q7501303,2021SI16FFPR001_OP27.00117,Youth work against youth precariousness - pilot project - Zavod Mreža MaMa,Z mladinskim delom proti prekarnosti mladih - pilotni projekt - Zavod Mreža MaMa,Slovenia,01/06/2024,31/12/2026,40.0,87060.4,EUR,34824.16,https://linkedopendata.eu/entity/Q3279408,"46.054328329124,14.562956200712",136,Specific support for youth employment and socio-economic integration of young people,,,PO04,Social Europe,ESO4.1,ESO4.1,ESF+,European Social Fund Plus,2021SI16FFPR001,EU Cohesion Policy - SI -  ERDF/CF/ESF+/JTF,,SI_061,Ljubljana,,,Osrednjeslovenska,,,SI041,2021-2027,Youth work against youth precariousness - pilot project - Zavod Mreža MaMa,Z mladinskim delom proti prekarnosti mladih - pilotni projekt - Zavod Mreža MaMa,,,,,SI
https://linkedopendata.eu/entity/Q7501359,2021SI16FFPR001_OP27.00172,Production of OCPS of the Municipality of Šmarje pri Jelšah,Izdelava OCPS občine Šmarje pri Jelšah,Slovenia,01/01/2023,30/06/2025,85.0,40000.0,EUR,34000.0,https://linkedopendata.eu/entity/Q3279066,"46.214954117737,15.51988465582",109,Multimodal transport (not urban),,,PO03,Connected Europe,RSO3.2,RSO3.2,CF,Cohesion Fund,2021SI16FFPR001,EU Cohesion Policy - SI -  ERDF/CF/ESF+/JTF,,SI_124,Šmarje pri Jelšah,,,Savinjska,,,SI034,2021-2027,Production of OCPS of the Municipality of Šmarje pri Jelšah,Izdelava OCPS občine Šmarje pri Jelšah,,,,,SI
https://linkedopendata.eu/entity/Q7501298,2021SI16FFPR001_OP27.00109,Youth work against youth precariousness - pilot project - Alpine Association of Slovenia,Z mladinskim delom proti prekarnosti mladih - pilotni projekt - Planinska zveza Slovenije,Slovenia,01/06/2024,31/12/2026,40.0,87060.4,EUR,34824.16,https://linkedopendata.eu/entity/Q3280515,"46.054328329124,14.562956200712",136,Specific support for youth employment and socio-economic integration of young people,,,PO04,Social Europe,ESO4.1,ESO4.1,ESF+,European Social Fund Plus,2021SI16FFPR001,EU Cohesion Policy - SI -  ERDF/CF/ESF+/JTF,,SI_061,Ljubljana,,,Osrednjeslovenska,,,SI041,2021-2027,Youth work against youth precariousness - pilot project - Alpine Association of Slovenia,Z mladinskim delom proti prekarnosti mladih - pilotni projekt - Planinska zveza Slovenije,,,,,SI
https://linkedopendata.eu/entity/Q7501310,2021SI16FFPR001_OP27.00124,Youth work against youth precariousness - Pilot project - IRDO Institute,Z mladinskim delom proti prekarnosti mladih - pilotni projekt - Inštitut IRDO,Slovenia,01/06/2024,31/12/2026,40.0,87060.4,EUR,34824.16,https://linkedopendata.eu/entity/Q3279409,"46.054328329124,14.562956200712",136,Specific support for youth employment and socio-economic integration of young people,,,PO04,Social Europe,ESO4.1,ESO4.1,ESF+,European Social Fund Plus,2021SI16FFPR001,EU Cohesion Policy - SI -  ERDF/CF/ESF+/JTF,,SI_061,Ljubljana,,,Osrednjeslovenska,,,SI041,2021-2027,Youth work against youth precariousness - Pilot project - IRDO Institute,Z mladinskim delom proti prekarnosti mladih - pilotni projekt - Inštitut IRDO,,,,,SI
https://linkedopendata.eu/entity/Q7501243,2021SI16FFPR001_OP27.00053,SPOT Consulting Posavje 2023-2025,SPOT svetovanje Posavje 2023-2025,Slovenia,01/11/2023,31/12/2025,85.0,247442.0,EUR,210325.7,https://linkedopendata.eu/entity/Q3279137,"45.942467,15.5256543",024,"Advanced support services for SMEs and groups of SMEs (including management, marketing and design services)",,,PO01,Smarter Europe,RSO1.3,RSO1.3,ERDF,European Regional Development Fund,2021SI16FFPR001,EU Cohesion Policy - SI -  ERDF/CF/ESF+/JTF,,,,,,Posavska,,,SI036,2021-2027,SPOT Consulting Posavje 2023-2025,SPOT svetovanje Posavje 2023-2025,,,,,SI
https://linkedopendata.eu/entity/Q7501676,2021SI16FFPR001_OP27.00535,"Innovative CargoSpaceControl device for smart control of cargo space for less emissions, efficient and sustainable transport with less empty kilometers","Inovativna CargoSpaceControl naprava za pametni nadzor tovornega prostora za manj emisij, učinkovit in trajnostni transport z manj praznimi kilometri",Slovenia,13/03/2025,31/03/2027,85.0,72000.0,EUR,61200.0,https://linkedopendata.eu/entity/Q7501168,"45.807920974844,14.93122295832",025,"Incubation, support to spin offs and spin outs and start ups",,,PO01,Smarter Europe,RSO1.3,RSO1.3,ERDF,European Regional Development Fund,2021SI16FFPR001,EU Cohesion Policy - SI -  ERDF/CF/ESF+/JTF,,SI_193,Žužemberk,,,Jugovzhodna Slovenija,,,SI037,2021-2027,"The subject of the project is CargoSpaceControl, an advanced digital cargo space control system that optimises transport, reduces empty kilometres and CO2 emissions. It is the first telematics solution that uses AI and computer vision to detect people and optimize loading. The dispatchers have 24/7 insight into the state of the fleet, and the system automatically collects data, generates analyses and improves transport planning. The system automatically detects empty space, improves safety and reduces risks when transporting goods.","Predmet projekta je CargoSpaceControl, napreden digitalni sistem za nadzor tovornega prostora, ki optimizira prevoze, zmanjšuje prazne kilometre in emisije CO2. Gre za prvo telematično rešitev, ki uporablja AI in računalniški vid za zaznavanje oseb in optimizacijo nakladanja. Dispečerji imajo 24/7 vpogled v stanje flote, sistem pa avtomatsko zbira podatke, generira analize in izboljšuje načrtovanje prevozov. Sistem samodejno zaznava prazni prostor, izboljšuje varnost in zmanjšuje tveganja pri prevozu blaga.",,,,,SI
https://linkedopendata.eu/entity/Q7501700,2021SI16FFPR001_OP27.00559,Call for proposals for the co-financing of projects Transition of young people +,Javni razpis za sofinanciranje projektov Prehod mladih +,Slovenia,01/05/2025,30/09/2029,40.0,421968.0,EUR,168787.2,https://linkedopendata.eu/entity/Q3280790,"46.054328329124,14.562956200712",153,Pathways to integration and re-entry into employment for disadvantaged people,,,PO04,Social Europe,ESO4.8,ESO4.8,ESF+,European Social Fund Plus,2021SI16FFPR001,EU Cohesion Policy - SI -  ERDF/CF/ESF+/JTF,,SI_061,Ljubljana,,,Osrednjeslovenska,,,SI041,2021-2027,"The purpose of the public call is to increase the employment of young people with special needs through various forms of assistance through preventive measures, systematic professional work with young people with special needs, the preparation of a proposal for updated standards and norms of employment rehabilitation for young people, and an awareness-raising campaign, thus contributing to greater social inclusion of young people with special needs and equalization of opportunities.","Namen javnega razpisa je s preventivnim ukrepanjem, s sistematičnim strokovnim delom z mladimi s posebnimi potrebami, pripravo predloga dopolnjenih standardov in normativov zaposlitvene rehabilitacije za mlade ter kampanjo ozaveščanja povečati zaposlovanje mladih s posebnimi potrebami preko različnih oblik pomoči ter tako vplivati na večjo socialno vključenost mladih s posebnimi potrebami in izenačevanje možnosti.",,,,,SI
https://linkedopendata.eu/entity/Q7501507,2021SI16FFPR001_OP27.00321,Durable paving plate Manex 40x60,Trajnostna plošča za tlakovanje Manex 40x60,Slovenia,28/03/2024,31/03/2026,40.0,72000.0,EUR,28800.0,https://linkedopendata.eu/entity/Q7501122,"46.054328329124,14.562956200712",025,"Incubation, support to spin offs and spin outs and start ups",,,PO01,Smarter Europe,RSO1.3,RSO1.3,ERDF,European Regional Development Fund,2021SI16FFPR001,EU Cohesion Policy - SI -  ERDF/CF/ESF+/JTF,,SI_061,Ljubljana,,,Osrednjeslovenska,,,SI041,2021-2027,"As part of the submitted project, the company will develop a sustainable paving board Manex 40x60, where traditional cement as a binder will be replaced with non-recycled plastic.","V okviru prijavljenega projekta bo podjetje razvilo trajnostno ploščo za tlakovanje Manex 40x60, kjer bo tradicionalni cement kot vezivo nadomeščen z ne-reciklirano plastiko.",,,,,SI
https://linkedopendata.eu/entity/Q7501392,2021SI16FFPR001_OP27.00205,Production of OCPS Municipality of Tabor,Izdelava OCPS Občine Tabor,Slovenia,01/01/2023,31/12/2025,85.0,28000.0,EUR,23800.0,https://linkedopendata.eu/entity/Q3281407,"46.220549788215,15.009342427731",109,Multimodal transport (not urban),,,PO03,Connected Europe,RSO3.2,RSO3.2,CF,Cohesion Fund,2021SI16FFPR001,EU Cohesion Policy - SI -  ERDF/CF/ESF+/JTF,,SI_184,Tabor,,,Savinjska,,,SI034,2021-2027,Production of OCPS Municipality of Tabor,Izdelava OCPS Občine Tabor,,,,,SI
https://linkedopendata.eu/entity/Q7501647,2021SI16FFPR001_OP27.00478,Operation Financial Instruments 2021-2027,Operacija Finančni instrumenti 2021-2027,Slovenia,17/03/2025,31/12/2029,60.69,49429411.76,EUR,30000000.0,https://linkedopendata.eu/entity/Q3280807,"46.1,14.15|46.08333333,15.45",075|076,Support to environmentally-friendly production processes and resource efficiency in SMEs|Support to environmentally-friendly production processes and resource efficiency in large enterprises,,,PO02,"Greener, carbon-free Europe",RSO2.6,RSO2.6,ERDF,European Regional Development Fund,2021SI16FFPR001,EU Cohesion Policy - SI -  ERDF/CF/ESF+/JTF,,,,,Western Slovenia|Eastern Slovenia,,,SI04|SI03,,2021-2027,"FI 2021-2027 is intended to promote growth, development, investment and current operations of target groups defined in the FI 2021-2027 Holding Fund Investment Strategy for the period from 2025 to 2029. Operation FI 2021-2027 will be implemented under the following specific objectives: SC 1.1, SC 1.3, SC 2.1, SC 2.6 and SC 5.1.","FI 2021-2027 so namenjeni spodbujanju rasti, razvoja, investicijskih vlaganj in tekočega poslovanja ciljnih skupin opredeljenih v Naložbeni strategiji Holdinškega sklada FI 2021-2027 za obdobje od 2025 - 2029. Operacija FI 2021-2027 se bo izvajala v okviru naslednjih specifičnih ciljev: SC 1.1, SC 1.3, SC 2.1, SC 2.6 in SC 5.1.",,,,,SI
https://linkedopendata.eu/entity/Q7501378,2021SI16FFPR001_OP27.00191,Production of OCPS of the Municipality of Velike Lašče,Izdelava OCPS Občine Velike Lašče,Slovenia,01/01/2023,31/12/2025,85.0,28000.0,EUR,23800.0,https://linkedopendata.eu/entity/Q7501079,"45.843020885136,14.587339568211",109,Multimodal transport (not urban),,,PO03,Connected Europe,RSO3.2,RSO3.2,CF,Cohesion Fund,2021SI16FFPR001,EU Cohesion Policy - SI -  ERDF/CF/ESF+/JTF,,SI_134,Velike Lašče,,,Osrednjeslovenska,,,SI041,2021-2027,Production of OCPS of the Municipality of Velike Lašče,Izdelava OCPS Občine Velike Lašče,,,,,SI
https://linkedopendata.eu/entity/Q7501416,2021SI16FFPR001_OP27.00230,Municipal Integrated Transport Strategy Municipality of Črnomelj,Občinska celostna prometna strategija občina Črnomelj,Slovenia,01/01/2023,30/06/2025,85.0,40000.0,EUR,34000.0,https://linkedopendata.eu/entity/Q3279061,"45.521338193394,15.196737009703",109,Multimodal transport (not urban),,,PO03,Connected Europe,RSO3.2,RSO3.2,CF,Cohesion Fund,2021SI16FFPR001,EU Cohesion Policy - SI -  ERDF/CF/ESF+/JTF,,SI_017,Črnomelj,,,Jugovzhodna Slovenija,,,SI037,2021-2027,Municipal Integrated Transport Strategy Municipality of Črnomelj,Občinska celostna prometna strategija občina Črnomelj,,,,,SI
https://linkedopendata.eu/entity/Q7501215,2021SI16FFPR001_OP27.00028,Core competences 2023-2029 Pokolpje,Temeljne kompetence 2023-2029 Pokolpje,Slovenia,13/10/2023,30/06/2029,85.0,1259791.3,EUR,1070822.6,https://linkedopendata.eu/entity/Q3279115,"45.521338193394,15.196737009703",151,Support for adult education (excluding infrastructure),,,PO04,Social Europe,ESO4.7,ESO4.7,ESF+,European Social Fund Plus,2021SI16FFPR001,EU Cohesion Policy - SI -  ERDF/CF/ESF+/JTF,,SI_017,Črnomelj,,,Jugovzhodna Slovenija,,,SI037,2021-2027,Core competences 2023-2029 Pokolpje,Temeljne kompetence 2023-2029 Pokolpje,,,,,SI
https://linkedopendata.eu/entity/Q7501307,2021SI16FFPR001_OP27.00112,Youth work against youth precariousness - Pilot project - Syndicate Youth Plus,Z mladinskim delom proti prekarnosti mladih - pilotni projekt - Sindikat Mladi plus,Slovenia,01/06/2024,31/12/2026,40.0,87060.4,EUR,34824.16,https://linkedopendata.eu/entity/Q3279411,"46.054328329124,14.562956200712",136,Specific support for youth employment and socio-economic integration of young people,,,PO04,Social Europe,ESO4.1,ESO4.1,ESF+,European Social Fund Plus,2021SI16FFPR001,EU Cohesion Policy - SI -  ERDF/CF/ESF+/JTF,,SI_061,Ljubljana,,,Osrednjeslovenska,,,SI041,2021-2027,Youth work against youth precariousness - Pilot project - Syndicate Youth Plus,Z mladinskim delom proti prekarnosti mladih - pilotni projekt - Sindikat Mladi plus,,,,,SI
https://linkedopendata.eu/entity/Q7501579,2021SI16FFPR001_OP27.00397,Management of the Ovtar Slovenske gorice LAG in the period 2021-2027,Upravljanje LAS Ovtar Slovenskih goric v obdobju 2021-2027,Slovenia,01/01/2024,30/09/2029,85.0,258495.14,EUR,219720.87,https://linkedopendata.eu/entity/Q3279389,"46.45,15.68333333",169,"Territorial development initiatives, including preparation of territorial strategies",,,PO05,Europe closer to citizens,RSO5.2,RSO5.2,ERDF,European Regional Development Fund,2021SI16FFPR001,EU Cohesion Policy - SI -  ERDF/CF/ESF+/JTF,,,,,,Podravska,,,SI032,2021-2027,"Support for the management of the LAG is intended to co-finance the costs incurred in the management and operation of the LAG, including monitoring and evaluation of the approved SLR, animation of the LAG area and assistance to potential beneficiaries for developing project ideas and preparing projects.","Podpora za upravljanje LAS je namenjena za sofinanciranje stroškov, ki so nastali pri upravljanju in delovanju LAS, vključno s spremljanjem in vrednotenjem odobrene SLR, animacijo območja LAS in pomoči morebitnim upravičencem za razvijanje projektnih idej in pripravo projektov.",,,,,SI
https://linkedopendata.eu/entity/Q7501622,2021SI16FFPR001_OP27.00448,"Problem-Student Learning in the Work Environment: Economic, non-economic and non-profit sectors in the local/regional environment 2024-2027","Problemsko učenje študentov v delovno okolje: gospodarsko, negospodarsko in neprofitni sektor v lokalnem/regionalnem okolju 2024-2027",Slovenia,01/10/2024,31/08/2025,40.0,44700.0,EUR,17880.0,https://linkedopendata.eu/entity/Q3279250,"46.1,14.15",150,Support for tertiary education (excluding infrastructure),,,PO04,Social Europe,ESO4.5,ESO4.5,ESF+,European Social Fund Plus,2021SI16FFPR001,EU Cohesion Policy - SI -  ERDF/CF/ESF+/JTF,,,,,Western Slovenia,,,SI04,,2021-2027,"The operation will enable the acquisition of practical experience, knowledge and competences of students in the work environment during their studies, encourage the strengthening of cooperation and integration and transfer of knowledge between the higher education system and the work environment (the economy and the non-economy and non-profit sector in the local and regional environment). In this way, young people will be able to develop their skills in the realization of ideas, the development of entrepreneurship, innovation, creative and critical thinking, creativity, etc. for greater employability and easier transition into the working environment after the completion of their studies. The call also addresses other challenges of higher education, such as the systemic introduction of knowledge transfer between higher education institutions and the working environment, greater flexibility and adaptation of study programmes to the needs of the labour market, and the establishment of long-term cooperation between higher education institutions and the working environment.","V okviru operacije bo omogočeno pridobivanje praktičnih izkušenj, znanj in kompetenc študentov v delovnem okolju v času študija, spodbujanje krepitve sodelovanja in povezovanja ter prenosa znanja med visokošolskim sistemom in med delovnim okoljem (gospodarstvo ter negospodarstvo in neprofitni sektor v lokalnem in regionalnem okolju). Na ta način se bo mladim omogočalo razvoj znanj in spretnosti pri uresničevanju idej, razvoj podjetnosti, inovativnosti, kreativnega in kritičnega razmišljanja, ustvarjalnosti ipd. za večjo zaposljivost in lažji prehod v delovno okolje po zaključku študija. Z javnim razpisom se naslavlja tudi druge izzive visokega šolstva kot npr. sistemsko uvajanje prenosa znanja med visokošolskimi zavodi in delovnim okoljem, večja fleksibilnost in prilagajanje študijskih programov potrebam trga dela ter vzpostavitev dolgoročnega sodelovanja med visokošolskimi zavodi in delovnim okoljem.",,,,,SI
https://linkedopendata.eu/entity/Q7501446,2021SI16FFPR001_OP27.00260,Production of OCPS of the Municipality of Šentjernej,Izdelava OCPS občine Šentjernej,Slovenia,01/01/2023,31/12/2025,85.0,40000.0,EUR,34000.0,https://linkedopendata.eu/entity/Q3279659,"45.826463959437,15.332442444909",109,Multimodal transport (not urban),,,PO03,Connected Europe,RSO3.2,RSO3.2,CF,Cohesion Fund,2021SI16FFPR001,EU Cohesion Policy - SI -  ERDF/CF/ESF+/JTF,,SI_119,Šentjernej,,,Jugovzhodna Slovenija,,,SI037,2021-2027,Production of OCPS of the Municipality of Šentjernej,Izdelava OCPS občine Šentjernej,,,,,SI
https://linkedopendata.eu/entity/Q7501449,2021SI16FFPR001_OP27.00263,"Production of OCPS of municipalities of Nazarje, Gornji Grad, Mozirje, Šmartno ob Paki","Izdelava OCPS občin Nazarje, Gornji Grad, Mozirje, Šmartno ob Paki",Slovenia,01/01/2023,31/12/2025,85.0,112000.0,EUR,95200.0,https://linkedopendata.eu/entity/Q3280548,"46.282493551425,14.912680068067",109,Multimodal transport (not urban),,,PO03,Connected Europe,RSO3.2,RSO3.2,CF,Cohesion Fund,2021SI16FFPR001,EU Cohesion Policy - SI -  ERDF/CF/ESF+/JTF,,SI_083,Nazarje,,,Savinjska,,,SI034,2021-2027,"Production of OCPS of municipalities of Nazarje, Gornji Grad, Mozirje, Šmartno ob Paki","Izdelava OCPS občin Nazarje, Gornji Grad, Mozirje, Šmartno ob Paki",,,,,SI
https://linkedopendata.eu/entity/Q7501613,2021SI16FFPR001_OP27.00438,"Green mindset, creative employees - sustainable tourism","Zelena miselnost, ustvarjalni zaposleni - trajnostni turizem",Slovenia,15/02/2025,30/06/2025,40.0,44700.0,EUR,17880.0,https://linkedopendata.eu/entity/Q7501143,"46.1,14.15",150,Support for tertiary education (excluding infrastructure),,,PO04,Social Europe,ESO4.5,ESO4.5,ESF+,European Social Fund Plus,2021SI16FFPR001,EU Cohesion Policy - SI -  ERDF/CF/ESF+/JTF,,,,,Western Slovenia,,,SI04,,2021-2027,"The operation will enable the acquisition of practical experience, knowledge and competences of students in the work environment during their studies, encourage the strengthening of cooperation and integration and transfer of knowledge between the higher education system and the work environment (the economy and the non-economy and non-profit sector in the local and regional environment). In this way, young people will be able to develop their skills in the realization of ideas, the development of entrepreneurship, innovation, creative and critical thinking, creativity, etc. for greater employability and easier transition into the working environment after the completion of their studies. The call also addresses other challenges of higher education, such as the systemic introduction of knowledge transfer between higher education institutions and the working environment, greater flexibility and adaptation of study programmes to the needs of the labour market, and the establishment of long-term cooperation between higher education institutions and the working environment.","V okviru operacije bo omogočeno pridobivanje praktičnih izkušenj, znanj in kompetenc študentov v delovnem okolju v času študija, spodbujanje krepitve sodelovanja in povezovanja ter prenosa znanja med visokošolskim sistemom in med delovnim okoljem (gospodarstvo ter negospodarstvo in neprofitni sektor v lokalnem in regionalnem okolju). Na ta način se bo mladim omogočalo razvoj znanj in spretnosti pri uresničevanju idej, razvoj podjetnosti, inovativnosti, kreativnega in kritičnega razmišljanja, ustvarjalnosti ipd. za večjo zaposljivost in lažji prehod v delovno okolje po zaključku študija. Z javnim razpisom se naslavlja tudi druge izzive visokega šolstva kot npr. sistemsko uvajanje prenosa znanja med visokošolskimi zavodi in delovnim okoljem, večja fleksibilnost in prilagajanje študijskih programov potrebam trga dela ter vzpostavitev dolgoročnega sodelovanja med visokošolskimi zavodi in delovnim okoljem.",,,,,SI
https://linkedopendata.eu/entity/Q7501617,2021SI16FFPR001_OP27.00443,Innovative programmes for cultural and entrepreneurial digital development,Inovativni programi za kulturni in podjetniški digitalni razvoj,Slovenia,01/10/2024,31/08/2025,85.0,44700.0,EUR,37995.0,https://linkedopendata.eu/entity/Q3279248,"46.08333333,15.45",150,Support for tertiary education (excluding infrastructure),,,PO04,Social Europe,ESO4.5,ESO4.5,ESF+,European Social Fund Plus,2021SI16FFPR001,EU Cohesion Policy - SI -  ERDF/CF/ESF+/JTF,,,,,Eastern Slovenia,,,SI03,,2021-2027,"The operation will enable the acquisition of practical experience, knowledge and competences of students in the work environment during their studies, encourage the strengthening of cooperation and integration and transfer of knowledge between the higher education system and the work environment (the economy and the non-economy and non-profit sector in the local and regional environment). In this way, young people will be able to develop their skills in the realization of ideas, the development of entrepreneurship, innovation, creative and critical thinking, creativity, etc. for greater employability and easier transition into the working environment after the completion of their studies. The call also addresses other challenges of higher education, such as the systemic introduction of knowledge transfer between higher education institutions and the working environment, greater flexibility and adaptation of study programmes to the needs of the labour market, and the establishment of long-term cooperation between higher education institutions and the working environment.","V okviru operacije bo omogočeno pridobivanje praktičnih izkušenj, znanj in kompetenc študentov v delovnem okolju v času študija, spodbujanje krepitve sodelovanja in povezovanja ter prenosa znanja med visokošolskim sistemom in med delovnim okoljem (gospodarstvo ter negospodarstvo in neprofitni sektor v lokalnem in regionalnem okolju). Na ta način se bo mladim omogočalo razvoj znanj in spretnosti pri uresničevanju idej, razvoj podjetnosti, inovativnosti, kreativnega in kritičnega razmišljanja, ustvarjalnosti ipd. za večjo zaposljivost in lažji prehod v delovno okolje po zaključku študija. Z javnim razpisom se naslavlja tudi druge izzive visokega šolstva kot npr. sistemsko uvajanje prenosa znanja med visokošolskimi zavodi in delovnim okoljem, večja fleksibilnost in prilagajanje študijskih programov potrebam trga dela ter vzpostavitev dolgoročnega sodelovanja med visokošolskimi zavodi in delovnim okoljem.",,,,,SI
https://linkedopendata.eu/entity/Q7501660,2021SI16FFPR001_OP27.00501,Renovation of the road CKŽ - G1 5,Obnova ceste CKŽ - G1 5,Slovenia,17/06/2021,31/12/2025,85.0,1732069.74,EUR,1472259.28,https://linkedopendata.eu/entity/Q3282608,"46.08333333,15.45",081|082|086,Clean urban transport infrastructure|Clean urban transport rolling stock|Alternative fuels infrastructure,,,PO02,"Greener, carbon-free Europe",RSO2.8,RSO2.8,ERDF,European Regional Development Fund,2021SI16FFPR001,EU Cohesion Policy - SI -  ERDF/CF/ESF+/JTF,,,,,Eastern Slovenia,,,SI03,,2021-2027,"The operation envisages the reconstruction of pedestrian areas on the section G1-5/0336 from km 1+111 (crossroad near the cemetery) to km 2+350 (to the connection at TC Krško), as well as the purchase of an electric bus and the installation of a charging station for PHP. As part of the reconstruction of the road and pedestrian areas, it is also provided for: renovation of bus stops, traffic lightization of the pedestrian crossing of the road, renovation of road lighting, protection and relocation of existing ducts of commercial public infrastructure (water supply, EE ducts, TK ducts, ŠOEK) and landscape architecture.","V okviru operacije je predvidena rekonstrukcija površin za pešce na odseku G1-5/0336 od km 1+111 (križišče pri pokopališču) do km 2+350 (do priključka pri TC Krško) ter nakup električnega avtobusa in postavitev polnilnice za JPP. V sklopu rekonstrukcije ceste in površin za pešce je predvideno tudi: obnova avtobusnih postajališč, semaforizacija peš prehoda ceste, obnova cestne razsvetljave, zaščita in prestavitev obstoječih vodov gospodarske javne infrastrukture (vodovod, EE vodi, TK vodi, ŠOEK) in krajinska arhitektura.",,,,,SI
https://linkedopendata.eu/entity/Q7501607,2021SI16FFPR001_OP27.00432,Integrated treatment of people with chronic kidney disease from the perspective of strengthening health literacy and reducing health inequalities,Integrirana obravnava oseb s kronično ledvično boleznijo z vidika krepitve zdravstvene pismenosti in zmanjševanja neenakosti v zdravju,Slovenia,27/08/2024,30/06/2028,61.99,2523913.24,EUR,1564504.11,https://linkedopendata.eu/entity/Q3278989|https://linkedopendata.eu/entity/Q3280732,"46.054328329124,14.562956200712",160,"Measures to improve the accessibility, effectiveness and resilience of healthcare systems (excluding infrastructure)",,,PO04,Social Europe,ESO4.11,ESO4.11,ESF+,European Social Fund Plus,2021SI16FFPR001,EU Cohesion Policy - SI -  ERDF/CF/ESF+/JTF,,SI_061,Ljubljana,,,Osrednjeslovenska,,,SI041,2021-2027,"The subject of the direct confirmation of the operation is the co-financing of activities that will contribute to the development and implementation of interdisciplinary, preventive treatment for persons with chronic kidney disease (hereinafter: KLB) at the primary level of health care and to the development and implementation of an integrated pathway for the treatment of persons with KLB in Slovenia, from the point of view of improving health literacy and reducing health inequalities. The purpose of the direct confirmation of the operation is the development of a preventive programme for persons with KLB at the primary level, which will also enable the creation of an integrated treatment route for persons with KLB, which will connect structures and services in the health system (at different levels of health care) and beyond (non-governmental organisations, local groups for health promotion, local communities), which will contribute to better treatment and self-sufficiency of persons with KLB and ensure better accessibility and equal treatment of persons with KLB in Slovenia.","Predmet neposredne potrditve operacije je sofinanciranje aktivnosti, ki bodo prispevale k razvoju in implementaciji interdisciplinarne, preventivne obravnave za osebe s kronično ledvično boleznijo (v nadaljnjem besedilu: KLB) na primarni ravni zdravstvenega varstva ter k razvoju in implementaciji integrirane poti obravnave oseb s KLB v Sloveniji, z vidika izboljševanja zdravstvene pismenosti in zmanjševanja neenakosti v zdravju. Namen neposredne potrditve operacije je razvoj preventivnega programa za osebe s KLB na primarnem nivoju, ki bo omogočal tudi izdelavo integrirane poti obravnave oseb s KLB, ki bo povezala strukture in storitve v zdravstvenem sistemu (na različnih ravneh zdravstvenega varstva) in izven njega (nevladne organizacije, lokalne skupine za krepitev zdravja, lokalne skupnosti), kar bo prispevalo k boljši obravnavi ter samooskrbi oseb s KLB ter zagotavljanju boljše dostopnosti in enake obravnave oseb s KLB v Sloveniji.",,,,,SI
https://linkedopendata.eu/entity/Q7501417,2021SI16FFPR001_OP27.00231,Production of OCPS of the Municipality of Starše,Izdelava OCPS občine Starše,Slovenia,01/01/2023,30/06/2025,85.0,28000.0,EUR,23800.0,https://linkedopendata.eu/entity/Q3280644,"46.457802396468,15.755268278494",109,Multimodal transport (not urban),,,PO03,Connected Europe,RSO3.2,RSO3.2,CF,Cohesion Fund,2021SI16FFPR001,EU Cohesion Policy - SI -  ERDF/CF/ESF+/JTF,,SI_115,Starše,,,Podravska,,,SI032,2021-2027,Production of OCPS of the Municipality of Starše,Izdelava OCPS občine Starše,,,,,SI
https://linkedopendata.eu/entity/Q7501667,2021SI16FFPR001_OP27.00527,EXO - AR Gamified Sustainable Application,EXO - AR Gamificirana Trajnostna Aplikacija,Slovenia,13/03/2025,31/03/2027,85.0,72000.0,EUR,61200.0,https://linkedopendata.eu/entity/Q7501165,"46.056049150313,14.919749765867",025,"Incubation, support to spin offs and spin outs and start ups",,,PO01,Smarter Europe,RSO1.3,RSO1.3,ERDF,European Regional Development Fund,2021SI16FFPR001,EU Cohesion Policy - SI -  ERDF/CF/ESF+/JTF,,SI_060,Litija,,,Zasavska,,,SI035,2021-2027,"The subject of the project is the development of the EXO platform, which through augmented reality (AR) and gamification encourages users to perform environmentally friendly actions. The platform solves the problem of the disconnection of the physical and digital worlds and the lack of motivation for environmental actions.","Predmet projekta je razvoj platforme EXO, ki preko razširjene resničnost (AR) in gamifikacije uporabnike spodbuja k izvajanju okolju prijaznih dejanj. Platforma rešuje problem nepovezanosti fizičnega in digitalnega sveta ter pomanjkanja motivacije za okoljevarstvene akcije.",,,,,SI
https://linkedopendata.eu/entity/Q7501708,2021SI16FFPR001_OP27.00567,Call for proposals for the co-financing of projects Transition of young people +,Javni razpis za sofinanciranje projektov Prehod mladih +,Slovenia,01/05/2025,30/09/2029,40.0,100128.0,EUR,40051.2,https://linkedopendata.eu/entity/Q3280798,"46.449271577068,14.072500315735",153,Pathways to integration and re-entry into employment for disadvantaged people,,,PO04,Social Europe,ESO4.8,ESO4.8,ESF+,European Social Fund Plus,2021SI16FFPR001,EU Cohesion Policy - SI -  ERDF/CF/ESF+/JTF,,SI_041,Jesenice,,,Gorenjska,,,SI042,2021-2027,"The purpose of the public call is to increase the employment of young people with special needs through various forms of assistance through preventive measures, systematic professional work with young people with special needs, the preparation of a proposal for updated standards and norms of employment rehabilitation for young people, and an awareness-raising campaign, thus contributing to greater social inclusion of young people with special needs and equalization of opportunities.","Namen javnega razpisa je s preventivnim ukrepanjem, s sistematičnim strokovnim delom z mladimi s posebnimi potrebami, pripravo predloga dopolnjenih standardov in normativov zaposlitvene rehabilitacije za mlade ter kampanjo ozaveščanja povečati zaposlovanje mladih s posebnimi potrebami preko različnih oblik pomoči ter tako vplivati na večjo socialno vključenost mladih s posebnimi potrebami in izenačevanje možnosti.",,,,,SI
https://linkedopendata.eu/entity/Q7501572,2021SI16FFPR001_OP27.00390,Management of LAGs between Snežnik and Nanos in the period 2021-2027,Upravljanje LAS med Snežnikom in Nanosom v obdobju 2021-2027,Slovenia,01/01/2024,30/09/2029,85.0,266731.0,EUR,226721.35,https://linkedopendata.eu/entity/Q3279097,"45.6800342,14.3195439",169,"Territorial development initiatives, including preparation of territorial strategies",,,PO05,Europe closer to citizens,RSO5.2,RSO5.2,ERDF,European Regional Development Fund,2021SI16FFPR001,EU Cohesion Policy - SI -  ERDF/CF/ESF+/JTF,,,,,,Primorsko-notranjska,,,SI038,2021-2027,"Support for the management of the LAG is intended to co-finance the costs incurred in the management and operation of the LAG, including monitoring and evaluation of the approved SLR, animation of the LAG area and assistance to potential beneficiaries for developing project ideas and preparing projects.","Podpora za upravljanje LAS je namenjena za sofinanciranje stroškov, ki so nastali pri upravljanju in delovanju LAS, vključno s spremljanjem in vrednotenjem odobrene SLR, animacijo območja LAS in pomoči morebitnim upravičencem za razvijanje projektnih idej in pripravo projektov.",,,,,SI
https://linkedopendata.eu/entity/Q7501302,2021SI16FFPR001_OP27.00115,Youth work against youth precariousness - pilot project - Zavod Nefiks,Z mladinskim delom proti prekarnosti mladih - pilotni projekt - Zavod Nefiks,Slovenia,01/06/2024,31/12/2026,40.0,87060.4,EUR,34824.16,https://linkedopendata.eu/entity/Q3279417,"46.054328329124,14.562956200712",136,Specific support for youth employment and socio-economic integration of young people,,,PO04,Social Europe,ESO4.1,ESO4.1,ESF+,European Social Fund Plus,2021SI16FFPR001,EU Cohesion Policy - SI -  ERDF/CF/ESF+/JTF,,SI_061,Ljubljana,,,Osrednjeslovenska,,,SI041,2021-2027,Youth work against youth precariousness - pilot project - Zavod Nefiks,Z mladinskim delom proti prekarnosti mladih - pilotni projekt - Zavod Nefiks,,,,,SI
https://linkedopendata.eu/entity/Q7501500,2021SI16FFPR001_OP27.00314,Multigenerational Center Planet Generations +,Večgeneracijski center Planet generacij +,Slovenia,01/08/2024,30/09/2029,85.0,1505750.4,EUR,1279887.84,https://linkedopendata.eu/entity/Q3279100,"46.369263220381,15.133009729589",163,"Promoting social integration of people at risk of poverty or social exclusion, including the most deprived and children",,,PO04,Social Europe,ESO4.12,ESO4.12,ESF+,European Social Fund Plus,2021SI16FFPR001,EU Cohesion Policy - SI -  ERDF/CF/ESF+/JTF,,SI_133,Velenje,,,Savinjska,,,SI034,2021-2027,"The project offers various preventive content and activities aimed primarily at families, individual family members, the elderly and other vulnerable groups. Multigenerational Centre+ (VGC+) is a central gathering place in the local environment, dedicated to socializing, maintaining or expanding the social network and empowering vulnerable groups. It is a preventive project involving educational, intercultural, intergenerational and other activities.","Projekt ponuja različne preventivne vsebine in aktivnosti, namenjene predvsem družinam, posameznim družinskim članom, starejšim in drugim ranljivim skupinam. Večgeneracijski center+ (VGC+) predstavlja osrednji prostor zbiranja v lokalnem okolju, namenjen druženju, ohranjanju oziroma širjenju socialne mreže ter opolnomočenju ranljivih skupin. Gre za preventivni projekt, ki vključuje izobraževalne, medkulturne, medgeneracijske in druge dejavnosti.",,,,,SI
https://linkedopendata.eu/entity/Q7501567,2021SI16FFPR001_OP27.00383,Kompreshaus business incubator,Podjetniški inkubator Kompreshaus,Slovenia,15/01/2024,31/03/2026,85.0,600000.0,EUR,510000.0,https://linkedopendata.eu/entity/Q3279076,"46.131350227263,15.118681085452",020,Business infrastructure for SMEs (including industrial parks and sites),,,PO08,Just Transition,JTF,JTF,JTF,Just Transition Fund,2021SI16FFPR001,EU Cohesion Policy - SI -  ERDF/CF/ESF+/JTF,,SI_034,Hrastnik,,,Zasavska,,,SI035,2021-2027,Arrangement of the business incubator in the former compresshaus building.,Ureditev podjetniškega inkubatorja v nekdanjem objektu kompreshausa.,,,,,SI
https://linkedopendata.eu/entity/Q7501531,2021SI16FFPR001_OP27.00345,Call for tender for the provision of comprehensive support services for innovative individuals and innovative start-ups 2024-2025,Javni razpis za izvedbo celovitih podpornih storitev za inovativne posameznike in inovativna zagonska podjetja 2024–2025,Slovenia,01/11/2023,31/12/2025,63.4,1841666.64,EUR,1167616.65,https://linkedopendata.eu/entity/Q3280036,"46,15",025,"Incubation, support to spin offs and spin outs and start ups",,,PO01,Smarter Europe,RSO1.3,RSO1.3,ERDF,European Regional Development Fund,2021SI16FFPR001,EU Cohesion Policy - SI -  ERDF/CF/ESF+/JTF,,,,,,,,,,2021-2027,Delivery of comprehensive support services for innovative individuals and innovative start-ups 2024-2025,Izvedba celovitih podpornih storitev za inovativne posameznike in inovativna zagonska podjetja 2024–2025,,,,,SI
https://linkedopendata.eu/entity/Q7501671,2021SI16FFPR001_OP27.00525,WeFarm,WeFarm,Slovenia,13/03/2025,31/03/2027,40.0,72000.0,EUR,28800.0,https://linkedopendata.eu/entity/Q7501154,"46.054328329124,14.562956200712",025,"Incubation, support to spin offs and spin outs and start ups",,,PO01,Smarter Europe,RSO1.3,RSO1.3,ERDF,European Regional Development Fund,2021SI16FFPR001,EU Cohesion Policy - SI -  ERDF/CF/ESF+/JTF,,SI_061,Ljubljana,,,Osrednjeslovenska,,,SI041,2021-2027,"As part of the submitted project, the company is developing a smart application WeFarm, which will encourage the maximum utilisation of arable land through digitalisation and the use of modern tools. Using artificial intelligence, the application will analyze conditions in gardens and fields and offer users personalized information for optimal food production. Based on the location, weather, light and condition of the soil, the application will recommend the best plants, the optimal planting schedule and methods of care. Users will be able to monitor crop growth by taking photos, and AI will analyze its health and warn about diseases or nutrient deficiencies. The app will also allow you to connect communities and share your progress.","V okviru prijavljenega projekta podjetje razvija pametno aplikacijo WeFarm, ki bo z digitalizacijo in uporabo sodobnih orodij spodbujala k čim večjemu izkoristku obdelovalnih površin. Z uporabo umetne inteligence bo aplikacija analizirala pogoje na vrtovih in njivah ter uporabnikom ponujala personalizirane informacije za optimalno pridelavo hrane. Na podlagi lokacije, vremena, svetlobe in stanja tal bo aplikacija priporočala najboljše rastline, optimalen razpored zasaditve ter načine oskrbe. Uporabniki bodo lahko spremljali rast pridelka s fotografiranjem, UI pa bo analizirala njegovo zdravje in opozarjala na bolezni ali pomanjkanje hranil. Aplikacija bo omogočala tudi povezovanje skupnosti in deljenje svojega napredka.",,,,,SI
https://linkedopendata.eu/entity/Q7501301,2021SI16FFPR001_OP27.00114,Youth work against youth precariousness - Pilot project - Social Academy,Z mladinskim delom proti prekarnosti mladih - pilotni projekt - Socialna akademija,Slovenia,01/06/2024,31/12/2026,40.0,87060.4,EUR,34824.16,https://linkedopendata.eu/entity/Q3279412,"46.054328329124,14.562956200712",136,Specific support for youth employment and socio-economic integration of young people,,,PO04,Social Europe,ESO4.1,ESO4.1,ESF+,European Social Fund Plus,2021SI16FFPR001,EU Cohesion Policy - SI -  ERDF/CF/ESF+/JTF,,SI_061,Ljubljana,,,Osrednjeslovenska,,,SI041,2021-2027,Youth work against youth precariousness - Pilot project - Social Academy,Z mladinskim delom proti prekarnosti mladih - pilotni projekt - Socialna akademija,,,,,SI
https://linkedopendata.eu/entity/Q7501410,2021SI16FFPR001_OP27.00224,Production of OCPS of the Municipality of Kozje,Izdelava OCPS občine Kozje,Slovenia,01/01/2023,31/12/2025,85.0,28000.0,EUR,23800.0,https://linkedopendata.eu/entity/Q3280189,"46.071772710677,15.549807001372",109,Multimodal transport (not urban),,,PO03,Connected Europe,RSO3.2,RSO3.2,CF,Cohesion Fund,2021SI16FFPR001,EU Cohesion Policy - SI -  ERDF/CF/ESF+/JTF,,SI_051,Kozje,,,Savinjska,,,SI034,2021-2027,Production of OCPS of the Municipality of Kozje,Izdelava OCPS občine Kozje,,,,,SI
https://linkedopendata.eu/entity/Q7501685,2021SI16FFPR001_OP27.00544,Rockabeely,Rockabeely,Slovenia,14/03/2025,31/03/2027,85.0,72000.0,EUR,61200.0,https://linkedopendata.eu/entity/Q7501176,"46.563226869974,15.627324811128",025,"Incubation, support to spin offs and spin outs and start ups",,,PO01,Smarter Europe,RSO1.3,RSO1.3,ERDF,European Regional Development Fund,2021SI16FFPR001,EU Cohesion Policy - SI -  ERDF/CF/ESF+/JTF,,SI_070,Maribor,,,Podravska,,,SI032,2021-2027,"APIX, proizvodnja, trgovina in storitve, d.o.o. Rockabeely The company with the Rockabeely brand is entering the segment of natural cosmetic products for tattoo care with a unique 100% natural formula based on bee propolis. It is one of the fastest growing segments within the cosmetics industry. The product is in the final stage of development, it is necessary to conduct various dermatological clinical tests and obtain appropriate certificates.","APIX, proizvodnja, trgovina in storitve, d.o.o. Rockabeely Podjetje z blagovno znamko Rockabeely vstopa v segment naravnih kozmetičnih izdelkov za nego tatujev z unikatno 100% naravno formulo, ki bazira na čebeljem propolisu. Gre za segment kozmetike, ki je eden od najhitreje rastočih segmentov znotraj kozmetične panoge. Produkt je v zaključni fazi razvoja, opraviti je potrebno različne dermatološke klinične teste in pridobiti ustrezne certifikate.",,,,,SI
https://linkedopendata.eu/entity/Q7501549,2021SI16FFPR001_OP27.00363,You count too - you here gayns,Tudi ti šteješ - Te tu gejns,Slovenia,01/09/2024,31/08/2027,85.0,799995.0,EUR,679995.75,https://linkedopendata.eu/entity/Q3280317,"46.08333333,15.45",153,Pathways to integration and re-entry into employment for disadvantaged people,,,PO04,Social Europe,ESO4.8,ESO4.8,ESF+,European Social Fund Plus,2021SI16FFPR001,EU Cohesion Policy - SI -  ERDF/CF/ESF+/JTF,,,,,Eastern Slovenia,,,SI03,,2021-2027,"The operation will implement social activation+ programmes, which through their integrated approach will contribute to improving the social inclusion of Roma women and to increasing their employment opportunities.",V okviru operacije se bodo izvajali programi socialne aktivacije+ ki bodo s svojim celostnim pristopom prispevali k izboljšanju socialne vključenosti romskih žensk in k povečanju njihovih zaposlitvenih možnosti.,,,,,SI
https://linkedopendata.eu/entity/Q7501285,2021SI16FFPR001_OP27.00097,Youth work against youth precariousness - pilot project - Krško Institute for Youth and Sport,Z mladinskim delom proti prekarnosti mladih - pilotni projekt - Zavod za mladino in šport Krško,Slovenia,01/06/2024,31/12/2026,85.0,87060.4,EUR,74001.34,https://linkedopendata.eu/entity/Q3279681,"45.95594422882,15.462787913977",136,Specific support for youth employment and socio-economic integration of young people,,,PO04,Social Europe,ESO4.1,ESO4.1,ESF+,European Social Fund Plus,2021SI16FFPR001,EU Cohesion Policy - SI -  ERDF/CF/ESF+/JTF,,SI_054,Krško,,,Posavska,,,SI036,2021-2027,Youth work against youth precariousness - pilot project - Krško Institute for Youth and Sport,Z mladinskim delom proti prekarnosti mladih - pilotni projekt - Zavod za mladino in šport Krško,,,,,SI
https://linkedopendata.eu/entity/Q7501395,2021SI16FFPR001_OP27.00208,Production of OCPS of the Municipality of Ribnica,Izdelava OCPS občine Ribnica,Slovenia,01/01/2023,31/12/2025,85.0,40000.0,EUR,34000.0,https://linkedopendata.eu/entity/Q3278963,"45.732663108649,14.717880873521",109,Multimodal transport (not urban),,,PO03,Connected Europe,RSO3.2,RSO3.2,CF,Cohesion Fund,2021SI16FFPR001,EU Cohesion Policy - SI -  ERDF/CF/ESF+/JTF,,SI_104,Ribnica,,,Jugovzhodna Slovenija,,,SI037,2021-2027,Production of OCPS of the Municipality of Ribnica,Izdelava OCPS občine Ribnica,,,,,SI
https://linkedopendata.eu/entity/Q7501409,2021SI16FFPR001_OP27.00223,Production of the OCPS of the municipality of Sveti Andraž in Slovenske gorice and the municipality of Juršinci,Izdelava OCPS občine Sveti Andraž v Slovenskih goricah in občine Juršinci,Slovenia,01/01/2023,31/12/2025,85.0,56000.0,EUR,47600.0,https://linkedopendata.eu/entity/Q3282617,"46.522869656011,15.952391418568",109,Multimodal transport (not urban),,,PO03,Connected Europe,RSO3.2,RSO3.2,CF,Cohesion Fund,2021SI16FFPR001,EU Cohesion Policy - SI -  ERDF/CF/ESF+/JTF,,SI_182,Sveti Andraž v Slov. goricah,,,Podravska,,,SI032,2021-2027,Production of the OCPS of the municipality of Sveti Andraž in Slovenske gorice and the municipality of Juršinci,Izdelava OCPS občine Sveti Andraž v Slovenskih goricah in občine Juršinci,,,,,SI
https://linkedopendata.eu/entity/Q7501216,2021SI16FFPR001_OP27.00027,Core competences 2023-2029,Temeljne kompetence 2023-2029,Slovenia,13/10/2023,30/06/2029,85.0,3119590.06,EUR,2651651.55,https://linkedopendata.eu/entity/Q3279107,"46.648282137681,16.15483972171",151,Support for adult education (excluding infrastructure),,,PO04,Social Europe,ESO4.7,ESO4.7,ESF+,European Social Fund Plus,2021SI16FFPR001,EU Cohesion Policy - SI -  ERDF/CF/ESF+/JTF,,SI_080,Murska Sobota,,,Pomurska,,,SI031,2021-2027,Core competences 2023-2029,Temeljne kompetence 2023-2029,,,,,SI
https://linkedopendata.eu/entity/Q7501652,2021SI16FFPR001_OP27.00484,Renovation of Bloudek Park in Tivoli,Prenova Bloudkovega parka v Tivoliju,Slovenia,07/12/2023,31/12/2025,40.0,1024215.73,EUR,409686.29,https://linkedopendata.eu/entity/Q3279971,"46.054328329124,14.562956200712",079,"Nature and biodiversity protection, natural heritage and resources, green and blue infrastructure",,,PO02,"Greener, carbon-free Europe",RSO2.7,RSO2.7,ERDF,European Regional Development Fund,2021SI16FFPR001,EU Cohesion Policy - SI -  ERDF/CF/ESF+/JTF,,SI_061,Ljubljana,,,Osrednjeslovenska,,,SI041,2021-2027,"The project for the renovation of Bloudek Park in Tivoli envisages the renovation of the playground, which was originally erected in 1960. Today, the playground shows signs of wear and tear and the need for renovation. Although some elements of the original design are still present, they have faded due to repeated restoration. Key reasons for the renovation include the durability of existing elements, such as tunnel area, sandbox and safety substrates, which are in poor condition. The renovation will thus make it possible to restore and upgrade the gaming environment, restore safety standards, improve the route infrastructure and revive the original concept of the playground, which would contribute to a better quality of the game and the experience of visitors. The project to renovate Bloudek's playground will pay special attention to improving green infrastructure. The scope of the renovation covers the entire area of the park, and the renovation will include children's playground and natural elements, such as trunks, and horns. When renovating trees, the emphasis will be on preserving existing trees, and the playground area will be supplemented with new trees and shrubs, taking into account the need to strengthen biodiversity. The project will contribute 12,052.39 m2 of renovated outdoor areas.","Projekt prenove Bloudkovega parka v Tivoliju predvideva prenovo igrišča, ki je bilo prvotno postavljeno leta 1960. Danes igrišče kaže znake obrabe in potrebe po prenovi. Čeprav so nekateri elementi prvotne zasnove še vedno prisotni, so zaradi večkratne obnove zbledeli. Ključni razlogi za prenovo vključujejo dotrajanost obstoječih elementov, kot so območje tunelov, peskovnik in varnostne podlage, ki so v slabem stanju. Prenova bo tako omogočila obnovo in nadgradnjo igralnega okolja, obnovitev varnostnih standardov, izboljšanje infrastrukture poti ter oživitev prvotnega koncepta igrišča, kar bi prispevalo k boljši kakovosti igre in izkušnji obiskovalcev. Projekt prenove Bloudkovega igrišča bo posebno pozornost namenila izboljšanju zelene infrastrukture. Obseg prenove zajema celotno območje parka, prenova pa bo vključevala otroška igrala in naravne elemente, kot so debla, in rogovile. Pri prenovi drevnine bo poudarek na ohranjanju obstoječih dreves, območje igrišča pa bo dopolnjeno z novo drevnino in grmovnicami, upoštevajoč potrebo po krepitvi biodiverzitete. Projekt bo prispeval 12.052,39 m2 prenovljenih zunanjih površin.",,,,,SI
https://linkedopendata.eu/entity/Q7501257,2021SI16FFPR001_OP27.00068,Promotion of employment - Employment.me+,Spodbujanje zaposlovanja – Zaposli.me+,Slovenia,01/12/2023,30/11/2028,71.56,80992327.99,EUR,57960215.49,https://linkedopendata.eu/entity/Q3278938,"46.054328329124,14.562956200712",134,Measures to improve access to employment,,,PO04,Social Europe,ESO4.1,ESO4.1,ESF+,European Social Fund Plus,2021SI16FFPR001,EU Cohesion Policy - SI -  ERDF/CF/ESF+/JTF,,SI_061,Ljubljana,,,Osrednjeslovenska,,,SI041,2021-2027,The purpose of the Zaposli.me+ operation is to encourage employers to employ vulnerable unemployed people from the target group for a minimum period of 12 months.,"Namen operacije Zaposli.me+ je spodbujanje delodajalcev k zaposlovanju ranljivih brezposelnih oseb iz ciljne skupine, in sicer vsaj za obdobje najmanj 12 mesecev.",,,,,SI
https://linkedopendata.eu/entity/Q7501463,2021SI16FFPR001_OP27.00276,Integrated Transport Strategy - CPS,Celostna prometna strategija - CPS,Slovenia,01/01/2023,31/12/2025,85.0,40000.0,EUR,34000.0,https://linkedopendata.eu/entity/Q3282520,"46.093937056267,14.673037165541",109,Multimodal transport (not urban),,,PO03,Connected Europe,RSO3.2,RSO3.2,CF,Cohesion Fund,2021SI16FFPR001,EU Cohesion Policy - SI -  ERDF/CF/ESF+/JTF,,SI_022,Dol pri Ljubljani,,,Osrednjeslovenska,,,SI041,2021-2027,Integrated Transport Strategy - CPS,Celostna prometna strategija - CPS,,,,,SI
https://linkedopendata.eu/entity/Q7501717,2021SI16FFPR001_OP27.00576,Implementation of the model of first responders in the emergency medical system,Implementacija modela prvih posredovalcev v sistem nujne medicinske pomoči,Slovenia,01/05/2025,31/12/2028,61.99,4028714.0,EUR,2497288.54,https://linkedopendata.eu/entity/Q3279049,"46.054328329124,14.562956200712",160,"Measures to improve the accessibility, effectiveness and resilience of healthcare systems (excluding infrastructure)",,,PO04,Social Europe,ESO4.11,ESO4.11,ESF+,European Social Fund Plus,2021SI16FFPR001,EU Cohesion Policy - SI -  ERDF/CF/ESF+/JTF,,SI_061,Ljubljana,,,Osrednjeslovenska,,,SI041,2021-2027,"Implementation of the PPo model for planning, development, coordination, implementation and monitoring of the programme of first brokers (hereinafter: PPo) in the system of emergency medical assistance (hereinafter: NMP) is a necessary element for the professional implementation of a program designed to help patients who experience sudden cardiac arrest, stroke, foreign body obstruction in the upper respiratory tract or severe external bleeding. With the help of the project Implementation of the PPo model for the implementation of basic resuscitation procedures and the provision of assistance with other previously described emergency medical conditions, we will manage, establish and arrange the status of PPo, which aims to improve survival and outcome in patients with sudden cardiac arrest and other previously described emergency conditions.","Implementacija modela PPo za načrtovanje, razvoj, koordinacijo, izvajanje in spremljanje programa prvih posredovalcev (v nadaljevanju: PPo) v sistemu nujne medicinske pomoči (v nadaljevanju: NMP) je nujen element za strokovno implementacijo programa, namenjenega pomoči bolnikom, ki doživijo nenadni srčni zastoj, možgansko kap, zaporo zaradi tujka v zgornjih dihalih ali hudo zunanjo krvavitev. S pomočjo projekta Implementacija modela PPo za izvajanje temeljnih postopkov oživljanja ter nudenje pomoči pri drugih prej opisanih nujnih zdravstvenih stanjih bomo vodili, vzpostavili in uredili status PPo, katerih cilj je izboljšati preživetje in izid pri bolnikih z nenadnim srčnim zastojem in drugih prej opisanih nujnih stanjih.",,,,,SI
https://linkedopendata.eu/entity/Q7501375,2021SI16FFPR001_OP27.00188,Production of the OCPS of the Municipality of Ribnica na Pohorju,Izdelava OCPS občine Ribnica na Pohorju,Slovenia,01/01/2023,31/12/2025,85.0,28000.0,EUR,23800.0,https://linkedopendata.eu/entity/Q3282489,"46.5350502,15.2678547",109,Multimodal transport (not urban),,,PO03,Connected Europe,RSO3.2,RSO3.2,CF,Cohesion Fund,2021SI16FFPR001,EU Cohesion Policy - SI -  ERDF/CF/ESF+/JTF,,SI_177,Ribnica na Pohorju,,,Koroška,,,SI033,2021-2027,"The subject of the public call is the allocation of European cohesion policy funds to municipalities to co-finance the costs of the process of preparing the CIP, which is implemented as a non-infrastructure measure at horizontal level within the framework of the PEKP 21-27, priority 5 ""Sustainable (cross-)regional mobility and connectivity"", specific objective RSO 3.2 ""Development and strengthening sustainable, climate-resilient, smart and intermodal national, regional and local mobility, including improved access to the TEN-T network and cross-border mobility"". The purpose of the public tender is to establish sustainable transport planning in Slovenian municipalities through the preparation of a basic strategic document, i.e. the municipal integrated transport strategy (OCPS), as defined in Article 21 of the Integrated Transport Planning Act (Official Gazette of the Republic of Slovenia No 130/2022) and the Rules on the content, form, method of preparation, percentage and amount of co-financing of municipal integrated transport strategies, method of monitoring and criteria for quality assessment, uniform indicators, methodology and information support and reporting (Official Gazette of the Republic of Slovenia Nos 76/2023 and 109/2023). The aim of the call for proposals is to introduce and promote integrated transport planning and to direct local communities towards the development of sustainable transport by means of instruments such as OCPS, which will form the basis for the long-term and systematic implementation of measures to promote sustainable forms of mobility at local level.","Predmet javnega razpisa je dodelitev sredstev evropske kohezijske politike občinam za sofinanciranje stroškov postopka priprave OCPS, ki se izvaja kot neinfrastrukturni ukrep na horizontalni ravni v okviru PEKP 21–27, prednostne naloge 5 »Trajnostna (čez)regionalna mobilnost in povezljivost«, specifičnega cilja RSO 3.2 »Razvoj in krepitev trajnostne, pametne in intermodalne nacionalne, regionalne in lokalne mobilnosti, odporne proti podnebnim spremembam, vključno z boljšim dostopom do omrežja TEN-T in čezmejno mobilnostjo«. Namen javnega razpisa je vzpostavitev trajnostnega načrtovanja prometa v slovenskih občinah s pomočjo izdelanega temeljnega strateškega dokumenta, tj. občinske celostne prometne strategije (OCPS), kot jo opredeljujeta 21. člen Zakona o celostnem prometnem načrtovanju (Uradni list RS, št. 130/2022) in Pravilnik o vsebini, obliki, načinu priprave, odstotku in višini sofinanciranja občinskih celostnih prometnih strategij, načinu spremljanja in merilih za presojo kakovosti, enotnih kazalnikih, metodologiji ter o informacijski podpori in poročanju (Uradni list RS, št. 76/2023 in 109/2023). Cilj javnega razpisa je vpeljava in spodbujanje celostnega prometnega načrtovanja ter usmerjanje lokalnih skupnosti v razvoj trajnostnega prometa s pomočjo instrumentov, kot je OCPS, ki bodo podlaga za dolgoročno in sistematično izvajanje ukrepov za spodbujanje trajnostnih oblik mobilnosti na lokalni ravni.",,,,,SI
https://linkedopendata.eu/entity/Q7501397,2021SI16FFPR001_OP27.00212,Preparation of the role of the OCPS of the Municipality of Trbovlje,Izdelava vloge OCPS občine Trbovlje,Slovenia,01/01/2023,30/06/2025,85.0,40000.0,EUR,34000.0,https://linkedopendata.eu/entity/Q3278951,"46.141373811358,15.050124297361",109,Multimodal transport (not urban),,,PO03,Connected Europe,RSO3.2,RSO3.2,CF,Cohesion Fund,2021SI16FFPR001,EU Cohesion Policy - SI -  ERDF/CF/ESF+/JTF,,SI_129,Trbovlje,,,Zasavska,,,SI035,2021-2027,Preparation of the role of the OCPS of the Municipality of Trbovlje,Izdelava vloge OCPS občine Trbovlje,,,,,SI
https://linkedopendata.eu/entity/Q7501383,2021SI16FFPR001_OP27.00197,"OCPS municipalities of Sv. Trinity in Slov. gorice, Trnovska vas and Destrnik","OCPS občin Sv. Trojica v Slov. goricah, Trnovska vas in Destrnik",Slovenia,01/01/2023,30/06/2026,85.0,84000.0,EUR,71400.0,https://linkedopendata.eu/entity/Q3281509,"46.56941041256,15.885695309705",109,Multimodal transport (not urban),,,PO03,Connected Europe,RSO3.2,RSO3.2,CF,Cohesion Fund,2021SI16FFPR001,EU Cohesion Policy - SI -  ERDF/CF/ESF+/JTF,,SI_204,Sveta Trojica v Slov. goricah,,,Podravska,,,SI032,2021-2027,"OCPS municipalities of Sv. Trinity in Slov. gorice, Trnovska vas and Destrnik","OCPS občin Sv. Trojica v Slov. goricah, Trnovska vas in Destrnik",,,,,SI
https://linkedopendata.eu/entity/Q7501678,2021SI16FFPR001_OP27.00537,3DplusA- innovative web platform for automated production and inspection of photorealistic 3D digital twins in construction SaaS,3DplusA- inovativna spletna platforma za avtomatizirano izdelavo in pregled fotorealističnih 3D digitalnih dvojčkov v gradbeništvu SaaS,Slovenia,14/03/2025,31/03/2027,85.0,72000.0,EUR,61200.0,https://linkedopendata.eu/entity/Q7501170,"46.648282137681,16.15483972171",025,"Incubation, support to spin offs and spin outs and start ups",,,PO01,Smarter Europe,RSO1.3,RSO1.3,ERDF,European Regional Development Fund,2021SI16FFPR001,EU Cohesion Policy - SI -  ERDF/CF/ESF+/JTF,,SI_080,Murska Sobota,,,Pomurska,,,SI031,2021-2027,"The subject of the project is 3DplusA, which is an innovative web service that enables automatic, fast, easy and efficient generation of photorealistic, high-detailed 3D models from videos. Using a conventional smartphone or drone, the user can record the selected object (building, space, etc.) and then upload the videos to a web application, which automatically creates a 3D model and displays it in the viewer. The company's goal is to become the world's leading company in the field of photorealistic, high-detailed 3D models with a strong focus on sustainability and innovation.","Predmet projekta je 3DplusA, ki je inovativna spletna storitev, ki omogoča avtomatsko, hitro, enostavno in učinkovito generiranje fotorealističnih, visoko podrobnih 3D-modelov iz videoposnetkov. Uporabnik lahko z običajnim pametnim telefonom ali dronom posname izbran objekt (stavbo, prostor ipd.), nato pa videoposnetke naloži v spletno aplikacijo, ki samodejno izdela 3D-model in ga prikaže v pregledovalniku. Cilj podjetja je postati vodilno svetovno podjetje na področju izdelave fotorealističnih, visoko detajlnih 3D-modelov z velikim poudarkom na trajnosti in inovativnosti.",,,,,SI
https://linkedopendata.eu/entity/Q7501675,2021SI16FFPR001_OP27.00534,Enso,Enso,Slovenia,13/03/2025,31/03/2027,40.0,72000.0,EUR,28800.0,https://linkedopendata.eu/entity/Q7501166,"46.054328329124,14.562956200712",025,"Incubation, support to spin offs and spin outs and start ups",,,PO01,Smarter Europe,RSO1.3,RSO1.3,ERDF,European Regional Development Fund,2021SI16FFPR001,EU Cohesion Policy - SI -  ERDF/CF/ESF+/JTF,,SI_061,Ljubljana,,,Osrednjeslovenska,,,SI041,2021-2027,"The unique value that Enso brings to the market is the result of an innovative intertwining of technology and a therapeutic approach that increases the heart coherence of the individual, measured through the variability of the heart rhythm (HRV). Higher variability of the heart rhythm is an important indicator of an improved psychophysical condition, as it has been proven to reduce stress, improve the quality of sleep and strengthen emotional stability. In 2025, the first independently operating product will be released, which will be marketed to customers through an online store, a link with clinics, independent therapists, and the concept of Enso service psychoeducational activities.","Edinstvena vrednost, ki jo Enso prinaša na trg, je plod inovativnega prepletanja tehnologije in terapevtskega pristopa, ki povečuje srčno koherenco posameznika, merjeno skozi variabilnost srčnega ritma (HRV). Višja variabilnost srčnega ritma je pomemben indikator izboljšanega psihofizičnega stanja, saj dokazano znižuje stres, izboljšuje kakovost spanca in krepi čustveno stabilnost. V letu 2025 bo izdan prvi samostojno delujoči produkt, katerega bodo prek spletne trgovine, povezave s klinikami, samostojnimi terapevti, in konceptom Enso storitvenih psihoedukacijskih dejavnosti, tržili kupcem.",,,,,SI
https://linkedopendata.eu/entity/Q7501240,2021SI16FFPR001_OP27.00050,SPOT Consulting Primorsko - Notranjska 2023-2025,SPOT svetovanje Primorsko - notranjska 2023-2025,Slovenia,01/11/2023,31/12/2025,85.0,545181.0,EUR,463403.85,https://linkedopendata.eu/entity/Q3279646,"45.6800342,14.3195439",024,"Advanced support services for SMEs and groups of SMEs (including management, marketing and design services)",,,PO01,Smarter Europe,RSO1.3,RSO1.3,ERDF,European Regional Development Fund,2021SI16FFPR001,EU Cohesion Policy - SI -  ERDF/CF/ESF+/JTF,,,,,,Primorsko-notranjska,,,SI038,2021-2027,SPOT Consulting Primorsko - Notranjska 2023-2025,SPOT svetovanje Primorsko - notranjska 2023-2025,,,,,SI
https://linkedopendata.eu/entity/Q7501244,2021SI16FFPR001_OP27.00054,SPOT Consulting Goriška region 2023-2025,SPOT svetovanje Goriška 2023-2025,Slovenia,01/11/2023,31/12/2025,40.0,726908.0,EUR,290763.2,https://linkedopendata.eu/entity/Q3280049,"46.05,13.88333333",024,"Advanced support services for SMEs and groups of SMEs (including management, marketing and design services)",,,PO01,Smarter Europe,RSO1.3,RSO1.3,ERDF,European Regional Development Fund,2021SI16FFPR001,EU Cohesion Policy - SI -  ERDF/CF/ESF+/JTF,,,,,,Goriška,,,SI043,2021-2027,SPOT Consulting Goriška region 2023-2025,SPOT svetovanje Goriška 2023-2025,,,,,SI
https://linkedopendata.eu/entity/Q7501260,2021SI16FFPR001_OP27.00073,Smart digital public services,Pametne digitalne javne storitve,Slovenia,01/06/2023,30/11/2029,57.86,26802030.0,EUR,15506582.47,https://linkedopendata.eu/entity/Q7501068,"46,15",016,"Government ICT solutions, e-services, applications",,,PO01,Smarter Europe,RSO1.2,RSO1.2,ERDF,European Regional Development Fund,2021SI16FFPR001,EU Cohesion Policy - SI -  ERDF/CF/ESF+/JTF,,,,,,,,,,2021-2027,"The Smart Digital Public Services project will enable citizens, businesses, research organisations and public authorities to use smart digital public services to do business with the state (availability and compliance of public services , connection to data sources, possibility to model services, single modern platform for applying to e-services, e-authorisation, , creation and verification of e-signatures, e-services, accessibility of services via mobile devices, introduction of algorithmic and analytical tools using modern technologies, development of data space)","S projektom Pametne digitalne javne storitve bo državljanom, podjetjem, raziskovalnim organizacijam in javnim organom omogočena uporaba pametnih digitalnih javnih storitev za poslovanje z državo (dosegljivost in skladnost javnih storitev , povezanost s podatkovnimi viri, možnost modeliranja storitev, enotna sodobna platforma za prijavo v e-storitve, e-pooblaščanje, , kreiranje in verifikacijo e-podpisa, e-vročanje, dostopnost storitev preko mobilnih naprav, uvedba algoritmičnih in analitskih orodij z uporabo sodobnih tehnologij, razvoj podatkovnega prostora)",,,,,SI
https://linkedopendata.eu/entity/Q7501604,2021SI16FFPR001_OP27.00422,Governance for the Heart of Slovenia Local Action Group 2021-2027,Upravljanje za lokalna akcijsko skupino Srce Slovenije v obdobju 2021–2027,Slovenia,01/01/2024,30/09/2029,40.0,243232.78,EUR,97293.11,https://linkedopendata.eu/entity/Q3279209,"46.05,14.516666666667",169,"Territorial development initiatives, including preparation of territorial strategies",,,PO05,Europe closer to citizens,RSO5.2,RSO5.2,ERDF,European Regional Development Fund,2021SI16FFPR001,EU Cohesion Policy - SI -  ERDF/CF/ESF+/JTF,,,,,,Osrednjeslovenska,,,SI041,2021-2027,"Support for the management of the LAG is intended to co-finance the costs incurred in the management and operation of the LAG, including monitoring and evaluation of the approved SLR, animation of the LAG area and assistance to potential beneficiaries for developing project ideas and preparing projects.","Podpora za upravljanje LAS je namenjena za sofinanciranje stroškov, ki so nastali pri upravljanju in delovanju LAS, vključno s spremljanjem in vrednotenjem odobrene SLR, animacijo območja LAS in pomoči morebitnim upravičencem za razvijanje projektnih idej in pripravo projektov.",,,,,SI
https://linkedopendata.eu/entity/Q7501202,2021SI16FFPR001_OP27.00016,FUNCTIONAL COMPETENCES SCHEDULE 2023-2029,TEMELJNE KOMPETENCE ZASAVJE 2023–2029,Slovenia,13/10/2023,30/06/2029,85.0,1378360.15,EUR,1171606.13,https://linkedopendata.eu/entity/Q3279113,"46.141373811358,15.050124297361",151,Support for adult education (excluding infrastructure),,,PO04,Social Europe,ESO4.7,ESO4.7,ESF+,European Social Fund Plus,2021SI16FFPR001,EU Cohesion Policy - SI -  ERDF/CF/ESF+/JTF,,SI_129,Trbovlje,,,Zasavska,,,SI035,2021-2027,FUNCTIONAL COMPETENCES SCHEDULE 2023-2029,TEMELJNE KOMPETENCE ZASAVJE 2023–2029,,,,,SI
https://linkedopendata.eu/entity/Q7501621,2021SI16FFPR001_OP27.00447,Problem-Learning Students in the Workplace of the University of Alma Mater Europaea,Problemsko učenje študentov v delovno okolje Univerze Alma Mater Europaea,Slovenia,01/10/2024,31/08/2025,85.0,182100.0,EUR,154785.0,https://linkedopendata.eu/entity/Q3279548,"46.08333333,15.45",150,Support for tertiary education (excluding infrastructure),,,PO04,Social Europe,ESO4.5,ESO4.5,ESF+,European Social Fund Plus,2021SI16FFPR001,EU Cohesion Policy - SI -  ERDF/CF/ESF+/JTF,,,,,Eastern Slovenia,,,SI03,,2021-2027,"The operation will enable the acquisition of practical experience, knowledge and competences of students in the work environment during their studies, encourage the strengthening of cooperation and integration and transfer of knowledge between the higher education system and the work environment (the economy and the non-economy and non-profit sector in the local and regional environment). In this way, young people will be able to develop their skills in the realization of ideas, the development of entrepreneurship, innovation, creative and critical thinking, creativity, etc. for greater employability and easier transition into the working environment after the completion of their studies. The call also addresses other challenges of higher education, such as the systemic introduction of knowledge transfer between higher education institutions and the working environment, greater flexibility and adaptation of study programmes to the needs of the labour market, and the establishment of long-term cooperation between higher education institutions and the working environment.","V okviru operacije bo omogočeno pridobivanje praktičnih izkušenj, znanj in kompetenc študentov v delovnem okolju v času študija, spodbujanje krepitve sodelovanja in povezovanja ter prenosa znanja med visokošolskim sistemom in med delovnim okoljem (gospodarstvo ter negospodarstvo in neprofitni sektor v lokalnem in regionalnem okolju). Na ta način se bo mladim omogočalo razvoj znanj in spretnosti pri uresničevanju idej, razvoj podjetnosti, inovativnosti, kreativnega in kritičnega razmišljanja, ustvarjalnosti ipd. za večjo zaposljivost in lažji prehod v delovno okolje po zaključku študija. Z javnim razpisom se naslavlja tudi druge izzive visokega šolstva kot npr. sistemsko uvajanje prenosa znanja med visokošolskimi zavodi in delovnim okoljem, večja fleksibilnost in prilagajanje študijskih programov potrebam trga dela ter vzpostavitev dolgoročnega sodelovanja med visokošolskimi zavodi in delovnim okoljem.",,,,,SI
https://linkedopendata.eu/entity/Q7501490,2021SI16FFPR001_OP27.00304,Multigenerational centre Total +,Večgeneracijski center Skupaj +,Slovenia,01/08/2024,30/09/2029,85.0,1505750.4,EUR,1279887.84,https://linkedopendata.eu/entity/Q3279111,"45.780913347775,15.193791028054",163,"Promoting social integration of people at risk of poverty or social exclusion, including the most deprived and children",,,PO04,Social Europe,ESO4.12,ESO4.12,ESF+,European Social Fund Plus,2021SI16FFPR001,EU Cohesion Policy - SI -  ERDF/CF/ESF+/JTF,,SI_085,Novo mesto,,,Jugovzhodna Slovenija,,,SI037,2021-2027,"The project offers various preventive content and activities aimed primarily at families, individual family members, the elderly and other vulnerable groups. Multigenerational Centre+ (VGC+) is a central gathering place in the local environment, dedicated to socializing, maintaining or expanding the social network and empowering vulnerable groups. It is a preventive project involving educational, intercultural, intergenerational and other activities.","Projekt ponuja različne preventivne vsebine in aktivnosti, namenjene predvsem družinam, posameznim družinskim članom, starejšim in drugim ranljivim skupinam. Večgeneracijski center+ (VGC+) predstavlja osrednji prostor zbiranja v lokalnem okolju, namenjen druženju, ohranjanju oziroma širjenju socialne mreže ter opolnomočenju ranljivih skupin. Gre za preventivni projekt, ki vključuje izobraževalne, medkulturne, medgeneracijske in druge dejavnosti.",,,,,SI
https://linkedopendata.eu/entity/Q7501611,2021SI16FFPR001_OP27.00436,Strengthening the circular economy in regional networks through problem-based student learning,Krepitev krožnega gospodarstva v regionalnih mrežah s problemskim učenjem študentov,Slovenia,10/01/2025,31/08/2025,85.0,44700.0,EUR,37995.0,https://linkedopendata.eu/entity/Q3279617,"46.08333333,15.45",150,Support for tertiary education (excluding infrastructure),,,PO04,Social Europe,ESO4.5,ESO4.5,ESF+,European Social Fund Plus,2021SI16FFPR001,EU Cohesion Policy - SI -  ERDF/CF/ESF+/JTF,,,,,Eastern Slovenia,,,SI03,,2021-2027,"The operation will enable the acquisition of practical experience, knowledge and competences of students in the work environment during their studies, encourage the strengthening of cooperation and integration and transfer of knowledge between the higher education system and the work environment (the economy and the non-economy and non-profit sector in the local and regional environment). In this way, young people will be able to develop their skills in the realization of ideas, the development of entrepreneurship, innovation, creative and critical thinking, creativity, etc. for greater employability and easier transition into the working environment after the completion of their studies. The call also addresses other challenges of higher education, such as the systemic introduction of knowledge transfer between higher education institutions and the working environment, greater flexibility and adaptation of study programmes to the needs of the labour market, and the establishment of long-term cooperation between higher education institutions and the working environment.","V okviru operacije bo omogočeno pridobivanje praktičnih izkušenj, znanj in kompetenc študentov v delovnem okolju v času študija, spodbujanje krepitve sodelovanja in povezovanja ter prenosa znanja med visokošolskim sistemom in med delovnim okoljem (gospodarstvo ter negospodarstvo in neprofitni sektor v lokalnem in regionalnem okolju). Na ta način se bo mladim omogočalo razvoj znanj in spretnosti pri uresničevanju idej, razvoj podjetnosti, inovativnosti, kreativnega in kritičnega razmišljanja, ustvarjalnosti ipd. za večjo zaposljivost in lažji prehod v delovno okolje po zaključku študija. Z javnim razpisom se naslavlja tudi druge izzive visokega šolstva kot npr. sistemsko uvajanje prenosa znanja med visokošolskimi zavodi in delovnim okoljem, večja fleksibilnost in prilagajanje študijskih programov potrebam trga dela ter vzpostavitev dolgoročnega sodelovanja med visokošolskimi zavodi in delovnim okoljem.",,,,,SI
https://linkedopendata.eu/entity/Q7501465,2021SI16FFPR001_OP27.00279,Learning Workshops+,Učne delavnice+,Slovenia,01/05/2024,31/03/2029,76.0,8000000.0,EUR,6080000.0,https://linkedopendata.eu/entity/Q3278938,"46.054328329124,14.562956200712",153,Pathways to integration and re-entry into employment for disadvantaged people,,,PO04,Social Europe,ESO4.8,ESO4.8,ESF+,European Social Fund Plus,2021SI16FFPR001,EU Cohesion Policy - SI -  ERDF/CF/ESF+/JTF,,SI_061,Ljubljana,,,Osrednjeslovenska,,,SI041,2021-2027,"The purpose of the Learning Workshop+ operation is the integration of vulnerable target groups into the social entrepreneurship environment and the development of activities and employment in existing social enterprises.Learning Workshops+ will thus significantly promote the social inclusion of people who need in-depth consideration, have identified multiple barriers to entering the labour market and are at risk of poverty or social exclusion. More specifically, the aim of the Learning Workshops+ operation is to promote, with the first sub-activity, the practical training of vulnerable unemployed persons who need in-depth consideration in the concrete working environment of social entrepreneurship and increase their social, professional and labour integration, competitiveness in the labour market and the acquisition and strengthening of their knowledge, skills and competences. In doing so, the operation contributes to the integration and empowerment of vulnerable social groups in order to put into practice the principle of equal opportunities and avoid slipping into social exclusion. At the same time, the operation with the second sub-activity represents active support in employment, as it encourages participants who complete practical training to participate in subsidised employment with all other employers, not only those from the social entrepreneurship environment, in the form of an employment relationship, whereby the ZRSZ pays employers a subsidy for employment. The programme contributes to tackling the social and labour exclusion of unemployed people with an individualised and mulitidisciplinary approach and with integrated psychosocial assistance to strengthen general competences. This also contributes to reducing the mismatch between supply and demand on the labour market and to increasing the social security coverage of the unemployed in the target group.","Namen operacije Učne delavnice+ je vključevanje ranljivih ciljnih skupin v okolje socialnega podjetništva in razvoj dejavnosti in zaposlovanja v obstoječih socialnih podjetjih.Učne delavnice+ bodo tako pomembno spodbujale socialno vključevanje oseb, ki potrebujejo poglobljeno obravnavo, imajo identificirane multiple ovire pri vstopanju na trg dela in so izpostavljene tveganju revščine ali socialne izključenosti. Konkretneje je namen operacije Učne delavnice+ s prvo podaktivnostjo spodbujati praktično usposabljanje ranljivih brezposelnih oseb, ki potrebujejo poglobljeno obravnavo v konkretnem delovnem okolju socialnega podjetništva in povečanje njihove socialne, poklicne in delovne integracije, konkurenčnosti na trgu dela ter pridobitev in krepitev njihovih, znanj, spretnosti in kompetenc. S tem operacija prispeva k integraciji in opolnomočenju ranljivih družbenih skupin za udejanjanje načela enakih možnosti in preprečevanje zdrsa v socialno izključenost. Hkrati operacija z drugo podaktivnostjo predstavlja aktivno podporo pri zaposlitvi, saj spodbuja udeležence, ki zaključijo praktično usposabljanje, da se v okviru operacije vključijo v subvencionirano zaposlitev pri vseh ostalih delodajalcih, ne le tistih iz okolja socialnega podjetništva in sicer v obliki delovnega razmerja pri čemer ZRSZ delodajalcem izplača subvencijo za zaposlitev. K reševanju socialne in delovne izključenosti brezposelnih oseb program prispeva z individualiziranim in mulitidisciplinarnim pristopom ter z vključeno psihosocialno pomočjo za krepitev splošnih kompetenc. Navedeno prispeva tudi k zmanjševanju neskladja med ponudbo in povpraševanjem na trgu dela ter povečanju socialne varnosti brezposelnih iz ciljne skupine.",,,,,SI
https://linkedopendata.eu/entity/Q7501534,2021SI16FFPR001_OP27.00348,Information and alert system for citizens on ambient air pollution - Lastovka,Sistem seznanjanja in opozarjanja državljanov o onesnaženosti zunanjega zraka - Lastovka,Slovenia,20/01/2021,31/12/2028,85.0,3000000.0,EUR,2550000.0,https://linkedopendata.eu/entity/Q7501062,"46,15",077,Air quality and noise reduction measures,,,PO02,"Greener, carbon-free Europe",RSO2.7,RSO2.7,CF,Cohesion Fund,2021SI16FFPR001,EU Cohesion Policy - SI -  ERDF/CF/ESF+/JTF,,,,,,,,,,2021-2027,"The project will provide comprehensive monitoring of the state of air pollution, prepare expert bases for decision-makers to plan and monitor the implementation of policies and measures to improve air quality in accordance with the requirements of the Slovenian and EU acquis, and warn citizens about ambient air pollution and inform them about the quality of precipitation. The project will expand the network of fixed measuring points for ambient air quality, establish automatic measurements of mercury, upgrade measurements for monitoring ambient air quality - carbon measurements, renew the network for monitoring precipitation quality, set up a mobile station and alert citizens about ambient air pollution on mobile devices.","S projektom se bo zagotovilo celovito spremljanje stanja onesnaženosti zraka, pripravile se bodo strokovne podlage odločevalcem za načrtovanje in spremljanje izvajanja politik in ukrepov za izboljšanje kakovosti zraka skladno z zahtevami pravnega reda RS in EU ter opozarjalo državljane glede onesnaženosti zunanjega zraka in seznanjalo s kakovostjo padavin. V okviru projekta se bo izvedla razširitev merilne mreže stalnih merilnih mest za kakovost zunanjega zraka, vzpostavitev avtomatskih meritev živega srebra, nadgradnja meritev za spremljanje kakovosti zunanjega zraka – meritve ogljika, prenova merilne mreže za spremljanje kakovosti padavin, vzpostavitev mobilne postaje ter opozarjanja državljanov glede onesnaženosti zunanjega zraka na mobilnih napravah.",,,,,SI
https://linkedopendata.eu/entity/Q7501615,2021SI16FFPR001_OP27.00440,Supportive environment for rehabilitation and healthy lifestyle,Podporno okolje za rehabilitacijo in zdrav življenjski slog,Slovenia,01/10/2024,31/08/2025,85.0,44700.0,EUR,37995.0,https://linkedopendata.eu/entity/Q7501145,"46.08333333,15.45",150,Support for tertiary education (excluding infrastructure),,,PO04,Social Europe,ESO4.5,ESO4.5,ESF+,European Social Fund Plus,2021SI16FFPR001,EU Cohesion Policy - SI -  ERDF/CF/ESF+/JTF,,,,,Eastern Slovenia,,,SI03,,2021-2027,"The operation will enable the acquisition of practical experience, knowledge and competences of students in the work environment during their studies, encourage the strengthening of cooperation and integration and transfer of knowledge between the higher education system and the work environment (the economy and the non-economy and non-profit sector in the local and regional environment). In this way, young people will be able to develop their skills in the realization of ideas, the development of entrepreneurship, innovation, creative and critical thinking, creativity, etc. for greater employability and easier transition into the working environment after the completion of their studies. The call also addresses other challenges of higher education, such as the systemic introduction of knowledge transfer between higher education institutions and the working environment, greater flexibility and adaptation of study programmes to the needs of the labour market, and the establishment of long-term cooperation between higher education institutions and the working environment.","V okviru operacije bo omogočeno pridobivanje praktičnih izkušenj, znanj in kompetenc študentov v delovnem okolju v času študija, spodbujanje krepitve sodelovanja in povezovanja ter prenosa znanja med visokošolskim sistemom in med delovnim okoljem (gospodarstvo ter negospodarstvo in neprofitni sektor v lokalnem in regionalnem okolju). Na ta način se bo mladim omogočalo razvoj znanj in spretnosti pri uresničevanju idej, razvoj podjetnosti, inovativnosti, kreativnega in kritičnega razmišljanja, ustvarjalnosti ipd. za večjo zaposljivost in lažji prehod v delovno okolje po zaključku študija. Z javnim razpisom se naslavlja tudi druge izzive visokega šolstva kot npr. sistemsko uvajanje prenosa znanja med visokošolskimi zavodi in delovnim okoljem, večja fleksibilnost in prilagajanje študijskih programov potrebam trga dela ter vzpostavitev dolgoročnega sodelovanja med visokošolskimi zavodi in delovnim okoljem.",,,,,SI
https://linkedopendata.eu/entity/Q7501315,2021SI16FFPR001_OP27.00126,Entrepreneurship over challenges in the region of South-East Slovenia,Podjetno nad izzive v regiji JV Slovenija,Slovenia,01/01/2024,15/11/2028,85.0,1538272.0,EUR,1307531.2,https://linkedopendata.eu/entity/Q3279144,"45.7217251,14.9013822",025,"Incubation, support to spin offs and spin outs and start ups",,,PO01,Smarter Europe,RSO1.3,RSO1.3,ERDF,European Regional Development Fund,2021SI16FFPR001,EU Cohesion Policy - SI -  ERDF/CF/ESF+/JTF,,,,,,Jugovzhodna Slovenija,,,SI037,2021-2027,"Operation PONI JV Slovenia is part of the comprehensive project PONI, which is carried out on the entire territory of Slovenia. The purpose of the operation PONI JV Slovenia is the entrepreneurial training of persons who want to realize the entrepreneurial idea, thereby promoting entrepreneurship in the region of JV Slovenia. It is a 4-month entrepreneurial training programme for people who want to realize an entrepreneurial idea and turn it into commercially interesting products or services with the help of mentors and content trainings and counselling. The content of the training programme is structured in such a way that within 4 months of inclusion, participants receive key knowledge in the field of entrepreneurship, which they need when entering an independent entrepreneurial path. The training program of the participant takes everything from the development of a business idea, to the creation of a business model and a business plan. At the same time, he is fully acquainted with all important areas in entrepreneurship. The project enables participants to use physical infrastructure (premises, equipment) according to the principle of co-working (joint division of office and equipment). By encouraging the formation of entrepreneurial teams, participants will also gain new knowledge, new acquaintances and business opportunities, as well as transfer experiences and examples of good practices.","Operacija PONI JV Slovenija je del celovitega projekta PONI, ki se izvaja na območju celotne Slovenije. Namen operacije PONI JV Slovenija je podjetniško usposabljanje oseb, ki želijo realizirati podjetniško idejo, s tem pa spodbujanje podjetništva v regiji JV Slovenija. Gre za program 4 mesečnega podjetniškega usposabljanja oseb, ki želijo realizirati podjetniško idejo in jo ob pomoči mentorjev in vsebinskih usposabljanj ter svetovanj spremeniti v tržno zanimive produkte oziroma storitve. Program usposabljanja je vsebinsko sestavljen tako, da v 4 mesecih vključitve udeleženci prejmejo ključna znanja s področja podjetništva, ki jih ob vstopu na samostojno podjetniško pot potrebujejo. Program usposabljanja udeleženca pelje vse od razvoja poslovne ideje, do izdelave poslovnega modela in poslovnega načrta. Hkrati ga celostno seznani z vsemi pomembnimi področji v podjetništvu. Udeležencem projekt omogoča uporabo fizične infrastrukture (prostori, oprema) in sicer po principu co-workinga (skupne delitve pisarne in opreme). S spodbujanjem oblikovanja podjetniških ekip bodo udeleženci prišli tudi do novih znanj, novih poznanstev in poslovnih priložnosti ter prenašali izkušnje in primere dobrih praks.",,,,,SI
https://linkedopendata.eu/entity/Q7501458,2021SI16FFPR001_OP27.00272,Municipal integrated transport strategy of the municipality of Mengeš,Občinska celostna prometna strategija občine Mengeš,Slovenia,01/01/2023,31/12/2025,85.0,40000.0,EUR,34000.0,https://linkedopendata.eu/entity/Q3279789,"46.159739650137,14.557811001032",109,Multimodal transport (not urban),,,PO03,Connected Europe,RSO3.2,RSO3.2,CF,Cohesion Fund,2021SI16FFPR001,EU Cohesion Policy - SI -  ERDF/CF/ESF+/JTF,,SI_072,Mengeš,,,Osrednjeslovenska,,,SI041,2021-2027,Municipal integrated transport strategy of the municipality of Mengeš,Občinska celostna prometna strategija občine Mengeš,,,,,SI
https://linkedopendata.eu/entity/Q7501596,2021SI16FFPR001_OP27.00414,Management for the Local Action Group Gorenjska Basket for Rural Areas in the period 2021-2027,Upravljanje za lokalno akcijsko skupino Gorenjska košarica za podeželje v obdobju 2021-2027,Slovenia,01/01/2024,30/09/2029,40.0,258238.54,EUR,103295.42,https://linkedopendata.eu/entity/Q3279136,"46.3167,14.15",169,"Territorial development initiatives, including preparation of territorial strategies",,,PO05,Europe closer to citizens,RSO5.2,RSO5.2,ERDF,European Regional Development Fund,2021SI16FFPR001,EU Cohesion Policy - SI -  ERDF/CF/ESF+/JTF,,,,,,Gorenjska,,,SI042,2021-2027,"Support for the management of the LAG is intended to co-finance the costs incurred in the management and operation of the LAG, including monitoring and evaluation of the approved SLR, animation of the LAG area and assistance to potential beneficiaries for developing project ideas and preparing projects.","Podpora za upravljanje LAS je namenjena za sofinanciranje stroškov, ki so nastali pri upravljanju in delovanju LAS, vključno s spremljanjem in vrednotenjem odobrene SLR, animacijo območja LAS in pomoči morebitnim upravičencem za razvijanje projektnih idej in pripravo projektov.",,,,,SI
https://linkedopendata.eu/entity/Q7501571,2021SI16FFPR001_OP27.00389,Development of work competences and specialised programmes for persons involved in probation,"Razvoj delovnih kompetenc in specializiranih programov za osebe, vključene v probacijo",Slovenia,01/01/2025,31/12/2028,58.0,733000.0,EUR,425140.0,https://linkedopendata.eu/entity/Q7501152,"46.054328329124,14.562956200712",163,"Promoting social integration of people at risk of poverty or social exclusion, including the most deprived and children",,,PO04,Social Europe,ESO4.12,ESO4.12,ESF+,European Social Fund Plus,2021SI16FFPR001,EU Cohesion Policy - SI -  ERDF/CF/ESF+/JTF,,SI_061,Ljubljana,,,Osrednjeslovenska,,,SI041,2021-2027,"The operation envisages the development of four specialised programmes in probation, namely mentoring for persons performing work in the general interest, a programme for perpetrators of domestic violence, a programme for perpetrators of sexual offences and a programme for the development of social skills. In doing so, the operation follows key national and European orientations addressing the area of sanction enforcement in probation. The basic objective of the operation is to develop new programmes to address the specific needs of criminals, which in turn enables people to better reintegrate into society, better employment opportunities, greater empowerment and a higher quality of life, thus reducing the risk of repeat offences. 600 people involved in the probation will be included in the specialized programs.","Operacija predvideva razvoj štirih specializiranih programov v probaciji, in sicer mentorstvo za osebe, ki izvršujejo delo v splošno korist, program za storilce kaznivih dejanj nasilja v družini, program za storilce kaznivih dejanj zoper spolno nedotakljivost in program za razvijanje socialnih veščin. Pri tem operacija sledi ključnim nacionalnim in evropskim usmeritvam, ki obravnavajo področje izvrševanja sankcij v probaciji. Temeljni cilj operacije je razviti nove programe in s tem v obravnavo zajeti specifične potrebe storilcev kaznivih dejanj, to pa omogoča osebam lažjo reintegracijo v družbo, boljše zaposlitvene možnosti, večjo opolnomočenost in višjo kvaliteto življenja ter s tem zmanjšana tveganja za ponovitev kaznivih dejanj. V specializirane programe bo vključenih 600 oseb, ki so vključene v probacijo.",,,,,SI
https://linkedopendata.eu/entity/Q7501674,2021SI16FFPR001_OP27.00533,Realtracing We trace real estate opportunities to boost your sales. We identify real estate opportunities to accelerate your sales,Realtracing We trace real estate opportunities to boost your sales. Identificiramo nepremičninske priložnosti za pospeševanje vaše prodaje,Slovenia,13/03/2025,31/03/2027,85.0,72000.0,EUR,61200.0,https://linkedopendata.eu/entity/Q7501161,"46.563226869974,15.627324811128",025,"Incubation, support to spin offs and spin outs and start ups",,,PO01,Smarter Europe,RSO1.3,RSO1.3,ERDF,European Regional Development Fund,2021SI16FFPR001,EU Cohesion Policy - SI -  ERDF/CF/ESF+/JTF,,SI_070,Maribor,,,Podravska,,,SI032,2021-2027,"Realtracing is a software as a service (SAAS) and data solution that provides customers with an insight into the opportunities of the construction and real estate markets. Realtracing.com optimizes the work of commercialists. The Realtracing platform collects and transparently presents data on real estate transactions, active and future construction sites and related actors. This data is critical for providers of construction products and services, real estate agencies and investors and buyers.","Realtracing je SAAS (software as a service) in podatkovna rešitev, ki kupcem omogoča vpogled v priložnosti gradbenega in nepremičninskega trga. Realtracing.com optimizira delo komercialistov. S platformo Realtracing se zberejo in pregledno predstavijo podatki o nepremičninskih transakcijah, aktivnih in bodočih gradbiščih ter povezanih akterjih. Ti podatki so kritičnega pomena za ponudnike gradbenih produktov in storitev, nepremičninske agencije ter investitorje in kupce.",,,,,SI
https://linkedopendata.eu/entity/Q7501501,2021SI16FFPR001_OP27.00315,Uroflowmeter - a device for measuring a stream of urine,Uroflowmeter - naprava za merjenje curka urina,Slovenia,27/03/2024,31/03/2026,85.0,72000.0,EUR,61200.0,https://linkedopendata.eu/entity/Q7501102,"46.248365487681,15.266115481207",025,"Incubation, support to spin offs and spin outs and start ups",,,PO01,Smarter Europe,RSO1.3,RSO1.3,ERDF,European Regional Development Fund,2021SI16FFPR001,EU Cohesion Policy - SI -  ERDF/CF/ESF+/JTF,,SI_011,Celje,,,Savinjska,,,SI034,2021-2027,"The operation includes the development of a device for measuring a jet of urine - Uroflowmeter under the IPeeWell brand, obtaining a certificate for a medical device for Slovenia and the EU in 2025, and the start of promotional activities and sales at the end of 2025. The device can even acquire 13 parameters of a stream of urine (intended for urologists; second only 5-6) and has an automatic interpretation of the results in an intelligible form (intended for users). Competitive devices do not have this. Urologists are allowed to compare several outcomes together. A urination diary is automatically kept, which urologists also need when making decisions. It is the first uroflow on the market with voice control, which is especially useful for older users. Basically working is the corresponding application solution for Android and Windows. This is followed by an application solution for IOS and a solution for measuring additional 7 parameters.","Operacija obsega razvoj naprave za merjenje curka urina - Uroflowmeter pod blagovno znamko IPeeWell, pridobitev certifikata za medicinski pripomoček za Slovenijo in EU v letu 2025 ter začeteke promocijskih aktivnosti in prodaje konec 2025. Naprava lahko pridobi celo 13 parametrov curka urina (namenjeno urologom; drugi le 5-6) in ima avtomatsko interpretacijo rezultatov v razumljivi obliki (namenjeno uporabnikom). Tega konkurenčne naprave nimajo. Urologom je omogočena primerjava več izidov skupaj. Avtomatsko se vodi dnevnik uriniranja, ki ga urologi tudi potrebujemo pri odločitvah. Je prvi uroflow na trgu z možnostjo glasovnega upravljanja, kar je koristno predvsem za starejše uporabnike. Osnovno delujoča je pripadajoča aplikativna rešitev za Android in Windows. Sledi aplikativna rešitev za IOS in rešitev za meritve dodatnih 7 parametrov.",,,,,SI
https://linkedopendata.eu/entity/Q7501319,2021SI16FFPR001_OP27.00130,Entrepreneurship over the challenges of the Zasavska region,Podjetno nad izzive Zasavske regije,Slovenia,01/01/2024,15/11/2028,85.0,1538272.0,EUR,1307531.2,https://linkedopendata.eu/entity/Q3280046,"46.15,14.96666667",025,"Incubation, support to spin offs and spin outs and start ups",,,PO01,Smarter Europe,RSO1.3,RSO1.3,ERDF,European Regional Development Fund,2021SI16FFPR001,EU Cohesion Policy - SI -  ERDF/CF/ESF+/JTF,,,,,,Zasavska,,,SI035,2021-2027,"Operation PONI Zasavje is part of the comprehensive project PONI, which is carried out on the whole of Slovenia. The purpose of the operation PONI Zasavje is the entrepreneurial training of persons who want to realize the entrepreneurial idea, thereby promoting entrepreneurship in the Zasavje region. It is a 4-month entrepreneurial training programme for people who want to realize an entrepreneurial idea and turn it into commercially interesting products or services with the help of mentors and content trainings and counselling. The content of the training programme is structured in such a way that within 4 months of inclusion, participants receive key knowledge in the field of entrepreneurship, which they need when entering an independent entrepreneurial path. The training program of the participant takes everything from the development of a business idea, to the creation of a business model and a business plan. At the same time, he is fully acquainted with all important areas in entrepreneurship. The project enables participants to use physical infrastructure (premises, equipment) according to the principle of co-working (joint division of office and equipment). By encouraging the formation of entrepreneurial teams, participants will also gain new knowledge, new acquaintances and business opportunities, as well as transfer experiences and examples of good practices.","Operacija PONI Zasavje je del celovitega projekta PONI, ki se izvaja na območju celotne Slovenije. Namen operacije PONI Zasavje je podjetniško usposabljanje oseb, ki želijo realizirati podjetniško idejo, s tem pa spodbujanje podjetništva v Zasavski regiji. Gre za program 4 mesečnega podjetniškega usposabljanja oseb, ki želijo realizirati podjetniško idejo in jo ob pomoči mentorjev in vsebinskih usposabljanj ter svetovanj spremeniti v tržno zanimive produkte oziroma storitve. Program usposabljanja je vsebinsko sestavljen tako, da v 4 mesecih vključitve udeleženci prejmejo ključna znanja s področja podjetništva, ki jih ob vstopu na samostojno podjetniško pot potrebujejo. Program usposabljanja udeleženca pelje vse od razvoja poslovne ideje, do izdelave poslovnega modela in poslovnega načrta. Hkrati ga celostno seznani z vsemi pomembnimi področji v podjetništvu. Udeležencem projekt omogoča uporabo fizične infrastrukture (prostori, oprema) in sicer po principu co-workinga (skupne delitve pisarne in opreme). S spodbujanjem oblikovanja podjetniških ekip bodo udeleženci prišli tudi do novih znanj, novih poznanstev in poslovnih priložnosti ter prenašali izkušnje in primere dobrih praks.",,,,,SI
https://linkedopendata.eu/entity/Q7501598,2021SI16FFPR001_OP27.00416,Management for the local action group LAG Soča Valley in the period 2021-2027,Upravljanje za lokalno akcijsko skupino LAS Dolina Soče v obdobju 2021-2027,Slovenia,01/01/2024,30/09/2029,40.0,251250.0,EUR,100500.0,https://linkedopendata.eu/entity/Q3279194,"46.05,13.88333333",169,"Territorial development initiatives, including preparation of territorial strategies",,,PO05,Europe closer to citizens,RSO5.2,RSO5.2,ERDF,European Regional Development Fund,2021SI16FFPR001,EU Cohesion Policy - SI -  ERDF/CF/ESF+/JTF,,,,,,Goriška,,,SI043,2021-2027,"Support for the management of the LAG is intended to co-finance the costs incurred in the management and operation of the LAG, including monitoring and evaluation of the approved SLR, animation of the LAG area and assistance to potential beneficiaries for developing project ideas and preparing projects.","Podpora za upravljanje LAS je namenjena za sofinanciranje stroškov, ki so nastali pri upravljanju in delovanju LAS, vključno s spremljanjem in vrednotenjem odobrene SLR, animacijo območja LAS in pomoči morebitnim upravičencem za razvijanje projektnih idej in pripravo projektov.",,,,,SI
https://linkedopendata.eu/entity/Q7501632,2021SI16FFPR001_OP27.00458,Business zone Rudnik Hrastnik,Poslovna cona Rudnik Hrastnik,Slovenia,01/04/2024,30/09/2027,85.0,1556447.72,EUR,1322980.56,https://linkedopendata.eu/entity/Q3279076,"46.131350227263,15.118681085452",020,Business infrastructure for SMEs (including industrial parks and sites),,,PO08,Just Transition,JTF,JTF,JTF,Just Transition Fund,2021SI16FFPR001,EU Cohesion Policy - SI -  ERDF/CF/ESF+/JTF,,SI_034,Hrastnik,,,Zasavska,,,SI035,2021-2027,"The purpose of the project is functional development or revitalization of the business zone. The revitalization of the PC represents the construction of infrastructure in the Rudnik business zone on sanitary areas connected with coal mining and coal use in the Municipality of Hrastnik. The goal of the project is an innovative and competitive economy. The key objectives are a supportive environment and access to services for the economy, improving infrastructure for the needs of the economy and increasing the added value of economic activities. It will also meet the objective of a green and low-carbon economy to improve the quality of the environment. The implementation of the project will provide both existing and potential new companies with the appropriate infrastructure and favourable conditions for the implementation of their business activity. The further development of small and medium-sized enterprises, which are key drivers of economic development, will be encouraged. As part of the revitalization of the Rudnik Hrastnik Business Zone, a modern transport utility and other missing infrastructure will be established with the implementation of the project: construction of road infrastructure with public lighting (554.84 m), construction of meteor sewerage (480.49 m) and faecal sewerage (390.27 m), construction of water supply (832.85 m).","Namen projekta je funkcionalni razvoj oz. revitalizacija poslovne cone. Revitalizacija PC predstavlja izgradnjo infrastrukture v Poslovni coni Rudnik na sanitarnih površinah povezanih s premogovništvom in rabo premoga v Občini Hrastnik. Cilj projekta je inovativno in konkurenčno gospodarstvo. Ključni cilji so podporno okolje in dostopnost storitev za gospodarstvo, izboljšanje infrastrukture za potrebe gospodarstva ter povečanje dodatne vrednosti gospodarskih dejavnosti. Prav tako bo zadoščeno cilju za zeleno in nizkoogljično gospodarstvo za izboljšanje kakovosti okolja. Z izvedbo projekta se bo tako obstoječim kot morebitnim novim podjetjem zagotovilo ustrezno infrastrukturo in ugodne pogoje za izvajanje njihove poslovne dejavnosti. Spodbudil se bo nadaljnji razvoj malih in srednje velikih podjetij, ki so ključni nosilci gospodarskega razvoja. V okviru revitalizacije Poslovne cone Rudnik Hrastnik se bo z izvedbo projekta vzpostavila moderna prometna komunalna in druga manjkajoča infrastruktura: gradnja cestne infrastrukture z javno razsvetljavo (554,84 m), izgradnja meteorne kanalizacije (480,49 m) in fekalne kanalizacije (390,27 m), izgradnja vodovoda (832,85 m).",,,,,SI
https://linkedopendata.eu/entity/Q7501528,2021SI16FFPR001_OP27.00342,ReVino,ReVino,Slovenia,29/03/2024,31/03/2026,85.0,72000.0,EUR,61200.0,https://linkedopendata.eu/entity/Q7501129,"46.563226869974,15.627324811128",025,"Incubation, support to spin offs and spin outs and start ups",,,PO01,Smarter Europe,RSO1.3,RSO1.3,ERDF,European Regional Development Fund,2021SI16FFPR001,EU Cohesion Policy - SI -  ERDF/CF/ESF+/JTF,,SI_070,Maribor,,,Podravska,,,SI032,2021-2027,"ReVino focuses on sustainably tackling the problem of excess wine-growing waste, such as grape marc, which represents an ecological and economic burden for winegrowers and the environment. They target winegrowers, the wine industry, plastic producers and sensitive consumers looking for environmentally friendly products. The innovation transforms this waste into high-quality bio-plastics that are used to make sustainable wine products and packaging.","ReVino se osredotoča na trajnostno reševanje problema presežnih vinogradniških odpadkov, kot so grozdne tropine, ki predstavljajo ekološko in ekonomsko breme za vinogradnike in okolje. Ciljajo na vinogradnike, vinske industrije, proizvajalce plastike in občutljive potrošnike, ki iščejo okolju prijazne izdelke. Inovacija pretvarja te odpadke v visokokakovostno bio plastiko, ki jo uporabljajo za izdelavo trajnostnih vinarskih izdelkov in embalaže.",,,,,SI
https://linkedopendata.eu/entity/Q7501601,2021SI16FFPR001_OP27.00419,"Governance for the Local Action Group ""For the city and you"" 2021-2027",Upravljanje za lokalno akcijsko skupino Za mesto in vas v obdobju 2021–2027,Slovenia,01/01/2024,30/09/2029,40.0,203832.34,EUR,81532.94,https://linkedopendata.eu/entity/Q3279623,"46.05,14.516666666667",169,"Territorial development initiatives, including preparation of territorial strategies",,,PO05,Europe closer to citizens,RSO5.2,RSO5.2,ERDF,European Regional Development Fund,2021SI16FFPR001,EU Cohesion Policy - SI -  ERDF/CF/ESF+/JTF,,,,,,Osrednjeslovenska,,,SI041,2021-2027,"Support for the management of the LAG is intended to co-finance the costs incurred in the management and operation of the LAG, including monitoring and evaluation of the approved SLR, animation of the LAG area and assistance to potential beneficiaries for developing project ideas and preparing projects.","Podpora za upravljanje LAS je namenjena za sofinanciranje stroškov, ki so nastali pri upravljanju in delovanju LAS, vključno s spremljanjem in vrednotenjem odobrene SLR, animacijo območja LAS in pomoči morebitnim upravičencem za razvijanje projektnih idej in pripravo projektov.",,,,,SI
https://linkedopendata.eu/entity/Q7501373,2021SI16FFPR001_OP27.00186,"Production of OCPS of municipalities Gornja Radgona, Apače, Benedikt, Sv. Jurij ob Ščavnici","Izdelava OCPS občin Gornja Radgona, Apače, Benedikt, Sv. Jurij ob Ščavnici",Slovenia,01/01/2023,30/06/2025,85.0,124000.0,EUR,105400.0,https://linkedopendata.eu/entity/Q3278942,"46.635583658074,15.961275858133",109,Multimodal transport (not urban),,,PO03,Connected Europe,RSO3.2,RSO3.2,CF,Cohesion Fund,2021SI16FFPR001,EU Cohesion Policy - SI -  ERDF/CF/ESF+/JTF,,SI_029,Gornja Radgona,,,Pomurska,,,SI031,2021-2027,"Production of OCPS of municipalities Gornja Radgona, Apače, Benedikt, Sv. Jurij ob Ščavnici","Izdelava OCPS občin Gornja Radgona, Apače, Benedikt, Sv. Jurij ob Ščavnici",,,,,SI
https://linkedopendata.eu/entity/Q7501210,2021SI16FFPR001_OP27.00021,"FUNDING COMPETENCES 2023-2029, CENTRE SE REGION","TEMELJNE KOMPETENCE 2023-2029, OSREDNJA JV REGIJA",Slovenia,13/10/2023,30/06/2029,85.0,1859786.89,EUR,1580818.86,https://linkedopendata.eu/entity/Q3279976,"45.905970908533,14.97391276653",151,Support for adult education (excluding infrastructure),,,PO04,Social Europe,ESO4.7,ESO4.7,ESF+,European Social Fund Plus,2021SI16FFPR001,EU Cohesion Policy - SI -  ERDF/CF/ESF+/JTF,,SI_130,Trebnje,,,Jugovzhodna Slovenija,,,SI037,2021-2027,"FUNDING COMPETENCES 2023-2029, CENTRE SE REGION","TEMELJNE KOMPETENCE 2023-2029, OSREDNJA JV REGIJA",,,,,SI
https://linkedopendata.eu/entity/Q7501376,2021SI16FFPR001_OP27.00189,Production of OCPS of the Municipality of Podvelka,Izdelava OCPS občine Podvelka,Slovenia,01/01/2023,30/06/2025,85.0,28000.0,EUR,23800.0,https://linkedopendata.eu/entity/Q7501103,"46.594935731756,15.358920985594",109,Multimodal transport (not urban),,,PO03,Connected Europe,RSO3.2,RSO3.2,CF,Cohesion Fund,2021SI16FFPR001,EU Cohesion Policy - SI -  ERDF/CF/ESF+/JTF,,SI_093,Podvelka,,,Koroška,,,SI033,2021-2027,Production of OCPS of the Municipality of Podvelka,Izdelava OCPS občine Podvelka,,,,,SI
https://linkedopendata.eu/entity/Q7501724,2021SI16FFPR001_OP27.00601,Accessible long-term care – Improving access to services and information on long-term care,Dostopna dolgotrajna oskrba – Izboljšanje dostopnosti storitev in informiranje o dolgotrajni oskrbi,Slovenia,01/04/2025,31/10/2028,62.5,1243363.0,EUR,777101.88,https://linkedopendata.eu/entity/Q7501188,"46.054328329124,14.562956200712",161,Measures to improve access to long-term care (excluding infrastructure),,,PO04,Social Europe,ESO4.11,ESO4.11,ESF+,European Social Fund Plus,2021SI16FFPR001,EU Cohesion Policy - SI -  ERDF/CF/ESF+/JTF,,SI_061,Ljubljana,,,Osrednjeslovenska,,,SI041,2021-2027,"The purpose of the operation is to support the enforcement of the Long-Term Care Act (ZDOsk-1) and improve access to long-term care rights (DO). By carrying out promotional activities at national level and setting up a call centre, the operation will contribute to greater visibility of the DO system, better information to the general and professional public, and thus to a more efficient use of services. This will also allow for the effective exercise of the legally defined rights in practice. The operation is aimed at strengthening the personnel of the Ministry of the Solidarity Future (SME), which is responsible for regulating the long-term care system, enhanced communication on the rights and obligations of providers and beneficiaries of DOs provided by the law, and easier access to information on how the law is implemented. The beneficiary will be an SME (project unit in the Directorate in charge of long-term care). The objectives of the operation are: To improve the awareness and information of people, potential beneficiaries of DTC and the general public about long-term care in Slovenia and the possibilities of exercising the rights to DTC under ZDOsk-1 by carrying out an information campaign in the years 2025 to 2028. To sensitize the population to the needs of older people and people with disabilities by running a campaign from 2025 to 2028. Increase access to DOs and provide more information to interested potential beneficiaries of DOs, service users and other individuals in a direct and individualised way by setting up a call centre in the years 2025 to 2027. The activities of the operation/project are: I. Conducting, monitoring and directing the operation. II. Information to the public and promotion of long-term care at national level. III. Establishment of a call centre for direct information on long-term care.","Namen operacije je podpiranje uveljavljanja Zakona o dolgotrajni oskrbi (ZDOsk-1) ter izboljšanje dostopa do pravic iz naslova dolgotrajne oskrbe (DO). Z izvajanjem promocijskih aktivnosti na nacionalni ravni in vzpostavitvijo klicnega centra bo operacija prispevala k večji prepoznavnosti sistema DO, boljši obveščenosti splošne in strokovne javnosti ter s tem tudi k učinkovitejši uporabi storitev. Na ta način bo omogočeno tudi dejansko izvajanje zakonsko opredeljenih pravic v praksi. Operacija je namenjena kadrovski krepitvi Ministrstva za solidarno prihodnost (MSP), ki je pristojno za urejanje sistema dolgotrajne oskrbe, okrepljenemu komuniciranju o pravicah in obveznostih izvajalcev ter upravičencev do DO, ki jih prinaša zakon ter lažjemu dostopu do informacij o načinu izvajanja zakona. Upravičenec bo MSP (projektna enota na direktoratu, ki je pristojen za dolgotrajno oskrbo). Cilji operacije so: - Izboljšati ozaveščenost in obveščenost ljudi, potencialnih upravičencev do DO ter širše javnosti o dolgotrajni oskrbi v Sloveniji in možnostih uresničevanja pravic do DO po ZDOsk-1 z izvedbo kampanje za informiranje v letih od 2025 do 2028. - Senzibilizirati prebivalstvo za potrebe starejših ljudi in ljudi z ovirami z izvedbo kampanje v letih od 2025 do 2028. - Povečati dostop do DO in zagotovitev večje informiranosti zainteresiranih potencialnih upravičencev do DO, uporabnikov storitev in drugih posameznikov na neposreden in individualiziran način z vzpostavitvijo klicnega centra v letih od 2025 do 2027. Aktivnosti operacije/projekta so: I. Vodenje, spremljanje in usmerjanje operacije. II. Informiranje javnosti in promocija dolgotrajne oskrbe na nacionalni ravni. III. Vzpostavitev klicnega centra za neposredno informiranje o dolgotrajni oskrbi.",,,,,SI
https://linkedopendata.eu/entity/Q7501218,2021SI16FFPR001_OP27.00026,FUNDING COMPETENTS FOR THE FIELD 2023-2029,TEMELJNE KOMPETENCE ZA PODRAVJE 2023-2029,Slovenia,13/10/2023,30/06/2029,85.0,1741229.87,EUR,1480045.39,https://linkedopendata.eu/entity/Q3279977,"46.414005054162,15.533759557483",151,Support for adult education (excluding infrastructure),,,PO04,Social Europe,ESO4.7,ESO4.7,ESF+,European Social Fund Plus,2021SI16FFPR001,EU Cohesion Policy - SI -  ERDF/CF/ESF+/JTF,,SI_113,Slovenska Bistrica,,,Podravska,,,SI032,2021-2027,FUNDING COMPETENTS FOR THE FIELD 2023-2029,TEMELJNE KOMPETENCE ZA PODRAVJE 2023-2029,,,,,SI
https://linkedopendata.eu/entity/Q7501271,2021SI16FFPR001_OP27.00075,DD - Decent work,DD – dostojno delo,Slovenia,01/02/2024,30/09/2026,63.85,742309.9,EUR,473964.87,https://linkedopendata.eu/entity/Q3279417,"46.054328329124,14.562956200712",136,Specific support for youth employment and socio-economic integration of young people,,,PO04,Social Europe,ESO4.1,ESO4.1,ESF+,European Social Fund Plus,2021SI16FFPR001,EU Cohesion Policy - SI -  ERDF/CF/ESF+/JTF,,SI_061,Ljubljana,,,Osrednjeslovenska,,,SI041,2021-2027,DD - Decent work,DD – dostojno delo,,,,,SI
https://linkedopendata.eu/entity/Q7501232,2021SI16FFPR001_OP27.00042,Non-formal education and training,Neformalno izobraževanje in uposabljanje,Slovenia,01/12/2023,30/11/2028,76.05,8851556.0,EUR,6731732.71,https://linkedopendata.eu/entity/Q3278938,"46.054328329124,14.562956200712",134,Measures to improve access to employment,,,PO04,Social Europe,ESO4.1,ESO4.1,ESF+,European Social Fund Plus,2021SI16FFPR001,EU Cohesion Policy - SI -  ERDF/CF/ESF+/JTF,,SI_061,Ljubljana,,,Osrednjeslovenska,,,SI041,2021-2027,"Purpose of the operation: the inclusion of unemployed persons in training and education programmes with the aim of activating unemployed persons as quickly as possible, increasing their employability by raising the competences of basic skills and improving the conditions of entry into the labour market. Objective of the operation: The aim of the operation is to activate as quickly as possible unemployed persons whose existing skills do not enable direct employment. By joining the programme, the unemployed will acquire the competences and skills demanded by employers, and there is a shortage of people with such skills on the labour market.","Namen operacije: je vključevane brezposelnih oseb v programe usposabljanja in izobraževanja z namenom čim hitrejše aktivacije brezposelnih oseb, povečanje njihove zaposljivosti z dvigom usposobljenosti temeljnih veščin ter izboljšanje pogojev vstopa na trg dela. Cilj operacije: Cilj operacije je čim hitrejša aktivacija brezposelnih oseb, katerih obstoječa znanja ne omogočajo neposredne zaposlitve. Brezposelne osebe bodo z vključitvijo v program pridobile kompetence in znanja, po katerih delodajalci povprašujejo, oseb s takšnim znanjem na trgu dela primanjkuje.",,,,,SI
https://linkedopendata.eu/entity/Q7501456,2021SI16FFPR001_OP27.00270,Integrated transport strategy of the Municipality of Mirna,Celostna prometna strategija Občine Mirna,Slovenia,01/01/2023,31/12/2025,85.0,28000.0,EUR,23800.0,https://linkedopendata.eu/entity/Q3279661,"45.945138704588,15.056895348898",109,Multimodal transport (not urban),,,PO03,Connected Europe,RSO3.2,RSO3.2,CF,Cohesion Fund,2021SI16FFPR001,EU Cohesion Policy - SI -  ERDF/CF/ESF+/JTF,,SI_212,Mirna,,,Jugovzhodna Slovenija,,,SI037,2021-2027,Integrated transport strategy of the Municipality of Mirna,Celostna prometna strategija Občine Mirna,,,,,SI
https://linkedopendata.eu/entity/Q7501448,2021SI16FFPR001_OP27.00262,Municipal integrated transport strategy MOV,Občinska celostna prometna strategija MOV,Slovenia,01/01/2023,31/12/2025,85.0,60000.0,EUR,51000.0,https://linkedopendata.eu/entity/Q3278920,"46.369263220381,15.133009729589",109,Multimodal transport (not urban),,,PO03,Connected Europe,RSO3.2,RSO3.2,CF,Cohesion Fund,2021SI16FFPR001,EU Cohesion Policy - SI -  ERDF/CF/ESF+/JTF,,SI_133,Velenje,,,Savinjska,,,SI034,2021-2027,Municipal integrated transport strategy MOV,Občinska celostna prometna strategija MOV,,,,,SI
https://linkedopendata.eu/entity/Q7501480,2021SI16FFPR001_OP27.00294,Digital heroes 30++,Digitalni heroji 30++,Slovenia,23/02/2024,31/10/2025,69.85,460600.0,EUR,321715.0,https://linkedopendata.eu/entity/Q7501099,"46.1,14.15|46.08333333,15.45",018,IT services and applications for digital skills and digital inclusion,,,PO01,Smarter Europe,RSO1.2,RSO1.2,ERDF,European Regional Development Fund,2021SI16FFPR001,EU Cohesion Policy - SI -  ERDF/CF/ESF+/JTF,,,,,Western Slovenia|Eastern Slovenia,,,SI04|SI03,,2021-2027,"The purpose of the operation is to carry out informal education for the acquisition of basic and advanced digital competences of residents of the Republic of Slovenia aged 30 and over . By participating in non-formal education, participants raise awareness of the benefits of using digital tools for the life of the individual and society as a whole. They also enhance trust and understanding of digital technologies and their responsible and safe use. The objectives of the programme are to: 1. acquiring and raising the basic digital competences of adult residents of the Republic of Slovenia aged 30 and over, 2. promoting interest in digital technologies, their understanding and responsible and safe use, 3. acquiring and raising advanced digital competences.","Namen operacije je izvedba neformalnih izobraževanj za pridobivanje osnovnih in naprednih digitalnih kompetenc prebivalcev Republike Slovenije starih 30 let in več . Z udeležbo na neformalnih izobraževanjih udeleženci krepijo zavest o prednostih uporabe digitalnih orodij za življenje posameznika in družbo kot celoto. Prav tako krepijo zaupanje in razumevanje digitalnih tehnologij ter njihovo odgovorno in varno uporabo. Cilje programa so: 1. pridobivanje in dvig osnovnih digitalnih kompetenc odraslih prebivalcev RS starih 30 let in več, 2. spodbujanje zanimanja za digitalne tehnologije, njihovo razumevanje ter odgovorno in varno uporabo, 3. pridobivanje in dvig naprednih digitalnih kompetenc.",,,,,SI
https://linkedopendata.eu/entity/Q7501512,2021SI16FFPR001_OP27.00326,GreenMindAI - ESRS-S Sustainability Reporting Automation,GreenMindAI - avtomatizacija ESRS-S trajnostnega poročanja,Slovenia,29/03/2024,31/03/2026,85.0,72000.0,EUR,61200.0,https://linkedopendata.eu/entity/Q7501137,"46.414005054162,15.533759557483",025,"Incubation, support to spin offs and spin outs and start ups",,,PO01,Smarter Europe,RSO1.3,RSO1.3,ERDF,European Regional Development Fund,2021SI16FFPR001,EU Cohesion Policy - SI -  ERDF/CF/ESF+/JTF,,SI_113,Slovenska Bistrica,,,Podravska,,,SI032,2021-2027,"The company is developing the first smart program to automate the ESRS-S reporting process. In addition to collecting relevant data, automated reporting and measuring the carbon footprint of employees, the innovative smart solution will also offer a predictive analysis of the achievement of ESRS standards.","Podjetje razvija PRVI pametni program za avtomatizacijo procesa ESRS-S poročanja. Inovativna pametna rešitev bo poleg zbiranja relevantnih podatkov, avtomatiziranega poročanja in merjenja ogljičnega odtisa zaposlenih ponujala tudi prediktivno analizo doseganja ESRS standardov.",,,,,SI
https://linkedopendata.eu/entity/Q7501211,2021SI16FFPR001_OP27.00019,Pathways to Knowledge,ODRASLI NA POTI DO ZNANJA,Slovenia,13/10/2023,30/06/2029,85.0,1741229.87,EUR,1480045.39,https://linkedopendata.eu/entity/Q3279112,"46.259083921942,15.165689852759",151,Support for adult education (excluding infrastructure),,,PO04,Social Europe,ESO4.7,ESO4.7,ESF+,European Social Fund Plus,2021SI16FFPR001,EU Cohesion Policy - SI -  ERDF/CF/ESF+/JTF,,SI_190,Žalec,,,Savinjska,,,SI034,2021-2027,Pathways to Knowledge,ODRASLI NA POTI DO ZNANJA,,,,,SI
https://linkedopendata.eu/entity/Q7501348,2021SI16FFPR001_OP27.00161,Integrated Transport Strategy of the City of Ljubljana,Celostna prometna strategija Mestne občine Ljubljana,Slovenia,01/01/2023,31/12/2025,85.0,81000.0,EUR,68850.0,https://linkedopendata.eu/entity/Q3279971,"46.054328329124,14.562956200712",109,Multimodal transport (not urban),,,PO03,Connected Europe,RSO3.2,RSO3.2,CF,Cohesion Fund,2021SI16FFPR001,EU Cohesion Policy - SI -  ERDF/CF/ESF+/JTF,,SI_061,Ljubljana,,,Osrednjeslovenska,,,SI041,2021-2027,Integrated Transport Strategy of the City of Ljubljana,Celostna prometna strategija Mestne občine Ljubljana,,,,,SI
https://linkedopendata.eu/entity/Q7501264,2021SI16FFPR001_OP27.00070,Knowledge Transfer Consortium – KTO3,Konzorcij za prenos znanja – KTO (KTO3),Slovenia,12/04/2024,28/02/2029,59.35,2149999.98,EUR,1276024.99,https://linkedopendata.eu/entity/Q3279150,"46.1,14.15|46.08333333,15.45",012,"Research and innovation activities in public research centres, higher education and centres of competence including networking (industrial research, experimental development, feasibility studies)",,,PO01,Smarter Europe,RSO1.1,RSO1.1,ERDF,European Regional Development Fund,2021SI16FFPR001,EU Cohesion Policy - SI -  ERDF/CF/ESF+/JTF,,,,,Western Slovenia|Eastern Slovenia,,,SI04|SI03,,2021-2027,Knowledge Transfer Consortium – KTO3,Konzorcij za prenos znanja – KTO (KTO3),,,,,SI
https://linkedopendata.eu/entity/Q7501639,2021SI16FFPR001_OP27.00467,Automatic subtitling of television programmes for people with disabilities,Samodejno podnaslavljanje televizijskih programov za invalide,Slovenia,01/01/2025,31/12/2028,52.31,1204411.76,EUR,630000.0,https://linkedopendata.eu/entity/Q7501153,"46,15",018,IT services and applications for digital skills and digital inclusion,,,PO01,Smarter Europe,RSO1.2,RSO1.2,ERDF,European Regional Development Fund,2021SI16FFPR001,EU Cohesion Policy - SI -  ERDF/CF/ESF+/JTF,,,,,,,,,,2021-2027,"RTV Slovenia (a public institution of special importance in the field of radio and television activities) carries out programmes aimed at the blind and visually impaired and the deaf and deaf-mute in techniques adapted to them. The project introduces the use of language technologies (speech-to-text - transcription) for the automatic subtitling of TV programmes for the deaf and hard of hearing, as well as for the elderly.","RTV Slovenija (javni zavod posebnega pomena na področju radijske in televizijske dejavnosti) izvaja programske vsebine, namenjene slepim in slabovidnim ter gluhim in gluhonemim v njim prilagojenih tehnikah. S predmetnim projektom se uvaja uporaba jezikovnih tehnologij (pretvorba govora v besedilo - transkripcija) za samodejno podnaslavljanje televizijskih oddaj za gluhe in naglušne ter tudi starejše osebe.",,,,,SI
https://linkedopendata.eu/entity/Q7501586,2021SI16FFPR001_OP27.00404,LAG management On heritage trails from Turjak to Kolpa,Upravljanje LAS Po poteh dediščine od Turjaka do Kolpe,Slovenia,01/01/2024,30/09/2029,85.0,246433.72,EUR,209468.66,https://linkedopendata.eu/entity/Q3279382,"45.7217251,14.9013822",169,"Territorial development initiatives, including preparation of territorial strategies",,,PO05,Europe closer to citizens,RSO5.2,RSO5.2,ERDF,European Regional Development Fund,2021SI16FFPR001,EU Cohesion Policy - SI -  ERDF/CF/ESF+/JTF,,,,,,Jugovzhodna Slovenija,,,SI037,2021-2027,"Support for the management of the LAG is intended to co-finance the costs incurred in the management and operation of the LAG, including monitoring and evaluation of the approved SLR, animation of the LAG area and assistance to potential beneficiaries for developing project ideas and preparing projects.","Podpora za upravljanje LAS je namenjena za sofinanciranje stroškov, ki so nastali pri upravljanju in delovanju LAS, vključno s spremljanjem in vrednotenjem odobrene SLR, animacijo območja LAS in pomoči morebitnim upravičencem za razvijanje projektnih idej in pripravo projektov.",,,,,SI
https://linkedopendata.eu/entity/Q7501516,2021SI16FFPR001_OP27.00330,The Plan Based Tool,Orodje Plan Based,Slovenia,29/03/2024,31/03/2026,85.0,72000.0,EUR,61200.0,https://linkedopendata.eu/entity/Q7501118,"46.131350227263,15.118681085452",025,"Incubation, support to spin offs and spin outs and start ups",,,PO01,Smarter Europe,RSO1.3,RSO1.3,ERDF,European Regional Development Fund,2021SI16FFPR001,EU Cohesion Policy - SI -  ERDF/CF/ESF+/JTF,,SI_034,Hrastnik,,,Zasavska,,,SI035,2021-2027,"The subject of the project is the development and marketing of Plan Based; A tool for managers with responsibility for P&L companies. The tool follows the principle of simplicity, which is placed side by side with Excel, enables collaboration and at the same time draws data from omnipresent external and internal sources. Developed plan models are transferable between companies and between countries. Thanks to modern technical approaches, Plan Based enables superior responsiveness, despite the creation of completely new data connections.","Predmet projekta je razvoj in trženje Plan Based; orodje za vodstvene zaposlene z odgovornostjo za P&L podjetja. Orodje sledi principu enostavnosti, ki se postavi ob bok Excel-u, omogoča sodelovanje in hkrati črpa podatke iz vsemogočih zunanjih in notranjih virov. Razviti modeli planov so prenosljivi med podjetji in med državami. Zaradi modernih tehničnih pristopov Plan Based omogoča superiorno odzivnost, kljub oblikovanju popolnoma novih povezav med podatki.",,,,,SI
https://linkedopendata.eu/entity/Q7501738,2021SI16FFPR001_OP27.00622,Quality Assessment Model and Competences of Long-Term Care Employees - Quality Long-Term Care,Model presoje kakovosti in kompetence zaposlenih v dolgotrajni oskrbi - Kakovostna dolgotrajna oskrba,Slovenia,01/01/2025,31/10/2028,62.5,1330582.62,EUR,831614.14,https://linkedopendata.eu/entity/Q3279601,"46.1,14.15|46.08333333,15.45",161,Measures to improve access to long-term care (excluding infrastructure),,,PO04,Social Europe,ESO4.11,ESO4.11,ESF+,European Social Fund Plus,2021SI16FFPR001,EU Cohesion Policy - SI -  ERDF/CF/ESF+/JTF,,,,,Western Slovenia|Eastern Slovenia,,,SI04|SI03,,2021-2027,"The purpose of the investment is to support the implementation process of ZDOsk-1. In order to ensure user-oriented care and strengthen the network of services, the purpose of the operation/project is to provide professional support and increased capacity of all stakeholders in the process of establishing DOs, while in particular strengthening the competences of employees in DOs and employees at the CSD for quality, safe and user-oriented care. Objectives of the operation/project: - Strengthen the capacities and improve the competences of experts at the CSD and at DO service providers for the provision and implementation of user-centred care and the development of the DO network. - Upgrade working methods and introduce innovations in DO, with the aim of developing person-centred care and ensuring life in the home environment, by providing professional support for employees at CSDs and DO coordinators at DO service providers. To enable effective monitoring of CSR, with the aim of timely identification of systemic deficiencies, challenges and impacts, by preparing methodological baselines and measurement instruments that will lay the foundations for systematic and long-term monitoring of CSR. To provide the foundation for a better quality of service and life for older people by developing a model for quality assessment in DOs and pilot testing of the model. The beneficiary will be the Institute of the Republic of Slovenia for Social Protection. The activities of the operation/project are: - project management, monitoring and coordination; - development of monitoring methodologies and quality assessment model for user-oriented long-term care - development of new competences of employees in long-term care - Information and communication on the content of the project","Namen investicije je podpiranje procesa uveljavljanja ZDOsk-1. Za zagotovitev oskrbe, usmerjene v uporabnika in krepitev mreže storitev je namen operacije/projekta zagotoviti strokovno podporo in večjo zmogljivost vseh deležnikov v procesu vzpostavitve DO, pri tem pa še posebej okrepiti kompetence zaposlenih v DO in delavcev na CSD za kakovostno, varno in v uporabnika usmerjeno oskrbo. Cilji operacije/projekta: - Krepiti zmogljivosti in izboljšati kompetence strokovnjakov na CSD in pri izvajalcih storitev DO za zagotavljanje in izvajanje v uporabnika usmerjene oskrbe in razvoj mreže DO. - Nadgraditi metode dela in vpeljati inovacije v DO, z namenom razvoja v posameznika usmerjene oskrbe in zagotovitvijo življenja v domačem okolju, z nudenjem strokovne podpore za zaposlene na CSD in koordinatorje DO pri izvajalcih storitev DO. - Omogočiti učinkovito spremljanje DO, z namenom pravočasne identifikacije sistemskih pomanjkljivosti, izzivov in učinkov, s pripravo metodoloških izhodišč in merskih instrumentov, ki bodo postavila temelje za sistematično in dolgoročno spremljanje DO. - Zagotoviti temelje za večjo kakovost storitev in življenja starejših ljudi z oblikovanjem modela presojanja kakovosti v DO in pilotnega testiranja modela. Upravičenec bo Institut RS za socialno varstvo. Aktivnosti operacije/projekta so: - vodenje, spremljanje in koordinacija projekta; - razvoj metodologij spremljanja in modela presoje kakovosti za v uporabnika usmerjano dolgotrajno oskrbo - razvoj novih kompetenc zaposlenih v dolgotrajni oskrbi - Informiranje in komuniciranje o vsebini projekta",,,,,SI
https://linkedopendata.eu/entity/Q7501489,2021SI16FFPR001_OP27.00303,Multigenerational centre Ljubljana + N'š plac,Večgeneracijski center Ljubljana + N'š plac,Slovenia,01/08/2024,30/09/2029,40.0,1481849.6,EUR,592739.84,https://linkedopendata.eu/entity/Q3279195,"46.054328329124,14.562956200712",163,"Promoting social integration of people at risk of poverty or social exclusion, including the most deprived and children",,,PO04,Social Europe,ESO4.12,ESO4.12,ESF+,European Social Fund Plus,2021SI16FFPR001,EU Cohesion Policy - SI -  ERDF/CF/ESF+/JTF,,SI_061,Ljubljana,,,Osrednjeslovenska,,,SI041,2021-2027,"The project offers various preventive content and activities aimed primarily at families, individual family members, the elderly and other vulnerable groups. Multigenerational Centre+ (VGC+) is a central gathering place in the local environment, dedicated to socializing, maintaining or expanding the social network and empowering vulnerable groups. It is a preventive project involving educational, intercultural, intergenerational and other activities.","Projekt ponuja različne preventivne vsebine in aktivnosti, namenjene predvsem družinam, posameznim družinskim članom, starejšim in drugim ranljivim skupinam. Večgeneracijski center+ (VGC+) predstavlja osrednji prostor zbiranja v lokalnem okolju, namenjen druženju, ohranjanju oziroma širjenju socialne mreže ter opolnomočenju ranljivih skupin. Gre za preventivni projekt, ki vključuje izobraževalne, medkulturne, medgeneracijske in druge dejavnosti.",,,,,SI
https://linkedopendata.eu/entity/Q7501405,2021SI16FFPR001_OP27.00219,Production of OCPS of the Municipality of Kranjska Gora,Izdelava OCPS Občine Kranjska Gora,Slovenia,01/01/2023,31/12/2025,85.0,28000.0,EUR,23800.0,https://linkedopendata.eu/entity/Q7501105,"46.460553070403,13.846162789861",109,Multimodal transport (not urban),,,PO03,Connected Europe,RSO3.2,RSO3.2,CF,Cohesion Fund,2021SI16FFPR001,EU Cohesion Policy - SI -  ERDF/CF/ESF+/JTF,,SI_053,Kranjska Gora,,,Gorenjska,,,SI042,2021-2027,Production of OCPS of the Municipality of Kranjska Gora,Izdelava OCPS Občine Kranjska Gora,,,,,SI
https://linkedopendata.eu/entity/Q7501281,2021SI16FFPR001_OP27.00089,Youth work against youth precariousness - pilot project - Pekarna Magdalenske Mreža,Z mladinskim delom proti prekarnosti mladih - pilotni projekt - Pekarna Magdalenske mreže,Slovenia,01/06/2024,31/12/2026,85.0,87060.4,EUR,74001.34,https://linkedopendata.eu/entity/Q3279410,"46.563226869974,15.627324811128",136,Specific support for youth employment and socio-economic integration of young people,,,PO04,Social Europe,ESO4.1,ESO4.1,ESF+,European Social Fund Plus,2021SI16FFPR001,EU Cohesion Policy - SI -  ERDF/CF/ESF+/JTF,,SI_070,Maribor,,,Podravska,,,SI032,2021-2027,Youth work against youth precariousness - pilot project - Pekarna Magdalenske Mreža,Z mladinskim delom proti prekarnosti mladih - pilotni projekt - Pekarna Magdalenske mreže,,,,,SI
https://linkedopendata.eu/entity/Q7501382,2021SI16FFPR001_OP27.00196,Production of the OCPS of the Municipality of Ptuj,Izdelava OCPS Mestne občine Ptuj,Slovenia,01/01/2023,31/12/2025,85.0,60000.0,EUR,51000.0,https://linkedopendata.eu/entity/Q3278921,"46.44182594554,15.874368786301",109,Multimodal transport (not urban),,,PO03,Connected Europe,RSO3.2,RSO3.2,CF,Cohesion Fund,2021SI16FFPR001,EU Cohesion Policy - SI -  ERDF/CF/ESF+/JTF,,SI_096,Ptuj,,,Podravska,,,SI032,2021-2027,Production of the OCPS of the Municipality of Ptuj,Izdelava OCPS Mestne občine Ptuj,,,,,SI
https://linkedopendata.eu/entity/Q7501509,2021SI16FFPR001_OP27.00323,Smart Checkin - a sustainable solution for automated rental of holiday accommodation,Smart Checkin - trajnostna rešitev za avtomatizirano oddajanje počitniških nastanitev,Slovenia,01/03/2024,31/03/2026,40.0,72000.0,EUR,28800.0,https://linkedopendata.eu/entity/Q7501136,"46.054328329124,14.562956200712",025,"Incubation, support to spin offs and spin outs and start ups",,,PO01,Smarter Europe,RSO1.3,RSO1.3,ERDF,European Regional Development Fund,2021SI16FFPR001,EU Cohesion Policy - SI -  ERDF/CF/ESF+/JTF,,SI_061,Ljubljana,,,Osrednjeslovenska,,,SI041,2021-2027,"As part of the submitted project, the company is developing the Smart Checkin solution - an innovative product for sustainable and automated rental of holiday accommodation.",V okviru prijavljenega projekta podjetje razvija rešitev Smart Checkin - inovativen produkt za trajnostno in avtomatizirano oddajanje počitniških nastanitev.,,,,,SI
https://linkedopendata.eu/entity/Q7501699,2021SI16FFPR001_OP27.00558,Call for proposals for the co-financing of projects Transition of young people +,Javni razpis za sofinanciranje projektov Prehod mladih +,Slovenia,01/05/2025,30/09/2029,72.89,1142532.0,EUR,832761.0,https://linkedopendata.eu/entity/Q3280789,"46.054328329124,14.562956200712",153,Pathways to integration and re-entry into employment for disadvantaged people,,,PO04,Social Europe,ESO4.8,ESO4.8,ESF+,European Social Fund Plus,2021SI16FFPR001,EU Cohesion Policy - SI -  ERDF/CF/ESF+/JTF,,SI_061,Ljubljana,,,Osrednjeslovenska,,,SI041,2021-2027,"The purpose of the public call is to increase the employment of young people with special needs through various forms of assistance through preventive measures, systematic professional work with young people with special needs, the preparation of a proposal for updated standards and norms of employment rehabilitation for young people, and an awareness-raising campaign, thus contributing to greater social inclusion of young people with special needs and equalization of opportunities.","Namen javnega razpisa je s preventivnim ukrepanjem, s sistematičnim strokovnim delom z mladimi s posebnimi potrebami, pripravo predloga dopolnjenih standardov in normativov zaposlitvene rehabilitacije za mlade ter kampanjo ozaveščanja povečati zaposlovanje mladih s posebnimi potrebami preko različnih oblik pomoči ter tako vplivati na večjo socialno vključenost mladih s posebnimi potrebami in izenačevanje možnosti.",,,,,SI
https://linkedopendata.eu/entity/Q7501524,2021SI16FFPR001_OP27.00338,Breast cancer apple skin innovative pouch,"Pokirurški žepek za rakave bolnice, iz odpadkov jabolčnih olupkov / Breast cancer apple skin innovative pouch",Slovenia,29/03/2024,31/03/2026,85.0,72000.0,EUR,61200.0,https://linkedopendata.eu/entity/Q7501147,"46.369263220381,15.133009729589",025,"Incubation, support to spin offs and spin outs and start ups",,,PO01,Smarter Europe,RSO1.3,RSO1.3,ERDF,European Regional Development Fund,2021SI16FFPR001,EU Cohesion Policy - SI -  ERDF/CF/ESF+/JTF,,SI_133,Velenje,,,Savinjska,,,SI034,2021-2027,"As part of the submitted project, they are developing a new product Breast cancer apple skin innovative pouch. It is a post-surgical pocket made of bio-leather, which will be made using a special technological procedure from the waste of apple peels, which inhibits the formation of new cancer cells. It serves to stow and facilitate access to drainage pipes and pumps immediately after the operation. Later, when they are no longer needed, this innovative pocket is removed, unfastened and serves as a handbag for the user. The pocket is part of the entire sustainably designed clothing for cancer patients.","V sklopu prijavljenega projekta razvijajo nov izdelek Breast cancer apple skin innovative pouch. Gre za pokirurški žepek iz bio-usnja, ki bo narejen s posebnim tehnološkim postopkom iz odpadkov jabolčnih olupkov, ki zavirajo nastanek novih rakavih celic. Služi za spravljanje in lažje dostopanje do drenažnih cevčic in pumpic takoj po operaciji. Kasneje, ko le teh ne potrebujejo več, pa se ta inovativni žepek odstrani, odpne in služi kot torbica za uporabnico. Žepek je del celotnega trajnostno zasnovanega oblačila za rakave bolnice.",,,,,SI
https://linkedopendata.eu/entity/Q7501357,2021SI16FFPR001_OP27.00170,Production of OCPS for the municipality of Hoče - Slivnica,Izdelava OCPS za občino Hoče - Slivnica,Slovenia,01/01/2023,31/12/2025,85.0,40000.0,EUR,34000.0,https://linkedopendata.eu/entity/Q3279074,"46.491227478831,15.626763392331",109,Multimodal transport (not urban),,,PO03,Connected Europe,RSO3.2,RSO3.2,CF,Cohesion Fund,2021SI16FFPR001,EU Cohesion Policy - SI -  ERDF/CF/ESF+/JTF,,SI_160,Hoče - Slivnica,,,Podravska,,,SI032,2021-2027,Production of OCPS for the municipality of Hoče - Slivnica,Izdelava OCPS za občino Hoče - Slivnica,,,,,SI
https://linkedopendata.eu/entity/Q7501441,2021SI16FFPR001_OP27.00255,Production of OCPS of the Municipality of Kranj,Izdelava OCPS Mestne občine Kranj,Slovenia,01/01/2023,30/06/2025,85.0,66000.0,EUR,56100.0,https://linkedopendata.eu/entity/Q3278959,"46.254781094051,14.334073802693",109,Multimodal transport (not urban),,,PO03,Connected Europe,RSO3.2,RSO3.2,CF,Cohesion Fund,2021SI16FFPR001,EU Cohesion Policy - SI -  ERDF/CF/ESF+/JTF,,SI_052,Kranj,,,Gorenjska,,,SI042,2021-2027,Production of OCPS of the Municipality of Kranj,Izdelava OCPS Mestne občine Kranj,,,,,SI
https://linkedopendata.eu/entity/Q7501356,2021SI16FFPR001_OP27.00169,Production of OCPS Municipality of Šmarješke Toplice,Izdelava OCPS Občine Šmarješke Toplice,Slovenia,01/01/2023,31/12/2025,85.0,28000.0,EUR,23800.0,https://linkedopendata.eu/entity/Q3282400,"45.883922690929,15.243933495319",109,Multimodal transport (not urban),,,PO03,Connected Europe,RSO3.2,RSO3.2,CF,Cohesion Fund,2021SI16FFPR001,EU Cohesion Policy - SI -  ERDF/CF/ESF+/JTF,,SI_206,Šmarješke Toplice,,,Jugovzhodna Slovenija,,,SI037,2021-2027,Production of OCPS Municipality of Šmarješke Toplice,Izdelava OCPS Občine Šmarješke Toplice,,,,,SI
https://linkedopendata.eu/entity/Q7501419,2021SI16FFPR001_OP27.00233,Production of OCPS of the Municipality of Vipava,Izdelava OCPS občine Vipava,Slovenia,01/01/2023,31/12/2025,85.0,28000.0,EUR,23800.0,https://linkedopendata.eu/entity/Q7501084,"45.821749960381,13.984559352528",109,Multimodal transport (not urban),,,PO03,Connected Europe,RSO3.2,RSO3.2,CF,Cohesion Fund,2021SI16FFPR001,EU Cohesion Policy - SI -  ERDF/CF/ESF+/JTF,,SI_136,Vipava,,,Goriška,,,SI043,2021-2027,Production of OCPS of the Municipality of Vipava,Izdelava OCPS občine Vipava,,,,,SI
https://linkedopendata.eu/entity/Q7501203,2021SI16FFPR001_OP27.00006,Kisovec II Economic and Business Zone,Ekonomsko poslovna cona Kisovec II,Slovenia,03/04/2023,30/09/2025,85.0,1500000.0,EUR,1275000.0,https://linkedopendata.eu/entity/Q3278952,"46.133890757994,14.951220963977",020,Business infrastructure for SMEs (including industrial parks and sites),,,PO08,Just Transition,JTF,JTF,JTF,Just Transition Fund,2021SI16FFPR001,EU Cohesion Policy - SI -  ERDF/CF/ESF+/JTF,,SI_142,Zagorje ob Savi,,,Zasavska,,,SI035,2021-2027,Kisovec II Economic and Business Zone,Ekonomsko poslovna cona Kisovec II,,,,,SI
https://linkedopendata.eu/entity/Q7501317,2021SI16FFPR001_OP27.00128,Entrepreneurship over the challenges of Primorsko-Notranjska,Podjetno nad izzive Primorsko-Notranjska,Slovenia,01/01/2024,15/11/2028,85.0,1538272.0,EUR,1307531.2,https://linkedopendata.eu/entity/Q3279866,"45.6800342,14.3195439",025,"Incubation, support to spin offs and spin outs and start ups",,,PO01,Smarter Europe,RSO1.3,RSO1.3,ERDF,European Regional Development Fund,2021SI16FFPR001,EU Cohesion Policy - SI -  ERDF/CF/ESF+/JTF,,,,,,Primorsko-notranjska,,,SI038,2021-2027,"Operation PONI Primorsko-notranjska is part of the comprehensive PONI project, which is carried out throughout Slovenia. The purpose of the operation PONI Primorsko-Notranjska is the entrepreneurial training of persons who want to realize the entrepreneurial idea, thereby promoting entrepreneurship in the Primorsko-Notranjska region. It is a 4-month entrepreneurial training programme for people who want to realize an entrepreneurial idea and turn it into commercially interesting products or services with the help of mentors and content trainings and counselling. The content of the training programme is structured in such a way that within 4 months of inclusion, participants receive key knowledge in the field of entrepreneurship, which they need when entering an independent entrepreneurial path. The training program of the participant takes everything from the development of a business idea, to the creation of a business model and a business plan. At the same time, he is fully acquainted with all important areas in entrepreneurship. The project enables participants to use physical infrastructure (premises, equipment) according to the principle of co-working (joint division of office and equipment). By encouraging the formation of entrepreneurial teams, participants will also gain new knowledge, new acquaintances and business opportunities, as well as transfer experiences and examples of good practices.","Operacija PONI Primorsko-notranjska je del celovitega projekta PONI, ki se izvaja na območju celotne Slovenije. Namen operacije PONI Primorsko-Notranjska je podjetniško usposabljanje oseb, ki želijo realizirati podjetniško idejo, s tem pa spodbujanje podjetništva v Primorsko- Notranjski regiji. Gre za program 4 mesečnega podjetniškega usposabljanja oseb, ki želijo realizirati podjetniško idejo in jo ob pomoči mentorjev in vsebinskih usposabljanj ter svetovanj spremeniti v tržno zanimive produkte oziroma storitve. Program usposabljanja je vsebinsko sestavljen tako, da v 4 mesecih vključitve udeleženci prejmejo ključna znanja s področja podjetništva, ki jih ob vstopu na samostojno podjetniško pot potrebujejo. Program usposabljanja udeleženca pelje vse od razvoja poslovne ideje, do izdelave poslovnega modela in poslovnega načrta. Hkrati ga celostno seznani z vsemi pomembnimi področji v podjetništvu. Udeležencem projekt omogoča uporabo fizične infrastrukture (prostori, oprema) in sicer po principu co-workinga (skupne delitve pisarne in opreme). S spodbujanjem oblikovanja podjetniških ekip bodo udeleženci prišli tudi do novih znanj, novih poznanstev in poslovnih priložnosti ter prenašali izkušnje in primere dobrih praks.",,,,,SI
https://linkedopendata.eu/entity/Q7501344,2021SI16FFPR001_OP27.00157,Production of OCPS Municipality of Kostanjevica na Krki,Izdelava OCPS Občine Kostanjevica na Krki,Slovenia,01/01/2023,31/12/2025,85.0,28000.0,EUR,23800.0,https://linkedopendata.eu/entity/Q3281154,"45.837379017793,15.420862201582",109,Multimodal transport (not urban),,,PO03,Connected Europe,RSO3.2,RSO3.2,CF,Cohesion Fund,2021SI16FFPR001,EU Cohesion Policy - SI -  ERDF/CF/ESF+/JTF,,SI_197,Kostanjevica na Krki,,,Posavska,,,SI036,2021-2027,Production of OCPS Municipality of Kostanjevica na Krki,Izdelava OCPS Občine Kostanjevica na Krki,,,,,SI
https://linkedopendata.eu/entity/Q7501646,2021SI16FFPR001_OP27.00477,Operation Financial Instruments 2021-2027,Operacija Finančni instrumenti 2021-2027,Slovenia,17/03/2025,31/12/2029,69.39,24499999.99,EUR,17000000.0,https://linkedopendata.eu/entity/Q3280807,"46.1,14.15|46.08333333,15.45",040,Energy efficiency and demonstration projects in SMEs or large enterprises and supporting measures compliant with energy efficiency criteria,,,PO02,"Greener, carbon-free Europe",RSO2.1,RSO2.1,ERDF,European Regional Development Fund,2021SI16FFPR001,EU Cohesion Policy - SI -  ERDF/CF/ESF+/JTF,,,,,Western Slovenia|Eastern Slovenia,,,SI04|SI03,,2021-2027,"FI 2021-2027 is intended to promote growth, development, investment and current operations of target groups defined in the FI 2021-2027 Holding Fund Investment Strategy for the period from 2025 to 2029. Operation FI 2021-2027 will be implemented under the following specific objectives: SC 1.1, SC 1.3, SC 2.1, SC 2.6 and SC 5.1.","FI 2021-2027 so namenjeni spodbujanju rasti, razvoja, investicijskih vlaganj in tekočega poslovanja ciljnih skupin opredeljenih v Naložbeni strategiji Holdinškega sklada FI 2021-2027 za obdobje od 2025 - 2029. Operacija FI 2021-2027 se bo izvajala v okviru naslednjih specifičnih ciljev: SC 1.1, SC 1.3, SC 2.1, SC 2.6 in SC 5.1.",,,,,SI
https://linkedopendata.eu/entity/Q7501213,2021SI16FFPR001_OP27.00023,"""MAKS"" A bridge to the activation of competences and skills",»MAKS« Most do aktivacije kompetenc in spretnosti,Slovenia,13/10/2023,30/06/2029,85.0,1740980.9,EUR,1479833.76,https://linkedopendata.eu/entity/Q3279109,"46.44182594554,15.874368786301",151,Support for adult education (excluding infrastructure),,,PO04,Social Europe,ESO4.7,ESO4.7,ESF+,European Social Fund Plus,2021SI16FFPR001,EU Cohesion Policy - SI -  ERDF/CF/ESF+/JTF,,SI_096,Ptuj,,,Podravska,,,SI032,2021-2027,"""MAKS"" A bridge to the activation of competences and skills",»MAKS« Most do aktivacije kompetenc in spretnosti,,,,,SI
https://linkedopendata.eu/entity/Q7501581,2021SI16FFPR001_OP27.00399,Management of the LAG Heart of Styria in the period 2021-2027,Upravljanje LAS Srce Štajerske v obdobju 2021-2027,Slovenia,01/01/2024,30/09/2029,85.0,231500.0,EUR,196775.0,https://linkedopendata.eu/entity/Q3279875,"46.45,15.68333333",169,"Territorial development initiatives, including preparation of territorial strategies",,,PO05,Europe closer to citizens,RSO5.2,RSO5.2,ERDF,European Regional Development Fund,2021SI16FFPR001,EU Cohesion Policy - SI -  ERDF/CF/ESF+/JTF,,,,,,Podravska,,,SI032,2021-2027,"Support for the management of the LAG is intended to co-finance the costs incurred in the management and operation of the LAG, including monitoring and evaluation of the approved SLR, animation of the LAG area and assistance to potential beneficiaries for developing project ideas and preparing projects.","Podpora za upravljanje LAS je namenjena za sofinanciranje stroškov, ki so nastali pri upravljanju in delovanju LAS, vključno s spremljanjem in vrednotenjem odobrene SLR, animacijo območja LAS in pomoči morebitnim upravičencem za razvijanje projektnih idej in pripravo projektov.",,,,,SI
https://linkedopendata.eu/entity/Q7501636,2021SI16FFPR001_OP27.00462,Developing the competences of imprisoned persons,Razvoj kompetenc zaprtih oseb,Slovenia,01/11/2024,30/11/2029,71.44,4478765.0,EUR,3199696.9,https://linkedopendata.eu/entity/Q3279791,"46.054328329124,14.562956200712",163,"Promoting social integration of people at risk of poverty or social exclusion, including the most deprived and children",,,PO04,Social Europe,ESO4.12,ESO4.12,ESF+,European Social Fund Plus,2021SI16FFPR001,EU Cohesion Policy - SI -  ERDF/CF/ESF+/JTF,,SI_061,Ljubljana,,,Osrednjeslovenska,,,SI041,2021-2027,"Within the framework of the project Development of competencies of incarcerated persons, an upgrade and implementation of the model for the inclusion of incarcerated persons with limitations for active inclusion in society will be carried out, as well as an upgrade of the model of occupational therapy, as well as an expansion of the range of NPK programs in terms of several offered programs and locations. In the case of imprisoned persons, detainees and minors with the imposed measure of placement in a correctional home, the implementation of project activities in the categories of work training, occupational therapy and special treatments will achieve positive effects in empowering the individual to further engage in activities that contribute to the development of a sense of competence, responsibility, strengthening of a sense of self-worth and general self-realization. At the end of the operation, this also holistically upgrades the existing system of training for the work of prisoners (detainees and convicts), as well as establishes the treatment of specific areas that were not established at the systemic level (by location) until the beginning of the operation.","V okviru projekta Razvoj kompetenc zaprtih oseb se bo izvedla nadgradnja in implementacija modela za vključevanje zaprtih oseb z omejitvami za aktivno vključevanje v družbo ter nadgradnja modela delovne terapije, kakor tudi širitev nabora programov NPK v smislu več ponujenih programov in lokacij. Pri zaprtih osebah, pripornikih in mladoletnikih z izrečenim ukrepom oddaje v prevzgojni dom se bo z izvedbo projektnih aktivnosti v kategorijah usposabljanja za delo, delovne terapije in specialnih obravnav doseglo pozitivne učinke pri opolnomočenju posameznika, da se po prestani kazni sam nadalje vključuje v aktivnosti, ki pripomorejo k razvijanju občutka kompetentnosti, odgovornosti, krepitve občutka lastne vrednosti in splošne samorealizacije. S tem se ob zaključku operacije tudi holistično nadgradi tako dosedanji sistem usposabljanja za delo zaprtih oseb (pripornikov in obsojencev), kot tudi vzpostavlja obravnava specifičnih področij, ki do pričetka operacije ni bila vzpostavljena na sistemski ravni (po lokacijah).",,,,,SI
https://linkedopendata.eu/entity/Q7501665,2021SI16FFPR001_OP27.00524,Market breakthrough of CityConnect single mobile app with multimodal mobility solution,Tržni preboj enotne mobilne aplikacije CityConnect z rešitvijo za multimodalno mobilnost,Slovenia,14/03/2025,31/03/2027,40.0,72000.0,EUR,28800.0,https://linkedopendata.eu/entity/Q7501162,"46.145083128182,14.627094050186",025,"Incubation, support to spin offs and spin outs and start ups",,,PO01,Smarter Europe,RSO1.3,RSO1.3,ERDF,European Regional Development Fund,2021SI16FFPR001,EU Cohesion Policy - SI -  ERDF/CF/ESF+/JTF,,SI_023,Domžale,,,Osrednjeslovenska,,,SI041,2021-2027,"NeoPolisTech is developing an innovative solution that solves the problem of fragmentation of digital services in cities and communities in general and the specific problem of human mobility. The operation includes activities of development of MVP and production version of the solution, commercialization and expansion to the European and global market. The goal of the operation is the development and commercialization of the solution.","NeoPolisTech razvija inovativno rešitev, ki rešuje problem razdrobljenosti digitalnih storitev v mestih in skupnostih na splošno ter specifično problem mobilnosti ljudi. Operacija vključuje aktivnosti razvoja MVP in produkcijske verzije rešitve, komercializacijo in širitev na Evropski in globalni trg. Cilj operacije je razvoj in komercializacija rešitve.",,,,,SI
https://linkedopendata.eu/entity/Q7501318,2021SI16FFPR001_OP27.00129,Entrepreneurship over the challenges in the Pomurje region,Podjetno nad izzive v Pomurski regiji,Slovenia,01/02/2024,15/11/2028,85.0,1538272.0,EUR,1307531.2,https://linkedopendata.eu/entity/Q3279667,"46.65,16.16666667",025,"Incubation, support to spin offs and spin outs and start ups",,,PO01,Smarter Europe,RSO1.3,RSO1.3,ERDF,European Regional Development Fund,2021SI16FFPR001,EU Cohesion Policy - SI -  ERDF/CF/ESF+/JTF,,,,,,Pomurska,,,SI031,2021-2027,"Operation PONI Pomurje is part of the comprehensive project PONI, which is carried out on the entire territory of Slovenia. The purpose of the PONI Pomurje operation is the entrepreneurial training of people who want to realize an entrepreneurial idea, thereby promoting entrepreneurship in the Pomurje region. It is a 4-month entrepreneurial training programme for people who want to realize an entrepreneurial idea and turn it into commercially interesting products or services with the help of mentors and content trainings and counselling. The content of the training programme is structured in such a way that within 4 months of inclusion, participants receive key knowledge in the field of entrepreneurship, which they need when entering an independent entrepreneurial path. The training program of the participant takes everything from the development of a business idea, to the creation of a business model and a business plan. At the same time, he is fully acquainted with all important areas in entrepreneurship. The project enables participants to use physical infrastructure (premises, equipment) according to the principle of co-working (joint division of office and equipment). By encouraging the formation of entrepreneurial teams, participants will also gain new knowledge, new acquaintances and business opportunities, as well as transfer experiences and examples of good practices.","Operacija PONI Pomurje je del celovitega projekta PONI, ki se izvaja na območju celotne Slovenije. Namen operacije PONI Pomurje je podjetniško usposabljanje oseb, ki želijo realizirati podjetniško idejo, s tem pa spodbujanje podjetništva v Pomurski regiji. Gre za program 4 mesečnega podjetniškega usposabljanja oseb, ki želijo realizirati podjetniško idejo in jo ob pomoči mentorjev in vsebinskih usposabljanj ter svetovanj spremeniti v tržno zanimive produkte oziroma storitve. Program usposabljanja je vsebinsko sestavljen tako, da v 4 mesecih vključitve udeleženci prejmejo ključna znanja s področja podjetništva, ki jih ob vstopu na samostojno podjetniško pot potrebujejo. Program usposabljanja udeleženca pelje vse od razvoja poslovne ideje, do izdelave poslovnega modela in poslovnega načrta. Hkrati ga celostno seznani z vsemi pomembnimi področji v podjetništvu. Udeležencem projekt omogoča uporabo fizične infrastrukture (prostori, oprema) in sicer po principu co-workinga (skupne delitve pisarne in opreme). S spodbujanjem oblikovanja podjetniških ekip bodo udeleženci prišli tudi do novih znanj, novih poznanstev in poslovnih priložnosti ter prenašali izkušnje in primere dobrih praks.",,,,,SI
https://linkedopendata.eu/entity/Q7501415,2021SI16FFPR001_OP27.00229,Production of OCPS of the Municipality of Dobrna,Izdelava OCPS Občine Dobrna,Slovenia,01/01/2023,30/06/2025,85.0,28000.0,EUR,23800.0,https://linkedopendata.eu/entity/Q3282006,"46.355968230495,15.223826026312",109,Multimodal transport (not urban),,,PO03,Connected Europe,RSO3.2,RSO3.2,CF,Cohesion Fund,2021SI16FFPR001,EU Cohesion Policy - SI -  ERDF/CF/ESF+/JTF,,SI_155,Dobrna,,,Savinjska,,,SI034,2021-2027,Production of OCPS of the Municipality of Dobrna,Izdelava OCPS Občine Dobrna,,,,,SI
https://linkedopendata.eu/entity/Q7501536,2021SI16FFPR001_OP27.00352,Centre for the Guidance of Deinstitutionalisation,Center za usmerjanje deinstitucionalizacije,Slovenia,01/01/2024,31/10/2028,76.79,3176033.71,EUR,2438763.27,https://linkedopendata.eu/entity/Q3279601,"46.054328329124,14.562956200712",161,Measures to improve access to long-term care (excluding infrastructure),,,PO04,Social Europe,ESO4.11,ESO4.11,ESF+,European Social Fund Plus,2021SI16FFPR001,EU Cohesion Policy - SI -  ERDF/CF/ESF+/JTF,,SI_061,Ljubljana,,,Osrednjeslovenska,,,SI041,2021-2027,"Deinstitutionalization (DI) is a process through which we transform institutions for people with disabilities and, as an alternative, provide diverse community-based services that enable personalized care, domestic living, and the realization of human rights of people with disabilities. DI is a long and complex social process that includes the process of planning the transformation of large institutions, establishing new services, improving living conditions, increasing the quality of life of people with disabilities, training employees, working with the community, as well as structural changes in social policy, legislation, connecting stakeholders and raising awareness among the wider professional and other public. In Slovenia, DI has a long history. In the past, there have already been the establishment of new services in the community, the partial transformation of institutions, the development of new knowledge, and several research projects have been carried out. This investment continues and upgrades the work of past DI processes in Slovenia, while for the first time addressing DI at the national level. The investment envisages the systematic, coordinated and high-quality introduction of DI in the field of care for children and adults with disabilities in Slovenia, as required by numerous international, European and Slovenian documents. In particular, the investment will support the implementation of the Deinstitutionalisation Strategy 2024-2034 (StaDI 2024-2034). Purpose and objectives The purpose of the investment is to provide professional support, monitor the DI process and coordinate work between different DI actors. At national level, the purpose of the investment is to provide operational support to SMEs in coordinating work across different portfolios, sectors and contractors. At the local level, the purpose of the investment is to provide field support to key stakeholders such as users and their loved ones, employees in institutions, community service providers, social work centres, municipalities, etc. The purpose of the investment ČUDI is also to develop new knowledge and raise public awareness of the DI process. The objectives of the investment are: - increased accessibility of the network of services and programmes in accordance with ReNPSV 22-30; - the coordinated implementation of the DI process and the involvement of various stakeholders in the process itself; - the development of new forms and methods of work in social care and long-term care, changes in the treatment of users and the individualisation of services; Enhancing the enjoyment of human rights by people with disabilities to live in the community and to decide where and with whom to live; - eliminating discrimination and stigma towards people with disabilities; - sensitising the environment to DI concepts and the rights of people with disabilities. The activities that will be carried out in 15 institutions are aimed at coordinating and leading the process of moving users to residential units for community living, training professional associates, users and their relatives, and raising awareness among the general public and the local community. We will evaluate the project and prepare a final research report.","Deinstitucionalizacija (DI) je proces, preko katerega preobrazimo institucije za ljudi z oviranostjo in kot alternativo zagotovimo raznolike storitve v skupnosti, ki omogočajo oskrbo po meri posameznika, življenje v domačem okolju, in uresničevanje človekovih pravic ljudi z oviranostjo. DI je dolgotrajen in kompleksen družbeni proces, ki vključuje postopek načrtovanja preobrazbe velikih institucij, vzpostavljanje novih storitev, izboljšanje bivalnih pogojev, večanje kakovosti življenja ljudi z oviranostjo, usposabljanje zaposlenih, delo s skupnostjo, obenem pa strukturne spremembe socialne politike, zakonodaje, povezovanje deležnikov in ozaveščanje širše strokovne in druge javnosti. V Sloveniji ima DI dolgoletno zgodovino. V preteklosti je že prišlo do vzpostavitve novih storitev v skupnosti, delne preobrazbe institucij, razvoja novega znanja, izvedenih pa je bilo tudi več raziskovalnih projektov. Pričujoča investicija nadaljuje in nadgrajuje delo preteklih procesov DI v Sloveniji, pri čemer pa se prvič loteva DI na nacionalni ravni. Investicija predvideva sistematično, koordinirano in kakovostno uvajanje DI za področje oskrbe otrok in odraslih z oviranostjo v Sloveniji, kot to narekujejo številni mednarodni, evropski in slovenski dokumenti. Investicija bo še posebej podprla izvajanje Strategije za deinstitucionalizacijo 2024-2034 (StaDI 2024-2034). Namen in cilji Namen investicije je zagotoviti strokovno podporo, spremljati proces DI in koordinirati delo med različnimi akterji DI. Na nacionalni ravni je namen investicije zagotavljati operativno podporo MSP pri usklajevanju dela med različnimi resorji, sektorji in izvajalci. Na lokalni ravni pa je namen investicije zagotavljati terensko podporo ključnim deležnikom kot so uporabniki in njihovim bližnji, zaposleni v zavodih, izvajalci storitev v skupnosti, centri za socialno delo, občine itn. Namen investicije CUDI je prav tako razvijati novo znanje in ozaveščati javnost o procesu DI. Cilji investicije so: - povečana dostopnost mreže služb in programov v skladu z ReNPSV 22-30; - koordinirano izvajanje procesa DI in vključevanje različnih deležnikov v sam proces; - razvoj novih in nadgradnja že obstoječih oblik in metod dela v socialnem varstvu in dolgotrajni oskrbi, sprememba obravnave uporabnikov ter individualizacija storitev; - krepitev uresničevanja človekovih pravic ljudi z oviranostjo, da živijo v skupnosti in odločajo, kje in s kom bodo živeli; - odpravljanje diskriminacije in stigme do oseb z oviranostjo; - senzibiliziranje okolja do konceptov DI in pravic ljudi z oviranostjo. Aktivnosti, ki jih bomo izvajali v 15 zavodih so usmerjene v koordinacijo in vodenje procesa preselitve uporabnikov v bivalne enote za bivanje v skupnosti, usposabljanje strokovnih sodelavcev, uporabnikov in njihovih sorodnikov ter ozaveščanje splošne javnosti in lokalne skupnosti. Projekt bomo evalvirali in pripravili tudi zaključno raziskovano poročilo.",,,,,SI
https://linkedopendata.eu/entity/Q7501624,2021SI16FFPR001_OP27.00450,"Problem-Student Learning in the Work Environment: Economy, non-economy and non-profit sector in the local/regional environment 2024-2027","Problemsko učenje študentov v delovno okolje: gospodarstvo, negospodarstvo in neprofitni sektor v lokalnem/regionalnem okolju 2024-2027",Slovenia,01/10/2024,31/08/2025,40.0,1068600.0,EUR,427440.0,https://linkedopendata.eu/entity/Q7501072,"46.1,14.15",150,Support for tertiary education (excluding infrastructure),,,PO04,Social Europe,ESO4.5,ESO4.5,ESF+,European Social Fund Plus,2021SI16FFPR001,EU Cohesion Policy - SI -  ERDF/CF/ESF+/JTF,,,,,Western Slovenia,,,SI04,,2021-2027,"The operation will enable the acquisition of practical experience, knowledge and competences of students in the work environment during their studies, encourage the strengthening of cooperation and integration and transfer of knowledge between the higher education system and the work environment (the economy and the non-economy and non-profit sector in the local and regional environment). In this way, young people will be able to develop their skills in the realization of ideas, the development of entrepreneurship, innovation, creative and critical thinking, creativity, etc. for greater employability and easier transition into the working environment after the completion of their studies. The call also addresses other challenges of higher education, such as the systemic introduction of knowledge transfer between higher education institutions and the working environment, greater flexibility and adaptation of study programmes to the needs of the labour market, and the establishment of long-term cooperation between higher education institutions and the working environment.","V okviru operacije bo omogočeno pridobivanje praktičnih izkušenj, znanj in kompetenc študentov v delovnem okolju v času študija, spodbujanje krepitve sodelovanja in povezovanja ter prenosa znanja med visokošolskim sistemom in med delovnim okoljem (gospodarstvo ter negospodarstvo in neprofitni sektor v lokalnem in regionalnem okolju). Na ta način se bo mladim omogočalo razvoj znanj in spretnosti pri uresničevanju idej, razvoj podjetnosti, inovativnosti, kreativnega in kritičnega razmišljanja, ustvarjalnosti ipd. za večjo zaposljivost in lažji prehod v delovno okolje po zaključku študija. Z javnim razpisom se naslavlja tudi druge izzive visokega šolstva kot npr. sistemsko uvajanje prenosa znanja med visokošolskimi zavodi in delovnim okoljem, večja fleksibilnost in prilagajanje študijskih programov potrebam trga dela ter vzpostavitev dolgoročnega sodelovanja med visokošolskimi zavodi in delovnim okoljem.",,,,,SI
https://linkedopendata.eu/entity/Q7501192,2021SI16FFPR001_OP27.00005,Labour market platform,Platforma trga dela,Slovenia,01/07/2023,31/10/2028,62.95,6000000.0,EUR,3777000.0,https://linkedopendata.eu/entity/Q3278938|https://linkedopendata.eu/entity/Q3279056,"46.054328329124,14.562956200712",139,Measures to modernise and strengthen labour market institutions and services to assess and anticipate skills needs and to ensure timely and tailor-made assistance,,,PO04,Social Europe,ESO4.2,ESO4.2,ESF+,European Social Fund Plus,2021SI16FFPR001,EU Cohesion Policy - SI -  ERDF/CF/ESF+/JTF,,SI_061,Ljubljana,,,Osrednjeslovenska,,,SI041,2021-2027,"The purpose of the operation is to develop a system of forecasting skills needs and identifying gaps in occupations and competences for the short, medium and long term, which will enable the upgrading and deepening of competences and skills of employees in accordance with the needs of the labour market and thus strengthen the competitiveness of the Slovenian economy.","Namen operacije je razvoj sistema napovedovanja potreb po znanjih in ugotavljanja vrzeli po poklicih in kompetencah za kratkoročno, srednjeročno in dolgoročno obdobje, kar bo omogočilo nadgradnjo in poglabljanje kompetenc in spretnosti zaposlenih, skladno s potrebami trga dela in s tem krepitev konkurenčnosti slovenskega gospodarstva.",,,,,SI
https://linkedopendata.eu/entity/Q7501460,2021SI16FFPR001_OP27.00274,Production of OCPS of the Municipality of Vuzenica,Izdelava OCPS občine Vuzenica,Slovenia,01/01/2023,30/10/2025,85.0,28000.0,EUR,23800.0,https://linkedopendata.eu/entity/Q3282109,"46.568062107589,15.159277632329",109,Multimodal transport (not urban),,,PO03,Connected Europe,RSO3.2,RSO3.2,CF,Cohesion Fund,2021SI16FFPR001,EU Cohesion Policy - SI -  ERDF/CF/ESF+/JTF,,SI_141,Vuzenica,,,Koroška,,,SI033,2021-2027,Production of OCPS of the Municipality of Vuzenica,Izdelava OCPS občine Vuzenica,,,,,SI
https://linkedopendata.eu/entity/Q7501679,2021SI16FFPR001_OP27.00538,The first DEEP LEARNING (AI) system for identifying microcracks in wood,Prvi DEEP LEARNING (AI) sistem za prepoznavanje mikrorazpok v lesu,Slovenia,14/03/2025,31/03/2027,85.0,72000.0,EUR,61200.0,https://linkedopendata.eu/entity/Q7501171,"45.805152965247,14.377992988336",025,"Incubation, support to spin offs and spin outs and start ups",,,PO01,Smarter Europe,RSO1.3,RSO1.3,ERDF,European Regional Development Fund,2021SI16FFPR001,EU Cohesion Policy - SI -  ERDF/CF/ESF+/JTF,,SI_013,Cerknica,,,Primorsko-notranjska,,,SI038,2021-2027,The company is developing the first AI deep learning system to identify microcracks in wood. The system uses machine vision and deep learning to automate board quality control before cutting and optimize the wood selection process.,"Podjetje razvija prvi AI sistem globokega učenja za prepoznavanje mikrorazpok v lesu. Sistem uporablja strojni vid in deep learning, da avtomatizira kontrolo kakovosti desk pred razrezom in optimizira proces selekcije lesa.",,,,,SI
https://linkedopendata.eu/entity/Q7501631,2021SI16FFPR001_OP27.00457,Municipal equipping of the Lakonca craft industrial zone,Komunalno opremljanje obrtno industrijske cone Lakonca,Slovenia,01/01/2023,30/09/2027,85.0,9360924.63,EUR,7956785.94,https://linkedopendata.eu/entity/Q3278951,"46.141373811358,15.050124297361",020,Business infrastructure for SMEs (including industrial parks and sites),,,PO08,Just Transition,JTF,JTF,JTF,Just Transition Fund,2021SI16FFPR001,EU Cohesion Policy - SI -  ERDF/CF/ESF+/JTF,,SI_129,Trbovlje,,,Zasavska,,,SI035,2021-2027,Municipal equipping of the Lakonca craft industrial zone,Komunalno opremljanje obrtno industrijske cone Lakonca,,,,,SI
https://linkedopendata.eu/entity/Q7501329,2021SI16FFPR001_OP27.00145,Integrated transport strategy of the Municipality of Vransko,Celostna prometna strategija Občine Vransko,Slovenia,01/01/2023,31/08/2025,85.0,28000.0,EUR,23800.0,https://linkedopendata.eu/entity/Q3280851,"46.236225470198,14.944855019897",109,Multimodal transport (not urban),,,PO03,Connected Europe,RSO3.2,RSO3.2,CF,Cohesion Fund,2021SI16FFPR001,EU Cohesion Policy - SI -  ERDF/CF/ESF+/JTF,,SI_189,Vransko,,,Savinjska,,,SI034,2021-2027,Integrated transport strategy of the Municipality of Vransko,Celostna prometna strategija Občine Vransko,,,,,SI
https://linkedopendata.eu/entity/Q7501663,2021SI16FFPR001_OP27.00503,Purchase of audio and video equipment for URSIKS,Nakup avdio in video opreme za URSIKS,Slovenia,23/02/2023,30/11/2026,57.78,219960.0,EUR,127091.79,https://linkedopendata.eu/entity/Q3279052,"46,15",016,"Government ICT solutions, e-services, applications",,,PO01,Smarter Europe,RSO1.2,RSO1.2,ERDF,European Regional Development Fund,2021SI16FFPR001,EU Cohesion Policy - SI -  ERDF/CF/ESF+/JTF,,,,,,,,,,2021-2027,"The purpose of the operation is to improve the accessibility and efficiency of judicial procedures. The objective of the operation is to purchase an additional 30 sets of AVK equipment for URSIKS and to establish a smooth functioning of the system of conducting court hearings remotely. This will make it easier and faster to enable court hearings and other contacts (with the CSD, probation committee, etc.), reduce court delays and cancellations of hearings due to logistical complications (lack of judicial police officers who provide escorts in the event of court hearings at locations), reduce travel costs due to a lower need for transports, increase the safety of hearings (less physical movements of imprisoned persons and fewer options for absconding).","Namen operacije je izboljšanje dostopnosti in učinkovitosti pravosodnih postopkov. Cilj operacije je nakup dodatnih 30 kompletov AVK opreme za URSIKS in vzpostavitev nemotenega delovanja sistema izvedbe sodnih obravnav na daljavo. S tem se bo zagotovilo lažje in hitrejše omogočanje izvedbe sodnih obravnav in drugih stikov (s CSD, pogojno komisijo, itd.), zmanjšale se bodo sodne zamude in odpovedi obravnav zaradi logističnih zapletov (primanjkljaj pravosodnih policistov, ki zagotavljajo spremstvo v primeru izvedbe sodnih obravnav na lokacijah), zmanjšali se bodo potni stroški zaradi manjše potrebe po prevozih, večja varnost obravnav (manj fizičnih premikov zaprtih oseb in manj opcij za pobege).",,,,,SI
https://linkedopendata.eu/entity/Q7501610,2021SI16FFPR001_OP27.00435,GEA responds to environmental and business challenges,GEA odgovarja na okoljske in poslovne izzive,Slovenia,01/01/2025,31/05/2025,40.0,44700.0,EUR,17880.0,https://linkedopendata.eu/entity/Q3279251,"46.1,14.15",150,Support for tertiary education (excluding infrastructure),,,PO04,Social Europe,ESO4.5,ESO4.5,ESF+,European Social Fund Plus,2021SI16FFPR001,EU Cohesion Policy - SI -  ERDF/CF/ESF+/JTF,,,,,Western Slovenia,,,SI04,,2021-2027,"The operation will enable the acquisition of practical experience, knowledge and competences of students in the work environment during their studies, encourage the strengthening of cooperation and integration and transfer of knowledge between the higher education system and the work environment (the economy and the non-economy and non-profit sector in the local and regional environment). In this way, young people will be able to develop their skills in the realization of ideas, the development of entrepreneurship, innovation, creative and critical thinking, creativity, etc. for greater employability and easier transition into the working environment after the completion of their studies. The call also addresses other challenges of higher education, such as the systemic introduction of knowledge transfer between higher education institutions and the working environment, greater flexibility and adaptation of study programmes to the needs of the labour market, and the establishment of long-term cooperation between higher education institutions and the working environment.","V okviru operacije bo omogočeno pridobivanje praktičnih izkušenj, znanj in kompetenc študentov v delovnem okolju v času študija, spodbujanje krepitve sodelovanja in povezovanja ter prenosa znanja med visokošolskim sistemom in med delovnim okoljem (gospodarstvo ter negospodarstvo in neprofitni sektor v lokalnem in regionalnem okolju). Na ta način se bo mladim omogočalo razvoj znanj in spretnosti pri uresničevanju idej, razvoj podjetnosti, inovativnosti, kreativnega in kritičnega razmišljanja, ustvarjalnosti ipd. za večjo zaposljivost in lažji prehod v delovno okolje po zaključku študija. Z javnim razpisom se naslavlja tudi druge izzive visokega šolstva kot npr. sistemsko uvajanje prenosa znanja med visokošolskimi zavodi in delovnim okoljem, večja fleksibilnost in prilagajanje študijskih programov potrebam trga dela ter vzpostavitev dolgoročnega sodelovanja med visokošolskimi zavodi in delovnim okoljem.",,,,,SI
https://linkedopendata.eu/entity/Q7501497,2021SI16FFPR001_OP27.00311,Multigenerational centre of Pomurje,Večgeneracijski center Pomurja,Slovenia,01/08/2024,30/09/2029,85.0,1505750.4,EUR,1279887.84,https://linkedopendata.eu/entity/Q3279327,"46.054328329124,14.562956200712",163,"Promoting social integration of people at risk of poverty or social exclusion, including the most deprived and children",,,PO04,Social Europe,ESO4.12,ESO4.12,ESF+,European Social Fund Plus,2021SI16FFPR001,EU Cohesion Policy - SI -  ERDF/CF/ESF+/JTF,,SI_061,Ljubljana,,,Osrednjeslovenska,,,SI041,2021-2027,"The project offers various preventive content and activities aimed primarily at families, individual family members, the elderly and other vulnerable groups. Multigenerational Centre+ (VGC+) is a central gathering place in the local environment, dedicated to socializing, maintaining or expanding the social network and empowering vulnerable groups. It is a preventive project involving educational, intercultural, intergenerational and other activities.","Projekt ponuja različne preventivne vsebine in aktivnosti, namenjene predvsem družinam, posameznim družinskim članom, starejšim in drugim ranljivim skupinam. Večgeneracijski center+ (VGC+) predstavlja osrednji prostor zbiranja v lokalnem okolju, namenjen druženju, ohranjanju oziroma širjenju socialne mreže ter opolnomočenju ranljivih skupin. Gre za preventivni projekt, ki vključuje izobraževalne, medkulturne, medgeneracijske in druge dejavnosti.",,,,,SI
https://linkedopendata.eu/entity/Q7501433,2021SI16FFPR001_OP27.00247,Production of OCPS of the Municipality of Škofja Loka,Izdelava OCPS občine Škofja Loka,Slovenia,01/01/2023,31/12/2025,85.0,43000.0,EUR,36550.0,https://linkedopendata.eu/entity/Q3278925,"46.161270385617,14.276096610004",109,Multimodal transport (not urban),,,PO03,Connected Europe,RSO3.2,RSO3.2,CF,Cohesion Fund,2021SI16FFPR001,EU Cohesion Policy - SI -  ERDF/CF/ESF+/JTF,,SI_122,Škofja Loka,,,Gorenjska,,,SI042,2021-2027,Production of OCPS of the Municipality of Škofja Loka,Izdelava OCPS občine Škofja Loka,,,,,SI
https://linkedopendata.eu/entity/Q7501370,2021SI16FFPR001_OP27.00183,Municipal integrated transport strategy of the Municipality of Žalec,Občinska celostna prometna strategija Občine Žalec,Slovenia,01/01/2023,31/12/2025,85.0,40000.0,EUR,34000.0,https://linkedopendata.eu/entity/Q3278926,"46.259083921942,15.165689852759",109,Multimodal transport (not urban),,,PO03,Connected Europe,RSO3.2,RSO3.2,CF,Cohesion Fund,2021SI16FFPR001,EU Cohesion Policy - SI -  ERDF/CF/ESF+/JTF,,SI_190,Žalec,,,Savinjska,,,SI034,2021-2027,Municipal integrated transport strategy of the Municipality of Žalec,Občinska celostna prometna strategija Občine Žalec,,,,,SI
https://linkedopendata.eu/entity/Q7501587,2021SI16FFPR001_OP27.00405,Management for the Lower Savinja Valley LAG,Upravljanje za LAS Spodnje Savinjske doline,Slovenia,01/01/2024,30/09/2029,85.0,203304.44,EUR,172808.77,https://linkedopendata.eu/entity/Q3279394,"46.25,15.16666667",169,"Territorial development initiatives, including preparation of territorial strategies",,,PO05,Europe closer to citizens,RSO5.2,RSO5.2,ERDF,European Regional Development Fund,2021SI16FFPR001,EU Cohesion Policy - SI -  ERDF/CF/ESF+/JTF,,,,,,Savinjska,,,SI034,2021-2027,"Support for the management of the LAG is intended to co-finance the costs incurred in the management and operation of the LAG, including monitoring and evaluation of the approved SLR, animation of the LAG area and assistance to potential beneficiaries for developing project ideas and preparing projects.","Podpora za upravljanje LAS je namenjena za sofinanciranje stroškov, ki so nastali pri upravljanju in delovanju LAS, vključno s spremljanjem in vrednotenjem odobrene SLR, animacijo območja LAS in pomoči morebitnim upravičencem za razvijanje projektnih idej in pripravo projektov.",,,,,SI
https://linkedopendata.eu/entity/Q7501321,2021SI16FFPR001_OP27.00134,Entrepreneurial over challenges - PONI Savinjska,Podjetno nad izzive - PONI Savinjska,Slovenia,01/01/2024,15/11/2028,85.0,1538272.0,EUR,1307531.2,https://linkedopendata.eu/entity/Q3280048,"46.25,15.16666667",025,"Incubation, support to spin offs and spin outs and start ups",,,PO01,Smarter Europe,RSO1.3,RSO1.3,ERDF,European Regional Development Fund,2021SI16FFPR001,EU Cohesion Policy - SI -  ERDF/CF/ESF+/JTF,,,,,,Savinjska,,,SI034,2021-2027,"Operation PONI Savinjska is part of the comprehensive project PONI, which is carried out on the entire territory of Slovenia. The purpose of the operation PONI Savinjska is the entrepreneurial training of persons who want to realize the entrepreneurial idea, thereby promoting entrepreneurship in the Savinjska region. It is a 4-month entrepreneurial training programme for people who want to realize an entrepreneurial idea and turn it into commercially interesting products or services with the help of mentors and content trainings and counselling. The content of the training programme is structured in such a way that within 4 months of inclusion, participants receive key knowledge in the field of entrepreneurship, which they need when entering an independent entrepreneurial path. The training program of the participant takes everything from the development of a business idea, to the creation of a business model and a business plan. At the same time, he is fully acquainted with all important areas in entrepreneurship. The project enables participants to use physical infrastructure (premises, equipment) according to the principle of co-working (joint division of office and equipment). By encouraging the formation of entrepreneurial teams, participants will also gain new knowledge, new acquaintances and business opportunities, as well as transfer experiences and examples of good practices.","Operacija PONI Savinjska je del celovitega projekta PONI, ki se izvaja na območju celotne Slovenije. Namen operacije PONI Savinjska je podjetniško usposabljanje oseb, ki želijo realizirati podjetniško idejo, s tem pa spodbujanje podjetništva v Savinjski regiji. Gre za program 4 mesečnega podjetniškega usposabljanja oseb, ki želijo realizirati podjetniško idejo in jo ob pomoči mentorjev in vsebinskih usposabljanj ter svetovanj spremeniti v tržno zanimive produkte oziroma storitve. Program usposabljanja je vsebinsko sestavljen tako, da v 4 mesecih vključitve udeleženci prejmejo ključna znanja s področja podjetništva, ki jih ob vstopu na samostojno podjetniško pot potrebujejo. Program usposabljanja udeleženca pelje vse od razvoja poslovne ideje, do izdelave poslovnega modela in poslovnega načrta. Hkrati ga celostno seznani z vsemi pomembnimi področji v podjetništvu. Udeležencem projekt omogoča uporabo fizične infrastrukture (prostori, oprema) in sicer po principu co-workinga (skupne delitve pisarne in opreme). S spodbujanjem oblikovanja podjetniških ekip bodo udeleženci prišli tudi do novih znanj, novih poznanstev in poslovnih priložnosti ter prenašali izkušnje in primere dobrih praks.",,,,,SI
https://linkedopendata.eu/entity/Q7501292,2021SI16FFPR001_OP27.00103,Youth work against youth precariousness - pilot project - Zavod KŠM Tolmin,Z mladinskim delom proti prekarnosti mladih - pilotni projekt - Zavod KŠM Tolmin,Slovenia,01/06/2024,31/12/2026,40.0,87060.4,EUR,34824.16,https://linkedopendata.eu/entity/Q7501069,"46.169931281156,13.808885891283",136,Specific support for youth employment and socio-economic integration of young people,,,PO04,Social Europe,ESO4.1,ESO4.1,ESF+,European Social Fund Plus,2021SI16FFPR001,EU Cohesion Policy - SI -  ERDF/CF/ESF+/JTF,,SI_128,Tolmin,,,Goriška,,,SI043,2021-2027,Youth work against youth precariousness - pilot project - Zavod KŠM Tolmin,Z mladinskim delom proti prekarnosti mladih - pilotni projekt - Zavod KŠM Tolmin,,,,,SI
https://linkedopendata.eu/entity/Q7501343,2021SI16FFPR001_OP27.00156,Development of the Municipal Integrated Transport Strategy (OCPS) of the Municipality of Vitanje,Izdelava Občinske celostne prometne strategije (OCPS) Občine Vitanje,Slovenia,01/01/2023,31/12/2025,85.0,28000.0,EUR,23800.0,https://linkedopendata.eu/entity/Q3279684,"46.402266037423,15.29337978095",109,Multimodal transport (not urban),,,PO03,Connected Europe,RSO3.2,RSO3.2,CF,Cohesion Fund,2021SI16FFPR001,EU Cohesion Policy - SI -  ERDF/CF/ESF+/JTF,,SI_137,Vitanje,,,Savinjska,,,SI034,2021-2027,Development of the Municipal Integrated Transport Strategy (OCPS) of the Municipality of Vitanje,Izdelava Občinske celostne prometne strategije (OCPS) Občine Vitanje,,,,,SI
https://linkedopendata.eu/entity/Q7501220,2021SI16FFPR001_OP27.00030,Building aerial fire-fighting capacity,Izgradnja zmogljivosti za gašenje požarov iz zraka,Slovenia,05/10/2022,30/06/2025,85.0,18235294.12,EUR,15500000.0,https://linkedopendata.eu/entity/Q3279610,"46,15",059,"Adaptation to climate change measures and prevention and management of climate related risks: fires (including awareness raising, civil protection and disaster management systems, infrastructures and ecosystem based approaches)",,,PO02,"Greener, carbon-free Europe",RSO2.4,RSO2.4,CF,Cohesion Fund,2021SI16FFPR001,EU Cohesion Policy - SI -  ERDF/CF/ESF+/JTF,,,,,,,,,,2021-2027,"The purpose of the investment is the purchase of aircraft for the establishment of a dedicated national primary capacity for aerial firefighting within the borders and airspace of the Republic of Slovenia. Aircraft will be continuously on standby during seasonal fires, while also ensuring fire safety in the wider EU area","Namen investicije je nakup letal za vzpostavitev namenske nacionalne primarne zmogljivosti za gašenje požarov iz zraka znotraj meja in zračnega prostora RS. Letala bodo v času sezonskih požarov neprekinjeno v pripravljenosti, obenem pa bodo letala zagotavljala požarno varnost tudi v širšem območju EU",,,,,SI
https://linkedopendata.eu/entity/Q7501256,2021SI16FFPR001_OP27.00066,Raising the quality of bilingual education for the Hungarian national community in Slovenia and the Slovenian national community in Hungary,Dvig kakovosti dvojezičnega šolstva za madžarsko narodno skupnost v Sloveniji ter slovensko narodno skupnost na Madžarskem,Slovenia,01/09/2023,31/08/2027,85.0,380000.0,EUR,323000.0,https://linkedopendata.eu/entity/Q3279587,"46.556796233015,16.445035196574",148,Support for early childhood education and care (excluding infrastructure),,,PO04,Social Europe,ESO4.5,ESO4.5,ESF+,European Social Fund Plus,2021SI16FFPR001,EU Cohesion Policy - SI -  ERDF/CF/ESF+/JTF,,SI_059,Lendava/Lendva,,,Pomurska,,,SI031,2021-2027,"The purpose of the direct approval of the operation - the project ""Raising the quality of bilingual education for the Hungarian national community in Slovenia and the Slovenian national community in Hungary"" is to raise the quality and efficiency of the bilingual education system. The objective of the direct approval of the operation - the project ""Raising the quality of bilingual education for the Hungarian national community in Slovenia and the Slovenian national community in Hungary"" - is to upgrade language support in the mother tongue with new approaches and forms of teaching and to upgrade pedagogical practices to strengthen teaching skills in the bilingual area.",Namen neposredne potrditve operacije – projekta »Dvig kakovosti dvojezičnega šolstva za madžarsko narodno skupnost v Sloveniji ter slovensko narodno skupnost na Madžarskem« je dvig kakovosti in učinkovitosti sistema dvojezičnega šolstva sistema. Cilj neposredne potrditve operacije – projekta »Dvig kakovosti dvojezičnega šolstva za madžarsko narodno skupnost v Sloveniji ter slovensko narodno skupnost na Madžarskem« je nadgradnja jezikovne podpore v materinščini z novimi pristopi in oblikami poučevanja in nadgradnja pedagoških praks za krepitev znanj in spretnosti poučevanja na dvojezičnem območju.,,,,,SI
https://linkedopendata.eu/entity/Q7501237,2021SI16FFPR001_OP27.00047,SPOT Consulting Gorenjska 2023 -2025,SPOT svetovanje Gorenjska 2023 -2025,Slovenia,01/11/2023,31/12/2025,40.0,726908.0,EUR,290763.2,https://linkedopendata.eu/entity/Q3279136,"46.3167,14.15",024,"Advanced support services for SMEs and groups of SMEs (including management, marketing and design services)",,,PO01,Smarter Europe,RSO1.3,RSO1.3,ERDF,European Regional Development Fund,2021SI16FFPR001,EU Cohesion Policy - SI -  ERDF/CF/ESF+/JTF,,,,,,Gorenjska,,,SI042,2021-2027,SPOT Consulting Gorenjska 2023 -2025,SPOT svetovanje Gorenjska 2023 -2025,,,,,SI
https://linkedopendata.eu/entity/Q7501384,2021SI16FFPR001_OP27.00198,"Production of the OCPS of the municipalities of Logatec, Idrija and Cerkno","Izdelava OCPS občin Logatec, Idrija in Cerkno",Slovenia,01/01/2023,31/12/2025,85.0,108000.0,EUR,91800.0,https://linkedopendata.eu/entity/Q3279072,"45.989188575345,14.004498047075",109,Multimodal transport (not urban),,,PO03,Connected Europe,RSO3.2,RSO3.2,CF,Cohesion Fund,2021SI16FFPR001,EU Cohesion Policy - SI -  ERDF/CF/ESF+/JTF,,SI_036,Idrija,,,Goriška,,,SI043,2021-2027,"Production of the OCPS of the municipalities of Logatec, Idrija and Cerkno","Izdelava OCPS občin Logatec, Idrija in Cerkno",,,,,SI
https://linkedopendata.eu/entity/Q7501430,2021SI16FFPR001_OP27.00244,Production of OCPS Municipality of Podlehnik,Izdelava OCPS Občine Podlehnik,Slovenia,01/01/2023,31/12/2025,85.0,28000.0,EUR,23800.0,https://linkedopendata.eu/entity/Q3282793,"46.316560743277,15.86519767159",109,Multimodal transport (not urban),,,PO03,Connected Europe,RSO3.2,RSO3.2,CF,Cohesion Fund,2021SI16FFPR001,EU Cohesion Policy - SI -  ERDF/CF/ESF+/JTF,,SI_172,Podlehnik,,,Podravska,,,SI032,2021-2027,Production of OCPS Municipality of Podlehnik,Izdelava OCPS Občine Podlehnik,,,,,SI
https://linkedopendata.eu/entity/Q7501614,2021SI16FFPR001_OP27.00439,PUŠ 2025 Faculty of Design,PUŠ 2025 Fakulteta za dizajn,Slovenia,01/02/2025,30/06/2025,40.0,44700.0,EUR,17880.0,https://linkedopendata.eu/entity/Q3279613,"46.08333333,15.45",150,Support for tertiary education (excluding infrastructure),,,PO04,Social Europe,ESO4.5,ESO4.5,ESF+,European Social Fund Plus,2021SI16FFPR001,EU Cohesion Policy - SI -  ERDF/CF/ESF+/JTF,,,,,Eastern Slovenia,,,SI03,,2021-2027,"The operation will enable the acquisition of practical experience, knowledge and competences of students in the work environment during their studies, encourage the strengthening of cooperation and integration and transfer of knowledge between the higher education system and the work environment (the economy and the non-economy and non-profit sector in the local and regional environment). In this way, young people will be able to develop their skills in the realization of ideas, the development of entrepreneurship, innovation, creative and critical thinking, creativity, etc. for greater employability and easier transition into the working environment after the completion of their studies. The call also addresses other challenges of higher education, such as the systemic introduction of knowledge transfer between higher education institutions and the working environment, greater flexibility and adaptation of study programmes to the needs of the labour market, and the establishment of long-term cooperation between higher education institutions and the working environment.","V okviru operacije bo omogočeno pridobivanje praktičnih izkušenj, znanj in kompetenc študentov v delovnem okolju v času študija, spodbujanje krepitve sodelovanja in povezovanja ter prenosa znanja med visokošolskim sistemom in med delovnim okoljem (gospodarstvo ter negospodarstvo in neprofitni sektor v lokalnem in regionalnem okolju). Na ta način se bo mladim omogočalo razvoj znanj in spretnosti pri uresničevanju idej, razvoj podjetnosti, inovativnosti, kreativnega in kritičnega razmišljanja, ustvarjalnosti ipd. za večjo zaposljivost in lažji prehod v delovno okolje po zaključku študija. Z javnim razpisom se naslavlja tudi druge izzive visokega šolstva kot npr. sistemsko uvajanje prenosa znanja med visokošolskimi zavodi in delovnim okoljem, večja fleksibilnost in prilagajanje študijskih programov potrebam trga dela ter vzpostavitev dolgoročnega sodelovanja med visokošolskimi zavodi in delovnim okoljem.",,,,,SI
https://linkedopendata.eu/entity/Q7501258,2021SI16FFPR001_OP27.00069,"Upgrade of the weather-related emergency warning, awareness and adaptation system in a changed climate - SOVIR",Nadgradnja sistema za opozarjanje in osveščanje na vremensko pogojene izredne razmere ter prilagajanje nanje v spremenjenem podnebju – SOVIR,Slovenia,18/03/2021,31/12/2029,85.0,24900000.0,EUR,21165000.0,https://linkedopendata.eu/entity/Q7501062,"46,15",058|059,"Adaptation to climate change measures and prevention and management of climate related risks: floods and landslides (including awareness raising, civil protection and disaster management systems, infrastructures and ecosystem based approaches)|Adaptation to climate change measures and prevention and management of climate related risks: fires (including awareness raising, civil protection and disaster management systems, infrastructures and ecosystem based approaches)",,,PO02,"Greener, carbon-free Europe",RSO2.4,RSO2.4,CF,Cohesion Fund,2021SI16FFPR001,EU Cohesion Policy - SI -  ERDF/CF/ESF+/JTF,,,,,,,,,,2021-2027,"The project will upgrade the system to better alert citizens to weather-related emergencies, which will become more frequent due to climate change. The system will make an important contribution to better protecting human lives and reducing damage in the event of natural disasters. It will be based on observations, measurements, forecasts and warnings from the competent state service. At the same time, it will provide climate information and projections for the long-term reduction of disaster-related risks under changed climate conditions. The project will renew web content for public information and warning, develop and upgrade tools for effective information and warning of dangerous meteorological, hydrological and oceanographic conditions and emergencies, and upgrade the measuring and information infrastructure for continuous monitoring and forecasting of meteorological, hydrological and oceanographic conditions.","S projektom se bo nadgradilo sistem za učinkovitejše opozarjanje državljanov pred vremensko pogojenimi izrednimi razmerami, ki bodo zaradi podnebnih sprememb vse pogostejše. Sistem bo pomembno prispeval k večji zaščiti človeških življenj in zmanjševanju škode ob naravnih nesrečah. Osnovan bo na opazovanjih, meritvah, napovedih in opozorilih pristojne državne službe. Hkrati bo zagotavljal podnebne informacije in projekcije za dolgoročno zmanjševanje z naravnimi nesrečami povezanih tveganj v spremenjenih podnebnih razmerah. V okviru projekta bodo prenovljene spletne vsebine za obveščanje in opozarjanje javnosti, razvita in nadgrajena orodja za učinkovito obveščanje in opozarjanje pred nevarnimi meteorološkimi, hidrološkimi in oceanografskimi razmerami in izrednimi dogodki ter nadgrajena bo merilna in informacijska infrastruktura za stalno spremljanje in napovedovanje meteoroloških, hidroloških in oceanografskih razmer.",,,,,SI
https://linkedopendata.eu/entity/Q7501690,2021SI16FFPR001_OP27.00549,Development of smart aeroponic device SOLNERA ONE with AI growth optimization and adaptive LED technology.,Razvoj pametne aeroponične naprave SOLNERA ONE z AI optimizacijo rasti in adaptivno LED tehnologijo.,Slovenia,14/03/2025,31/03/2027,85.0,72000.0,EUR,61200.0,https://linkedopendata.eu/entity/Q7501181,"46.402430100819,16.255093851735",025,"Incubation, support to spin offs and spin outs and start ups",,,PO01,Smarter Europe,RSO1.3,RSO1.3,ERDF,European Regional Development Fund,2021SI16FFPR001,EU Cohesion Policy - SI -  ERDF/CF/ESF+/JTF,,SI_202,Središče ob Dravi,,,Podravska,,,SI032,2021-2027,"The operation covers the development and launch of Solnera One - an innovative smart aeroponic device that allows the production of fresh food indoors using an automated watering system, AI-adapted LED lighting and IoT connectivity. The device combines technologically advanced aeroponics with smart light and aesthetic design, which separates it from existing solutions on the market. The main objective of the operation is the development of a smart aeroponic device, optimization of the lighting system and automation, and market validation and preparation for production.","Operacija zajema razvoj in lansiranje Solnera One – inovativne pametne aeroponične naprave, ki omogoča pridelavo sveže hrane v notranjih prostorih z uporabo avtomatiziranega sistema zalivanja, AI prilagojene LED osvetlitve in IoT povezljivosti. Naprava združuje tehnološko napredno aeroponiko s pametno svetlobo in estetskim dizajnom, kar jo ločuje od obstoječih rešitev na trgu. Glavni cilj operacije je razvoj pametne aeroponične naprave, optimizacija svetlobnega sistema in avtomatizacije in validacija trga ter priprava na proizvodnjo.",,,,,SI
https://linkedopendata.eu/entity/Q7501440,2021SI16FFPR001_OP27.00254,Production of OCPS of the Municipality of Laško,Izdelava OCPS občine Laško,Slovenia,01/01/2023,31/12/2025,85.0,40000.0,EUR,34000.0,https://linkedopendata.eu/entity/Q3279070,"46.132759896597,15.258141664691",109,Multimodal transport (not urban),,,PO03,Connected Europe,RSO3.2,RSO3.2,CF,Cohesion Fund,2021SI16FFPR001,EU Cohesion Policy - SI -  ERDF/CF/ESF+/JTF,,SI_057,Laško,,,Savinjska,,,SI034,2021-2027,Production of OCPS of the Municipality of Laško,Izdelava OCPS občine Laško,,,,,SI
https://linkedopendata.eu/entity/Q7501227,2021SI16FFPR001_OP27.00037,"Strengthening the involvement of labour offices, social work centres and other stakeholders in the integration of the long-term unemployed into the labour market","Krepitev sodelovanja uradov za delo, centrov za socialno delo in drugih deležnikov pri integraciji dolgotrajno brezposelnih oseb na trg dela",Slovenia,01/11/2023,31/10/2028,64.3,1200000.0,EUR,771600.0,https://linkedopendata.eu/entity/Q3278938,"46.054328329124,14.562956200712",139,Measures to modernise and strengthen labour market institutions and services to assess and anticipate skills needs and to ensure timely and tailor-made assistance,,,PO04,Social Europe,ESO4.2,ESO4.2,ESF+,European Social Fund Plus,2021SI16FFPR001,EU Cohesion Policy - SI -  ERDF/CF/ESF+/JTF,,SI_061,Ljubljana,,,Osrednjeslovenska,,,SI041,2021-2027,"The purpose of the operation Cooperation is to successfully and more effectively resolve complex circumstances/obstacles of persons from the target group upon entering the labour market. The objective of the operation is to establish systemic integration of the CSD and the ZRSZ and other relevant stakeholders (healthcare, NGOs..) in such a way that integrated treatments can be implemented according to a new protocol , more appropriate and efficient, which will offer persons from the target group a more comprehensive and quality treatment,","Namen operacije Sodelovanje je uspešno in bolj učinkovito razreševanje kompleksnih okoliščin/ovir oseb iz ciljne skupine ob vstopu na trg dela. Cilj operacije je vzpostavitev sistemskega povezovanja CSD in ZRSZ in drugih relevantnih deležnikov (zdravstvo, NVO..) na način, da se bodo integrirane obravnave lahko začele izvajati po novem protokolu , ustreznejšem in bolj učinkovitem, ki bo nudil osebam iz ciljne skupine bolj celovito in kvalitetnejšo obravnavo,",,,,,SI
https://linkedopendata.eu/entity/Q7501487,2021SI16FFPR001_OP27.00301,Multigenerational Centre Goriška - VGC Goriška,Večgeneracijski center Goriške - VGC Goriške,Slovenia,01/08/2024,30/09/2029,40.0,1505750.4,EUR,602300.16,https://linkedopendata.eu/entity/Q3279192,"45.899497472846,13.907533209031",163,"Promoting social integration of people at risk of poverty or social exclusion, including the most deprived and children",,,PO04,Social Europe,ESO4.12,ESO4.12,ESF+,European Social Fund Plus,2021SI16FFPR001,EU Cohesion Policy - SI -  ERDF/CF/ESF+/JTF,,SI_001,Ajdovščina,,,Goriška,,,SI043,2021-2027,"The project offers various preventive content and activities aimed primarily at families, individual family members, the elderly and other vulnerable groups. Multigenerational Centre+ (VGC+) is a central gathering place in the local environment, dedicated to socializing, maintaining or expanding the social network and empowering vulnerable groups. It is a preventive project involving educational, intercultural, intergenerational and other activities.","Projekt ponuja različne preventivne vsebine in aktivnosti, namenjene predvsem družinam, posameznim družinskim članom, starejšim in drugim ranljivim skupinam. Večgeneracijski center+ (VGC+) predstavlja osrednji prostor zbiranja v lokalnem okolju, namenjen druženju, ohranjanju oziroma širjenju socialne mreže ter opolnomočenju ranljivih skupin. Gre za preventivni projekt, ki vključuje izobraževalne, medkulturne, medgeneracijske in druge dejavnosti.",,,,,SI
https://linkedopendata.eu/entity/Q7501439,2021SI16FFPR001_OP27.00253,"Production of OCPS of municipalities Slovenska Bistrica, Oplotnica, Makole and Poljčane","Izdelava OCPS občin Slovenska Bistrica, Oplotnica, Makole in Poljčane",Slovenia,01/01/2023,31/12/2025,85.0,127000.0,EUR,107950.0,https://linkedopendata.eu/entity/Q3279098,"46.414005054162,15.533759557483",109,Multimodal transport (not urban),,,PO03,Connected Europe,RSO3.2,RSO3.2,CF,Cohesion Fund,2021SI16FFPR001,EU Cohesion Policy - SI -  ERDF/CF/ESF+/JTF,,SI_113,Slovenska Bistrica,,,Podravska,,,SI032,2021-2027,"Production of OCPS of municipalities Slovenska Bistrica, Oplotnica, Makole and Poljčane","Izdelava OCPS občin Slovenska Bistrica, Oplotnica, Makole in Poljčane",,,,,SI
https://linkedopendata.eu/entity/Q7501620,2021SI16FFPR001_OP27.00446,Problem-based student learning in Alma Mater Europaea - Dance Academy,Problemsko učenje študentov v delovno okolje Alma Mater Europaea – Akademije za ples,Slovenia,01/10/2024,31/08/2025,40.0,44700.0,EUR,17880.0,https://linkedopendata.eu/entity/Q7501151,"46.1,14.15",150,Support for tertiary education (excluding infrastructure),,,PO04,Social Europe,ESO4.5,ESO4.5,ESF+,European Social Fund Plus,2021SI16FFPR001,EU Cohesion Policy - SI -  ERDF/CF/ESF+/JTF,,,,,Western Slovenia,,,SI04,,2021-2027,"The operation will enable the acquisition of practical experience, knowledge and competences of students in the work environment during their studies, encourage the strengthening of cooperation and integration and transfer of knowledge between the higher education system and the work environment (the economy and the non-economy and non-profit sector in the local and regional environment). In this way, young people will be able to develop their skills in the realization of ideas, the development of entrepreneurship, innovation, creative and critical thinking, creativity, etc. for greater employability and easier transition into the working environment after the completion of their studies. The call also addresses other challenges of higher education, such as the systemic introduction of knowledge transfer between higher education institutions and the working environment, greater flexibility and adaptation of study programmes to the needs of the labour market, and the establishment of long-term cooperation between higher education institutions and the working environment.","V okviru operacije bo omogočeno pridobivanje praktičnih izkušenj, znanj in kompetenc študentov v delovnem okolju v času študija, spodbujanje krepitve sodelovanja in povezovanja ter prenosa znanja med visokošolskim sistemom in med delovnim okoljem (gospodarstvo ter negospodarstvo in neprofitni sektor v lokalnem in regionalnem okolju). Na ta način se bo mladim omogočalo razvoj znanj in spretnosti pri uresničevanju idej, razvoj podjetnosti, inovativnosti, kreativnega in kritičnega razmišljanja, ustvarjalnosti ipd. za večjo zaposljivost in lažji prehod v delovno okolje po zaključku študija. Z javnim razpisom se naslavlja tudi druge izzive visokega šolstva kot npr. sistemsko uvajanje prenosa znanja med visokošolskimi zavodi in delovnim okoljem, večja fleksibilnost in prilagajanje študijskih programov potrebam trga dela ter vzpostavitev dolgoročnega sodelovanja med visokošolskimi zavodi in delovnim okoljem.",,,,,SI
https://linkedopendata.eu/entity/Q7501735,2021SI16FFPR001_OP27.00617,Old power plant - the center of the future,Stara elektrarna - center prihodnosti,Slovenia,30/08/2022,30/09/2027,85.0,28146546.44,EUR,23924564.47,https://linkedopendata.eu/entity/Q3278920,"46.369263220381,15.133009729589",020,Business infrastructure for SMEs (including industrial parks and sites),,,PO08,Just Transition,JTF,JTF,JTF,Just Transition Fund,2021SI16FFPR001,EU Cohesion Policy - SI -  ERDF/CF/ESF+/JTF,,SI_133,Velenje,,,Savinjska,,,SI034,2021-2027,"The Old Power Station - Centre of the Future project envisages the construction and establishment of a new business incubator measuring 9,242.5 m2 in the renovated degraded Old Power Station facility in order to provide the conditions for the establishment of new contents in the facility, which will have a positive impact on human resources development, research and development, innovation, the promotion of the creation of new businesses and the just transition of the region itself. This appropriation is intended to cover the purchase of land, construction, outsourcing, incubation equipment, information and communication costs and the cost of outsourcing services.","V okviru projekta Stara elektrarna - center prihodnosti je predvidena izgradnja in vzpostavitev novega podjetniškega inkubatorja v izmeri 9.242,5 m2 v obnovljenem degradiranem objektu Stara elektrarna z namenom zagotoviti pogoje za vzpostavitev novih vsebin v objektu, ki bodo imeli pozitiven vpliv na razvoj kadrov, raziskave in razvoj, inovacije, spodbujanje nastajanja novih podjetij ter na sam pravičen prehod regije. Sredstva so namenjena nakupu zemljišča, gradnji, zunanji ureditvi, opremi inkubatorja, ter kritju stroškov informiranja in komuniciranje in storitev zunanjih izvajalcev.",,,,,SI
https://linkedopendata.eu/entity/Q7501193,2021SI16FFPR001_OP27.00009,Core competences 2023-2029,Temeljne kompetence 2023-2029,Slovenia,13/10/2023,30/06/2029,85.0,1741229.87,EUR,1480045.39,https://linkedopendata.eu/entity/Q3279101,"46.563226869974,15.627324811128",151,Support for adult education (excluding infrastructure),,,PO04,Social Europe,ESO4.7,ESO4.7,ESF+,European Social Fund Plus,2021SI16FFPR001,EU Cohesion Policy - SI -  ERDF/CF/ESF+/JTF,,SI_070,Maribor,,,Podravska,,,SI032,2021-2027,Core competences 2023-2029,Temeljne kompetence 2023-2029,,,,,SI
https://linkedopendata.eu/entity/Q7501296,2021SI16FFPR001_OP27.00107,Youth work against youth precariousness - pilot project - Beta Institute,Z mladinskim delom proti prekarnosti mladih - pilotni projekt - Zavod Beta,Slovenia,01/06/2024,31/12/2026,40.0,87060.4,EUR,34824.16,https://linkedopendata.eu/entity/Q7501071,"45.899497472846,13.907533209031",136,Specific support for youth employment and socio-economic integration of young people,,,PO04,Social Europe,ESO4.1,ESO4.1,ESF+,European Social Fund Plus,2021SI16FFPR001,EU Cohesion Policy - SI -  ERDF/CF/ESF+/JTF,,SI_001,Ajdovščina,,,Goriška,,,SI043,2021-2027,Youth work against youth precariousness - pilot project - Beta Institute,Z mladinskim delom proti prekarnosti mladih - pilotni projekt - Zavod Beta,,,,,SI
https://linkedopendata.eu/entity/Q7501394,2021SI16FFPR001_OP27.00210,Production of OCPS of the Municipality of Zavrč,Izdelava OCPS občine Zavrč,Slovenia,01/01/2023,31/12/2025,85.0,28000.0,EUR,23800.0,https://linkedopendata.eu/entity/Q7501081,"46.361308803903,16.045834643662",109,Multimodal transport (not urban),,,PO03,Connected Europe,RSO3.2,RSO3.2,CF,Cohesion Fund,2021SI16FFPR001,EU Cohesion Policy - SI -  ERDF/CF/ESF+/JTF,,SI_143,Zavrč,,,Podravska,,,SI032,2021-2027,Production of OCPS of the Municipality of Zavrč,Izdelava OCPS občine Zavrč,,,,,SI
https://linkedopendata.eu/entity/Q7501403,2021SI16FFPR001_OP27.00217,Production of OCPS of the Municipality of Sodražica,Izdelava OCPS občine Sodražica,Slovenia,01/01/2023,31/12/2025,85.0,28000.0,EUR,23800.0,https://linkedopendata.eu/entity/Q3281203,"45.757463155451,14.617993112077",109,Multimodal transport (not urban),,,PO03,Connected Europe,RSO3.2,RSO3.2,CF,Cohesion Fund,2021SI16FFPR001,EU Cohesion Policy - SI -  ERDF/CF/ESF+/JTF,,SI_179,Sodražica,,,Jugovzhodna Slovenija,,,SI037,2021-2027,Production of OCPS of the Municipality of Sodražica,Izdelava OCPS občine Sodražica,,,,,SI
https://linkedopendata.eu/entity/Q7501371,2021SI16FFPR001_OP27.00184,Integrated transport strategy of the Municipality of Metlika,Celostna prometna strategija Občine Metlika,Slovenia,01/01/2023,30/06/2025,85.0,40000.0,EUR,34000.0,https://linkedopendata.eu/entity/Q3278931,"45.654076235084,15.297676428836",109,Multimodal transport (not urban),,,PO03,Connected Europe,RSO3.2,RSO3.2,CF,Cohesion Fund,2021SI16FFPR001,EU Cohesion Policy - SI -  ERDF/CF/ESF+/JTF,,SI_073,Metlika,,,Jugovzhodna Slovenija,,,SI037,2021-2027,Integrated transport strategy of the Municipality of Metlika,Celostna prometna strategija Občine Metlika,,,,,SI
https://linkedopendata.eu/entity/Q7501208,2021SI16FFPR001_OP27.00017,Basic competences 2023 - 2029 Primorsko-notranjska regions,Temeljne kompetence 2023 - 2029 Primorsko-notranjske regije,Slovenia,13/10/2023,30/06/2029,85.0,1314288.64,EUR,1117145.34,https://linkedopendata.eu/entity/Q3279114,"45.789426619717,14.169749986407",151,Support for adult education (excluding infrastructure),,,PO04,Social Europe,ESO4.7,ESO4.7,ESF+,European Social Fund Plus,2021SI16FFPR001,EU Cohesion Policy - SI -  ERDF/CF/ESF+/JTF,,SI_094,Postojna,,,Primorsko-notranjska,,,SI038,2021-2027,Basic competences 2023 - 2029 Primorsko-notranjska regions,Temeljne kompetence 2023 - 2029 Primorsko-notranjske regije,,,,,SI
https://linkedopendata.eu/entity/Q7501694,2021SI16FFPR001_OP27.00553,Upgrading the electricity storage with the development of a specific algorithm for the management of the available electricity storage,Nadgradnja hranilnika električne električne energije z razvojem specifičnega algortima za upravljanje z razpoložljivo električno energijo hranilnika,Slovenia,11/03/2025,31/03/2027,85.0,72000.0,EUR,61200.0,https://linkedopendata.eu/entity/Q7501189,"45.521338193394,15.196737009703",025,"Incubation, support to spin offs and spin outs and start ups",,,PO01,Smarter Europe,RSO1.3,RSO1.3,ERDF,European Regional Development Fund,2021SI16FFPR001,EU Cohesion Policy - SI -  ERDF/CF/ESF+/JTF,,SI_017,Črnomelj,,,Jugovzhodna Slovenija,,,SI037,2021-2027,"The course is an application (algorithm) for the management of energy from RES as a component of an energy storage, which enables economic, energy and social efficient management of energy produced from renewable energy sources-RES and defines the time and duration of its operation.Efficiently means multi-layered, comprehensive management:-economic: comparison of the production price and the market price at the time of charging the storage tank and calculation of the CCR in correlation with the price for the contract for the supply of electricity to final customers that has already been concluded;-energy: optimisation of the number of operating cycles in relation to the service life of the storage tank;-social: exploiting RES in the light of sustainability, reducing the carbon footprint and meeting environmental requirements in reducing greenhouse gas emissions. It is an application that global manufacturers of storage tanks need, especially in the light of adapting to the specific circumstances of individual countries.","Predmet je aplikacija (algoritem) za upravljanje z energijo iz OVE kot komponenta hranilnika energije, ki omogoča ekonomsko, energetsko in družbeno učinkovito upravljanje z energijo proizvedeno iz obnovljivih virov energije-OVE in definira čas in trajanje delovanja le-tega.Učinkovito pomeni večplastno, celovito upravljanje:-ekonomsko: primerjava proizvodne in tržne cene v času polnjenja hranilnika ter izračun RVC v korelaciji s ceno za s že klenjene pogodbe o dobavi električne energije končnim kupcem;-energetsko: optimizacija števila ciklov delovanja glede na življenjsko dobo hranilnika;-družbeno: izkoriščanje OVE v luči trajnostne naravnanosti, zmanjševanja ogljičnega odtisa in izpolnjevanja okoljskih zahtev pri zmanjševanju emisij toplogrednih plinov. Gre za aplikacijo, ki jo svetovni proizvajalci hranilnikov potrebujejo, zlasti v luči prilagajanja na specifične okoliščine posameznih držav.",,,,,SI
https://linkedopendata.eu/entity/Q7501206,2021SI16FFPR001_OP27.00004,Project learning for young adults (PUM-O+),Projektno učenje mlajših odraslih (PUM-O+),Slovenia,01/06/2023,30/11/2028,64.75,13000000.0,EUR,8417500.0,https://linkedopendata.eu/entity/Q3278938,"46.054328329124,14.562956200712",153,Pathways to integration and re-entry into employment for disadvantaged people,,,PO04,Social Europe,ESO4.8,ESO4.8,ESF+,European Social Fund Plus,2021SI16FFPR001,EU Cohesion Policy - SI -  ERDF/CF/ESF+/JTF,,SI_061,Ljubljana,,,Osrednjeslovenska,,,SI041,2021-2027,"The purpose of the operation is to empower people from the target group, to continue education in order to obtain education and to enter the labour market, which will contribute to increasing their employability, social inclusion and achieving equal opportunities.","Namen operacije je opolnomočenje oseb iz ciljne skupine, za nadaljevanje izobraževanja za pridobitev izobrazbe ter za vstop na trg dela, kar bo prispevalo k povečevanju njihove zaposljivosti, socialni vključenosti ter doseganju enakih možnosti.",,,,,SI
https://linkedopendata.eu/entity/Q7501566,2021SI16FFPR001_OP27.00381,Development and piloting of a traineeship programme to obtain a professional qualification as a nurse-carer 2024-2026,Razvoj in pilotna vzpostavitev programa pripravništva za pridobitev poklicne kvalifikacije bolničar – negovalec 2024-2026,Slovenia,31/05/2024,30/09/2026,62.92,142174.61,EUR,89451.09,https://linkedopendata.eu/entity/Q3281088,"46.1,14.15|46.08333333,15.45",161,Measures to improve access to long-term care (excluding infrastructure),,,PO04,Social Europe,ESO4.11,ESO4.11,ESF+,European Social Fund Plus,2021SI16FFPR001,EU Cohesion Policy - SI -  ERDF/CF/ESF+/JTF,,,,,Western Slovenia|Eastern Slovenia,,,SI04|SI03,,2021-2027,"The purpose of the call for tenders ‘Patient – Career’ 2024-2026 is to establish measures for verified training for the profession of ‘Patient – Career’ and to establish a new traineeship programme for the profession of ‘Patient – Career’. With JR Bolničar – caregiver 2024-2026, we want to establish a model of verified training for work in health and long-term care, improve the health system in Slovenia with the aim of establishing stable and accessible health care and ensuring quality health services. The purpose of this call for tenders is also to improve the responsiveness of the education and training system to the needs of the labour market, to reduce the labour market deficits of this profession, to improve the attractiveness of vocational education for the ""patient-carer"" profile and to ensure the effective provision of training for this profession. The NEB will be implemented as part of the measure Strengthening the resilience of the long-term care system","Namen javnega razpisa Bolničar – negovalec 2024–2026 je vzpostavitev ukrepov za verificirano usposabljanje za poklic »bolničar – negovalec« ter vzpostavitev novega programa pripravništva za poklic »bolničar – negovalec«. Z JR Bolničar – negovalec 2024–2026 želimo vzpostaviti model verificiranega usposabljanja za delo v zdravstvu in dolgotrajni oskrbi, izboljšati zdravstveni sistem v RS z namenom vzpostavitve stabilnega in dostopnega zdravstva in zagotovitvijo kakovostnih zdravstvenih storitev. Namen tega javnega razpisa je tudi izboljšanje odzivnost sistema izobraževanja in usposabljanja na potrebe trga dela, zmanjšati deficitarnosti tega poklica na trgu dela, izboljšati privlačnost poklicnega izobraževanja za profil »bolničar – negovalec« ter zagotoviti učinkovito izvajanje usposabljanja za ta poklic. NIO se bo izvajal v okviru ukrepa Krepitev odpornosti sistema dolgotrajne oskrbe",,,,,SI
https://linkedopendata.eu/entity/Q7501649,2021SI16FFPR001_OP27.00481,Operation Financial Instruments 2021-2027,Operacija Finančni instrumenti 2021-2027,Slovenia,17/03/2025,31/12/2029,66.34,12058823.53,EUR,8000000.0,https://linkedopendata.eu/entity/Q3280807,"46.1,14.15|46.08333333,15.45",169,"Territorial development initiatives, including preparation of territorial strategies",,,PO05,Europe closer to citizens,RSO5.1,RSO5.1,ERDF,European Regional Development Fund,2021SI16FFPR001,EU Cohesion Policy - SI -  ERDF/CF/ESF+/JTF,,,,,Western Slovenia|Eastern Slovenia,,,SI04|SI03,,2021-2027,"FI 2021-2027 is intended to promote growth, development, investment and current operations of target groups defined in the FI 2021-2027 Holding Fund Investment Strategy for the period from 2025 to 2029. Operation FI 2021-2027 will be implemented under the following specific objectives: SC 1.1, SC 1.3, SC 2.1, SC 2.6 and SC 5.1.","FI 2021-2027 so namenjeni spodbujanju rasti, razvoja, investicijskih vlaganj in tekočega poslovanja ciljnih skupin opredeljenih v Naložbeni strategiji Holdinškega sklada FI 2021-2027 za obdobje od 2025 - 2029. Operacija FI 2021-2027 se bo izvajala v okviru naslednjih specifičnih ciljev: SC 1.1, SC 1.3, SC 2.1, SC 2.6 in SC 5.1.",,,,,SI
https://linkedopendata.eu/entity/Q7501221,2021SI16FFPR001_OP27.00031,Reduction of flood risk in the Drava basin – Ptujska Drava area,Zmanjševanje poplavne ogroženosti porečja Drave – Območje Ptujske Drave,Slovenia,01/01/2021,31/12/2027,85.0,33647039.68,EUR,28599983.73,https://linkedopendata.eu/entity/Q7501066,"46.45,15.68333333",058,"Adaptation to climate change measures and prevention and management of climate related risks: floods and landslides (including awareness raising, civil protection and disaster management systems, infrastructures and ecosystem based approaches)",,,PO02,"Greener, carbon-free Europe",RSO2.4,RSO2.4,ERDF,European Regional Development Fund,2021SI16FFPR001,EU Cohesion Policy - SI -  ERDF/CF/ESF+/JTF,,,,,,Podravska,,,SI032,2021-2027,"The operation includes a part of comprehensive measures to reduce the flood risk in the Drava basin, namely in the area of Ptujska Drava. The planned measures contribute to the reduction of flood risks in 4 areas of significant impact of floods (IPFR): OPVP Maribor - Radvanje, OPVP Spodnji Duplek, OPVP Ptuj - center and OPVP Ptuj - Rogoznica. The planned integrated measures to reduce the flood risk along the Ptujska Drava River will reduce the flood risk in the wider area under consideration and at the same time ensure a limited impact of climate change on the flood risk of the area in the long term.","Operacija vključuje del celovitih ukrepov za zmanjševanje poplavne ogroženosti v porečju Drave, in sicer na območju Ptujske Drave. Z načrtovanimi ukrepi se prispeva k zmanjševanju poplavne ogroženosti na 4 območjih pomembnega vpliva poplav (OPVP): OPVP Maribor - Radvanje, OPVP Spodnji Duplek, OPVP Ptuj - center in OPVP Ptuj - Rogoznica. Z načrtovanimi celostnimi ukrepi za zmanjševanje poplavne ogroženosti ob Ptujski Dravi bo zmanjšana poplavna ogroženost na širšem obravnavanem območju in hkrati dolgoročno zagotovljen omejen vpliv podnebnih sprememb na poplavno ogroženost območja.",,,,,SI
https://linkedopendata.eu/entity/Q7501431,2021SI16FFPR001_OP27.00245,Production of OCPS of the Municipality of Cirkulane,Izdelava OCPS občine Cirkulane,Slovenia,01/01/2023,31/12/2025,85.0,28000.0,EUR,23800.0,https://linkedopendata.eu/entity/Q3279671,"46.341625182088,15.995183127783",109,Multimodal transport (not urban),,,PO03,Connected Europe,RSO3.2,RSO3.2,CF,Cohesion Fund,2021SI16FFPR001,EU Cohesion Policy - SI -  ERDF/CF/ESF+/JTF,,SI_196,Cirkulane,,,Podravska,,,SI032,2021-2027,Production of OCPS of the Municipality of Cirkulane,Izdelava OCPS občine Cirkulane,,,,,SI
https://linkedopendata.eu/entity/Q7501525,2021SI16FFPR001_OP27.00339,"Project NanoGuard - A new generation of bio-compatible, human- and eco-friendly fabrics","Project NanoGuard - Nova generacija bio-kompatibilne, človeku in okolju prijazne tkanine",Slovenia,01/03/2024,31/03/2026,40.0,72000.0,EUR,28800.0,https://linkedopendata.eu/entity/Q7501126,"46.054328329124,14.562956200712",025,"Incubation, support to spin offs and spin outs and start ups",,,PO01,Smarter Europe,RSO1.3,RSO1.3,ERDF,European Regional Development Fund,2021SI16FFPR001,EU Cohesion Policy - SI -  ERDF/CF/ESF+/JTF,,SI_061,Ljubljana,,,Osrednjeslovenska,,,SI041,2021-2027,"The project develops a new generation of bio-compatible human-friendly fabric that breathes and heals wounds, is applied to healthcare, textiles, batteries, anti-bacterial and viral filters, desolination, as well as construction.","V okviru projekta razvijajo novo generacijo bio – kompatibilne človeku prijazne tkanine, ki diha in celi rane, je aplikativna za zdravstvo, tekstil, baterije, anti bakterijskie in virusne filtre, desolinacijo, kot tudi gradbeništvo.",,,,,SI
https://linkedopendata.eu/entity/Q7501429,2021SI16FFPR001_OP27.00243,Preparation of related OCPS (Municipalities of Nova Gorica and Brda),Priprava povezanih OCPS (Mestne občine Nova Gorica in Občine Brda),Slovenia,01/01/2023,31/12/2025,85.0,88000.0,EUR,74800.0,https://linkedopendata.eu/entity/Q3278960,"45.980403826643,13.74051888786",109,Multimodal transport (not urban),,,PO03,Connected Europe,RSO3.2,RSO3.2,CF,Cohesion Fund,2021SI16FFPR001,EU Cohesion Policy - SI -  ERDF/CF/ESF+/JTF,,SI_084,Nova Gorica,,,Goriška,,,SI043,2021-2027,Preparation of related OCPS (Municipalities of Nova Gorica and Brda),Priprava povezanih OCPS (Mestne občine Nova Gorica in Občine Brda),,,,,SI
https://linkedopendata.eu/entity/Q7501591,2021SI16FFPR001_OP27.00409,"Management for the Local Action Group ""At the Good People"" in the period 2021-2027",Upravljanje za lokalno akcijsko skupino Pri dobrih ljudeh v obdobju 2021-2027,Slovenia,01/01/2024,30/09/2029,85.0,218103.49,EUR,185387.97,https://linkedopendata.eu/entity/Q3279387,"46.65,16.16666667",169,"Territorial development initiatives, including preparation of territorial strategies",,,PO05,Europe closer to citizens,RSO5.2,RSO5.2,ERDF,European Regional Development Fund,2021SI16FFPR001,EU Cohesion Policy - SI -  ERDF/CF/ESF+/JTF,,,,,,Pomurska,,,SI031,2021-2027,"Support for the management of the LAG is intended to co-finance the costs incurred in the management and operation of the LAG, including monitoring and evaluation of the approved SLR, animation of the LAG area and assistance to potential beneficiaries for developing project ideas and preparing projects.","Podpora za upravljanje LAS je namenjena za sofinanciranje stroškov, ki so nastali pri upravljanju in delovanju LAS, vključno s spremljanjem in vrednotenjem odobrene SLR, animacijo območja LAS in pomoči morebitnim upravičencem za razvijanje projektnih idej in pripravo projektov.",,,,,SI
https://linkedopendata.eu/entity/Q7501680,2021SI16FFPR001_OP27.00539,IQMod - The first smart modules for the construction of modular smart buildings,IQMod - Prvi pametni moduli za gradnjo modularnih pametnih stavb,Slovenia,14/03/2025,31/03/2027,40.0,72000.0,EUR,28800.0,https://linkedopendata.eu/entity/Q7501172,"45.91323243745,14.37840369691",025,"Incubation, support to spin offs and spin outs and start ups",,,PO01,Smarter Europe,RSO1.3,RSO1.3,ERDF,European Regional Development Fund,2021SI16FFPR001,EU Cohesion Policy - SI -  ERDF/CF/ESF+/JTF,,SI_005,Borovnica,,,Osrednjeslovenska,,,SI041,2021-2027,"The subject of the project is the development and commercialization of pre-prepared smart modules with RFID identification for plug-play installation (digital twin), without installation on the construction site. It is a complete integration of installations already in production, which means that the smart module contains: 1. mechanical installations, 2. electrical installations, 3. smart installations including the necessary sensors for ventilation and heating, and 4. RFID traceability to facilitate the assembly process.","Predmet projekta je razvoj in komercializacija predpripravljenih pametnih modulov z RFID identifikacijo za plug-play postavitev (digitalni dvojček), brez inštalacije na gradbišču. Gre za popolno integracijo inštalacij že v proizvodnji, kar pomeni, da pametni modul vsebuje: 1. strojne inštalacije, 2. elektroinštalacije, 3. pametne inštalacije vključno s potrebno senzoriko za prezračevanje in ogrevanje in 4. RFID sledljivost za lažje vodenje procesa montaže.",,,,,SI
https://linkedopendata.eu/entity/Q7501666,2021SI16FFPR001_OP27.00526,VisioPark,VisioPark,Slovenia,13/03/2025,31/03/2027,40.0,72000.0,EUR,28800.0,https://linkedopendata.eu/entity/Q7501167,"46.345863105032,14.078932146229",025,"Incubation, support to spin offs and spin outs and start ups",,,PO01,Smarter Europe,RSO1.3,RSO1.3,ERDF,European Regional Development Fund,2021SI16FFPR001,EU Cohesion Policy - SI -  ERDF/CF/ESF+/JTF,,SI_003,Bled,,,Gorenjska,,,SI042,2021-2027,"As part of the submitted project, the company is developing an innovative VisioPark system, which monitors developments in parking lots with the help of artificial intelligence and computer vision. The system detects improper parking, prohibited vehicles and the presence of people, and automatically warns of possible violations.","V okviru prijavljenega projekta podjetje razvija inovativni sistem VisioPark, ki s pomočjo umetne inteligence in računalniškega vida spremlja dogajanje na parkiriščih. Sistem zaznava nepravilno parkiranje, prepovedana vozila in prisotnost ljudi ter samodejno opozarja na morebitne kršitve.",,,,,SI
https://linkedopendata.eu/entity/Q7501426,2021SI16FFPR001_OP27.00240,Production of OCPS of the Municipality of Naklo,Izdelava OCPS občine Naklo,Slovenia,01/01/2023,30/06/2025,85.0,28000.0,EUR,23800.0,https://linkedopendata.eu/entity/Q3282482,"46.291394830826,14.296682841196",109,Multimodal transport (not urban),,,PO03,Connected Europe,RSO3.2,RSO3.2,CF,Cohesion Fund,2021SI16FFPR001,EU Cohesion Policy - SI -  ERDF/CF/ESF+/JTF,,SI_082,Naklo,,,Gorenjska,,,SI042,2021-2027,Production of OCPS of the Municipality of Naklo,Izdelava OCPS občine Naklo,,,,,SI
https://linkedopendata.eu/entity/Q7501662,2021SI16FFPR001_OP27.00504,Revitalization of the city center Slovenj Gradec,Revitalizacija mestnega jedra Slovenj Gradec,Slovenia,16/12/2021,31/12/2027,85.0,5717238.88,EUR,4859653.05,https://linkedopendata.eu/entity/Q3278923,"46.08333333,15.45",083|084|086,Cycling infrastructure|Digitalisation of urban transport|Alternative fuels infrastructure,,,PO02,"Greener, carbon-free Europe",RSO2.8,RSO2.8,ERDF,European Regional Development Fund,2021SI16FFPR001,EU Cohesion Policy - SI -  ERDF/CF/ESF+/JTF,,,,,Eastern Slovenia,,,SI03,,2021-2027,"The subject of the operation is the revitalization of the city center in order to relieve the burden on the city of Slovenj Gradec, which means the withdrawal of stationary traffic, the introduction of alternative forms of access and the arrangement of open public urban areas. The investment achieves the objectives of sustainable mobility within the framework of sustainable urban strategies and the objectives of an integrated transport strategy. The operation thus covers activities in the field of comprehensive renovation of streets and roads in accordance with the principles of sustainable mobility (Measure 1), pedestrian infrastructure (Measure 3), digitalisation to promote sustainable mobility (Measure 5), and activities in the field of the use of alternative fuels (Measure 6).","Predmet operacije je revitalizacija mestnega jedra z namenom razbremenjevanja mesta Slovenj Gradec, kar pomeni umikanje mirujočega prometa, uvedbo alternativnih oblik dostopa in urejanje odprtih javnih mestnih površin. Z investicijo se dosega cilje trajnostne mobilnosti v okviru trajnostnih urbanih strategij ter cilje celostne prometne strategije. Operacija tako zajema aktivnosti na področju celovite preureditve ulic in cest skladno z načeli trajnostne mobilnosti (ukrep 1), infrastruktura za pešce (ukrep 3), digitalizacija za spodbujanje trajnostne mobilnosti (ukrep 5), ter aktivnosti na področju uporabe alternativnih goriv (ukrep 6).",,,,,SI
https://linkedopendata.eu/entity/Q7501473,2021SI16FFPR001_OP27.00287,Digital bridge: Digital inclusion of older people and employees,Digitalni most: Digitalna vključenost starejših in zaposlenih,Slovenia,23/02/2024,31/10/2025,40.0,270250.0,EUR,108100.0,https://linkedopendata.eu/entity/Q3279143,"46.1,14.15",018,IT services and applications for digital skills and digital inclusion,,,PO01,Smarter Europe,RSO1.2,RSO1.2,ERDF,European Regional Development Fund,2021SI16FFPR001,EU Cohesion Policy - SI -  ERDF/CF/ESF+/JTF,,,,,Western Slovenia,,,SI04,,2021-2027,"In accordance with the DigComp 2.2 framework of digital competences for citizens, we have designed 11 comprehensive educational programmes, each of which covers the entire spectrum of digital competences under DigComp 2.2, i.e. all 5 areas of digital competences (i.e. information and data literacy, communication and cooperation, digital content creation, security and problem-solving) and all 21 key digital competences according to the DigComp 2.2 framework. At the basic level, programmes cover basic digital competences (level 1-2), while advanced programmes cover advanced digital competences (levels 3-8). The digital competences covered by each training programme are presented in more detail in the Annex to Form 3: Detailed content program.","V okviru projekta Digitalni most smo skladno z okvirjem digitalnih kompetenc za državljane DigComp 2.2 oblikovali 11 celovitih izobraževalnih programov, izmed katerih vsak program pokriva celoten spekter digitalnih kompetenc po okviru DigComp 2.2, se pravi vseh 5 področij digitalnih kompetenc (tj. informacijska in podatkovna pismenost, komuniciranje in sodelovanje, ustvarjanje digitalnih vsebin, varnost in reševanje problemov) ter vseh 21 ključnih digitalnih kompetenc glede na okvir DigComp 2.2. Pri tem programi na osnovnem nivoju pokrivajo osnovne digitalne kompetence (stopnja 1-2), napredni programi pa pokrivajo napredne digitalne kompetence (stopnje 3-8). Podrobneje so digitalne kompetence, ki jih pokrivajo posamezni programi usposabljanja, predstavljene v prilogi Obrazec št. 3: podroben vsebinski program.",,,,,SI
https://linkedopendata.eu/entity/Q7501729,2021SI16FFPR001_OP27.00607,Cycling and footpath on the part of the Istrian detachment in Koper,Kolesarska in pešpot na delu ulice Istrskega odreda v Kopru,Slovenia,01/09/2017,31/12/2025,40.0,408497.11,EUR,163398.84,https://linkedopendata.eu/entity/Q3279077,"46.1,14.15",083,Cycling infrastructure,,,PO02,"Greener, carbon-free Europe",RSO2.8,RSO2.8,ERDF,European Regional Development Fund,2021SI16FFPR001,EU Cohesion Policy - SI -  ERDF/CF/ESF+/JTF,,,,,Western Slovenia,,,SI04,,2021-2027,"The investment plans to arrange a cycling and walking path on a part of the Istrian detachment street in Koper. It is planned to build an appropriate cycling connection and link it to the existing cycling network, thus establishing a single, functional, logical and user-appealing cycling connection within the zone between areas and points, which are among the most important generators of cycling traffic. A two-way one-sided cycle path is planned, running along the right bank of the Olm stream on the section from the Hofer shop to the road to Markovec in a total length of 398.3 m. At the same time as the new construction of the cycle path, a new construction of a sidewalk in a length of 398.3 m is planned. Both the sidewalk and the cycle path are illuminated by public lighting. The purpose of this investment is to ensure greater road safety for cyclists and pedestrians, reduce the negative impacts of motor traffic on the environment, promote sustainable mobility and the use of bicycles for everyday tasks as an alternative to car transport. Additional effects of the investment are enabling the development of recreational activities of people and thus a positive impact on their health. The investment in question promotes sustainable mobility in the municipality, which is covered by a sustainable urban strategy and, to the greatest extent possible, promotes an increase in the share of sustainable transport modes in the structure of daily mobility of the population.","Investicija namerava urediti kolesarsko in pešpot na delu ulice Istrskega odreda v Kopru. Predvidena je gradnja ustrezne kolesarske povezave in navezava le-te na obstoječo kolesarsko mrežo, s tem pa vzpostavitev enotne, funkcionalne, logične in uporabnikom privlačne kolesarske povezave znotraj cone med območji in točkami, ki so med pomembnejšimi generatorji kolesarskega prometa. Predvidena je ureditev dvosmerne enostranske kolesarske steze, ki poteka vzdolž desnega brega Olmskega potoka na odseku od trgovine Hofer do ceste na Markovec v skupni dolžini 398,3 m. Sočasno z novogradnjo kolesarske steze je predvidena tudi novogradnja pločnika v dolžini 398,3 m. Tako pločnik, kakor tudi kolesarska steza se osvetlita z javno razsvetljavo. Namen predmetne investicije je zagotavljanje večje prometne varnosti kolesarjev in peščev, zmanjševanje negativnih vplivov motornega prometa na okolje, vzpodbujanje trajnostne mobilnosti in uporabe koles za vsakodnevna opravila, kot alternative avtomobilskim prevozom. Dodatni učinki investicije so še omogočanje razvoja rekreativne dejavnosti ljudi in s tem pozitivni vpliv na njihovo zdravje. Predmetna investicija spodbuja trajnostno mobilnost v občini, ki ga zajema trajnostna urbana strategija ter v največji meri spodbujajo dvig deleža trajnostnih prometnih načinov v strukturi dnevne mobilnosti prebivalstva.",,,,,SI
https://linkedopendata.eu/entity/Q7501573,2021SI16FFPR001_OP27.00391,Management of LAG Kozjak - Pohorje in the period 2021-2027,Upravljanje LAS Kozjak - Pohorje v obdobju 2021-2027,Slovenia,01/01/2024,30/09/2029,85.0,189941.09,EUR,161449.93,https://linkedopendata.eu/entity/Q3280039,"46.55,15.05",169,"Territorial development initiatives, including preparation of territorial strategies",,,PO05,Europe closer to citizens,RSO5.2,RSO5.2,ERDF,European Regional Development Fund,2021SI16FFPR001,EU Cohesion Policy - SI -  ERDF/CF/ESF+/JTF,,,,,,Koroška,,,SI033,2021-2027,"Support for the management of the LAG is intended to co-finance the costs incurred in the management and operation of the LAG, including monitoring and evaluation of the approved SLR, animation of the LAG area and assistance to potential beneficiaries for developing project ideas and preparing projects.","Podpora za upravljanje LAS je namenjena za sofinanciranje stroškov, ki so nastali pri upravljanju in delovanju LAS, vključno s spremljanjem in vrednotenjem odobrene SLR, animacijo območja LAS in pomoči morebitnim upravičencem za razvijanje projektnih idej in pripravo projektov.",,,,,SI
https://linkedopendata.eu/entity/Q7501715,2021SI16FFPR001_OP27.00574,Multipurpose Roma Centre + Dolenjska and Bela krajina,Večnamenski romski center + Dolenjska in Bela krajina,Slovenia,01/07/2025,30/09/2029,85.0,2200000.0,EUR,1870000.0,https://linkedopendata.eu/entity/Q3279111,"45.780913347775,15.193791028054",163,"Promoting social integration of people at risk of poverty or social exclusion, including the most deprived and children",,,PO04,Social Europe,ESO4.12,ESO4.12,ESF+,European Social Fund Plus,2021SI16FFPR001,EU Cohesion Policy - SI -  ERDF/CF/ESF+/JTF,,SI_085,Novo mesto,,,Jugovzhodna Slovenija,,,SI037,2021-2027,"The purpose of the project is to establish and operate four VNRC+ in the area of the Municipality of Novo mesto, the Municipality of Trebnje, the Municipality of Metlika and the Municipality of Šentjernej, in which activities will be carried out aimed at strengthening and improving the socio-economic position of members of the Roma community in the Republic of Slovenia, raising the quality of their life, promoting and strengthening their integration into the wider community, and establishing trust and cooperation with the majority population.","Namen projekta je vzpostavitev in delovanje štirih VNRC+, in sicer na območju Mestne občine Novo mesto, Občine Trebnje, Občine Metlika in Občine Šentjernej, v katerih se bodo izvajale aktivnosti, namenjene krepitvi in izboljševanju socialno-ekonomskega položaja pripadnikov romske skupnosti v Republiki Sloveniji, dvigu kakovosti njihovega življenja, spodbujanju in krepitvi njihovega vključevanja v širšo skupnost ter vzpostavljanju zaupanja in sodelovanja z večinskim prebivalstvom.",,,,,SI
https://linkedopendata.eu/entity/Q7501224,2021SI16FFPR001_OP27.00034,"Centre for Demonstration and Training in Zero-Carbon Technologies (Center DUBT), Zasavje","Center za demonstracije in usposabljanje za brezogljične tehnologije (Center DUBT), Zasavje",Slovenia,01/06/2023,30/06/2026,85.0,32068940.0,EUR,27258599.0,https://linkedopendata.eu/entity/Q3279258,"46.133890757994,14.951220963977",004,"Investment in fixed assets, including research infrastructure, in public research centres and higher education directly linked to research and innovation activities",,,PO08,Just Transition,JTF,JTF,JTF,Just Transition Fund,2021SI16FFPR001,EU Cohesion Policy - SI -  ERDF/CF/ESF+/JTF,,SI_142,Zagorje ob Savi,,,Zasavska,,,SI035,2021-2027,"Centre for Demonstration and Training in Zero-Carbon Technologies (Center DUBT), Zasavje","Center za demonstracije in usposabljanje za brezogljične tehnologije (Center DUBT), Zasavje",,,,,SI
https://linkedopendata.eu/entity/Q7501223,2021SI16FFPR001_OP27.00033,Reduction of flood risks along Meža and Mislinja,Zmanjšanje poplavne ogroženosti ob Meži in Mislinji,Slovenia,01/01/2022,31/12/2027,85.0,37567739.94,EUR,31932578.95,https://linkedopendata.eu/entity/Q7501066,"46.55,15.05",058,"Adaptation to climate change measures and prevention and management of climate related risks: floods and landslides (including awareness raising, civil protection and disaster management systems, infrastructures and ecosystem based approaches)",,,PO02,"Greener, carbon-free Europe",RSO2.4,RSO2.4,ERDF,European Regional Development Fund,2021SI16FFPR001,EU Cohesion Policy - SI -  ERDF/CF/ESF+/JTF,,,,,,Koroška,,,SI033,2021-2027,"the 2021-2027 programming period and the project Reducing Flood Risks along Meža and Mislinja include measures: - Poljana high water reservoir (ZVV Poljana) in Prevalje, - Flood risk reduction in the area of Slovenj Gradec, - Flood risk reduction arrangements in the area of the confluence of Meža and Mislinja, - Flood risk reduction arrangements on the Meža river in the central part of the town of Mežica. The project will be implemented in accordance with the European Cohesion Policy Programme 2021-2027 in Slovenia Priority Areas (Objective) 2 - A greener, low-carbon Europe that is resilient and transitions to a carbon-neutral economy by promoting clean and fair energy transition, green and blue investments, the circular economy, climate change mitigation and adaptation, risk prevention and management, and sustainable urban mobility; Priority 1: 3 Green transformation towards climate neutrality and specific objective RSO2.4. Promoting climate change adaptation and disaster risk prevention and resilience, taking into account ecosystem-based approaches.","programsko obdobje 2021-2027 in v projekt Zmanjševanje poplavne ogroženosti ob Meži in Mislinji so vključeni ukrepi: - Zadrževalnik visokih voda Poljana (ZVV Poljana) v Prevaljah, - Zmanjšanje poplavne ogroženosti na območju Slovenj Gradca, - Ureditve za zmanjšanje poplavne ogroženosti na območju sotočja Meže in Mislinje, - Ureditve za zmanjšanje poplavne ogroženosti na reki Meži na osrednjem delu mesta Mežica. Projekt se bo izvajal v skladu s Programom evropske kohezijske politike v obdobju 2021-2027 v Sloveniji Prednostnim področjem (ciljem) 2 - Bolj zelena, nizkoogljična Evropa, ki je odporna in prehaja na ogljično nevtralno gospodarstvo s spodbujanjem čistega in pravičnega energetskega prehoda, zelenih in modrih naložb, krožnega gospodarstva, blaženja podnebnih sprememb in prilagajanja nanje ter preprečevanja in obvladovanja tveganj ter trajnostne mestne mobilnosti; prednostno nalogo: 3 Zelena preobrazba za podnebno nevtralnost in specifičnim ciljem RSO2.4. Spodbujanje prilagajanja podnebnim spremembam in preprečevanja tveganja nesreč ter odpornosti, ob upoštevanju ekosistemskih pristopov.",,,,,SI
https://linkedopendata.eu/entity/Q7501580,2021SI16FFPR001_OP27.00398,Management of the LAG Between Pohorje and Boč in the period 2021-2027,Upravljanje LAS Med Pohorjem in Bočem v obdobju 2021-2027,Slovenia,01/01/2024,30/09/2029,85.0,185389.16,EUR,157580.79,https://linkedopendata.eu/entity/Q3279384,"46.45,15.68333333",169,"Territorial development initiatives, including preparation of territorial strategies",,,PO05,Europe closer to citizens,RSO5.2,RSO5.2,ERDF,European Regional Development Fund,2021SI16FFPR001,EU Cohesion Policy - SI -  ERDF/CF/ESF+/JTF,,,,,,Podravska,,,SI032,2021-2027,"Support for the management of the LAG is intended to co-finance the costs incurred in the management and operation of the LAG, including monitoring and evaluation of the approved SLR, animation of the LAG area and assistance to potential beneficiaries for developing project ideas and preparing projects.","Podpora za upravljanje LAS je namenjena za sofinanciranje stroškov, ki so nastali pri upravljanju in delovanju LAS, vključno s spremljanjem in vrednotenjem odobrene SLR, animacijo območja LAS in pomoči morebitnim upravičencem za razvijanje projektnih idej in pripravo projektov.",,,,,SI
https://linkedopendata.eu/entity/Q7501332,2021SI16FFPR001_OP27.00142,Production of OCPS of the Municipality of Šenčur,Izdelava OCPS Občine Šenčur,Slovenia,01/01/2023,31/12/2025,85.0,40000.0,EUR,34000.0,https://linkedopendata.eu/entity/Q3279099,"46.235442790343,14.426211151146",109,Multimodal transport (not urban),,,PO03,Connected Europe,RSO3.2,RSO3.2,CF,Cohesion Fund,2021SI16FFPR001,EU Cohesion Policy - SI -  ERDF/CF/ESF+/JTF,,SI_117,Šenčur,,,Gorenjska,,,SI042,2021-2027,Production of OCPS of the Municipality of Šenčur,Izdelava OCPS Občine Šenčur,,,,,SI
https://linkedopendata.eu/entity/Q7501314,2021SI16FFPR001_OP27.00127,Entrepreneurship over challenges in the Coastal-Karst region,Podjetno nad izzive v Obalno-kraški regiji,Slovenia,01/01/2024,15/11/2028,40.0,1538272.0,EUR,615308.8,https://linkedopendata.eu/entity/Q3279388,"45.633333333333,13.933333333333",025,"Incubation, support to spin offs and spin outs and start ups",,,PO01,Smarter Europe,RSO1.3,RSO1.3,ERDF,European Regional Development Fund,2021SI16FFPR001,EU Cohesion Policy - SI -  ERDF/CF/ESF+/JTF,,,,,,Obalno-kraška,,,SI044,2021-2027,"Operation PONI Obalno-kraška is part of the comprehensive project PONI, which is carried out on the whole of Slovenia. The purpose of the operation PONI Obalno-kraška is the entrepreneurial training of persons who want to realize the entrepreneurial idea, thereby promoting entrepreneurship in the Obalno-kraška region.. It is a 4-month entrepreneurial training programme for people who want to realize an entrepreneurial idea and turn it into commercially interesting products or services with the help of mentors and content trainings and counselling. The content of the training programme is structured in such a way that within 4 months of inclusion, participants receive key knowledge in the field of entrepreneurship, which they need when entering an independent entrepreneurial path. The training program of the participant takes everything from the development of a business idea, to the creation of a business model and a business plan. At the same time, he is fully acquainted with all important areas in entrepreneurship. The project enables participants to use physical infrastructure (premises, equipment) according to the principle of co-working (joint division of office and equipment). By encouraging the formation of entrepreneurial teams, participants will also gain new knowledge, new acquaintances and business opportunities, as well as transfer experiences and examples of good practices.","Operacija PONI Obalno-kraška je del celovitega projekta PONI, ki se izvaja na območju celotne Slovenije. Namen operacije PONI Obalno-kraška je podjetniško usposabljanje oseb, ki želijo realizirati podjetniško idejo, s tem pa spodbujanje podjetništva v Obalno-kraški regiji.. Gre za program 4 mesečnega podjetniškega usposabljanja oseb, ki želijo realizirati podjetniško idejo in jo ob pomoči mentorjev in vsebinskih usposabljanj ter svetovanj spremeniti v tržno zanimive produkte oziroma storitve. Program usposabljanja je vsebinsko sestavljen tako, da v 4 mesecih vključitve udeleženci prejmejo ključna znanja s področja podjetništva, ki jih ob vstopu na samostojno podjetniško pot potrebujejo. Program usposabljanja udeleženca pelje vse od razvoja poslovne ideje, do izdelave poslovnega modela in poslovnega načrta. Hkrati ga celostno seznani z vsemi pomembnimi področji v podjetništvu. Udeležencem projekt omogoča uporabo fizične infrastrukture (prostori, oprema) in sicer po principu co-workinga (skupne delitve pisarne in opreme). S spodbujanjem oblikovanja podjetniških ekip bodo udeleženci prišli tudi do novih znanj, novih poznanstev in poslovnih priložnosti ter prenašali izkušnje in primere dobrih praks.",,,,,SI
https://linkedopendata.eu/entity/Q7501728,2021SI16FFPR001_OP27.00606,Strengthening the competences of all employees in the prison system,Krepitev kompetenc vseh zaposlenih v zaporskem sistemu,Slovenia,01/07/2025,30/11/2029,66.28,1500000.0,EUR,994200.0,https://linkedopendata.eu/entity/Q3279791,"46.054328329124,14.562956200712",144,"Measures for a healthy and well–adapted working environment addressing health risks, including promotion of physical activity",,,PO04,Social Europe,ESO4.4,ESO4.4,ESF+,European Social Fund Plus,2021SI16FFPR001,EU Cohesion Policy - SI -  ERDF/CF/ESF+/JTF,,SI_061,Ljubljana,,,Osrednjeslovenska,,,SI041,2021-2027,"Strengthening competences and establishing and implementing a specific competence model for all employees in the prison system, which will ensure special knowledge, skills and motivation of employees to work in demanding conditions.","Krepitev kompetenc ter vzpostavljen in implementiran specifični kompetenčni model vseh zaposlenih v zaporskem sistemu, kar bo zagotovilo specialna znanja, spretnosti in motivacijo zaposlenih za delo v zahtevnih razmerah.",,,,,SI
https://linkedopendata.eu/entity/Q7501414,2021SI16FFPR001_OP27.00228,Municipal integrated transport strategy,Občinska celostna prometna strategija,Slovenia,01/01/2023,31/12/2025,85.0,28000.0,EUR,23800.0,https://linkedopendata.eu/entity/Q3282256,"46.390757589259,15.949060715405",109,Multimodal transport (not urban),,,PO03,Connected Europe,RSO3.2,RSO3.2,CF,Cohesion Fund,2021SI16FFPR001,EU Cohesion Policy - SI -  ERDF/CF/ESF+/JTF,,SI_168,Markovci,,,Podravska,,,SI032,2021-2027,Municipal integrated transport strategy,Občinska celostna prometna strategija,,,,,SI
https://linkedopendata.eu/entity/Q7501737,2021SI16FFPR001_OP27.00620,Health Centre Slovenj Gradec,Prizidek Zdravstveni dom Slovenj Gradec,Slovenia,28/09/2022,30/08/2026,85.0,3139859.12,EUR,2668880.25,https://linkedopendata.eu/entity/Q3278923,"46.489469033112,15.078819309195",169,"Territorial development initiatives, including preparation of territorial strategies",,,PO05,Europe closer to citizens,RSO5.1,RSO5.1,ERDF,European Regional Development Fund,2021SI16FFPR001,EU Cohesion Policy - SI -  ERDF/CF/ESF+/JTF,,SI_112,Slovenj Gradec,,,Koroška,,,SI033,2021-2027,"The subject of the investment is the construction of an extension to the Slovenj Gradec Health Centre, which is part of a comprehensive urban renovation and internal development of the urban area. The investment focuses on the revitalisation and restructuring of underutilised urban areas and the optimisation of existing spatial arrangements, thereby improving the quality of the urban environment and creating conditions for sustainable development. By renovating and revitalising underutilised urban areas, the project will improve the quality of public infrastructure and create modern conditions for health care. The extension with a gross floor area of 1.966 m2 will be used for emergency medical assistance, health promotion centre, general medicine, community service and programmes for children and youth. The project is in line with the principles of the CTN and the objectives of the Sustainable Urban Strategy of the Municipality of Slovenj Gradec, as it contributes to the revitalization of the space, better use of the existing building land and an increase in the quality of living and accessibility of services for all residents, including vulnerable groups.","Predmet investicije je gradnja prizidka k Zdravstvenemu domu Slovenj Gradec, ki je del celovite urbane prenove in notranjega razvoja mestnega območja. Investicija se osredotoča na oživljanje in prestrukturiranje slabo izkoriščenih urbanih površin ter optimizacijo obstoječe prostorske ureditve, s čimer se izboljšuje kakovost mestnega okolja in ustvarjajo pogoji za trajnostni razvoj. Projekt bo s prenovo in oživitvijo slabo izkoriščenih urbanih površin izboljšal kakovost javne infrastrukture in ustvaril sodobne pogoje za zdravstveno oskrbo. Prizidek z bruto tlorisno površino 1.966 m2 bo namenjen nujni medicinski pomoči, centru za krepitev zdravja, splošni medicini, patronažni službi ter programom za otroke in mladino. Projekt je skladen z načeli CTN in cilji Trajnostne urbane strategije Mestne občine Slovenj Gradec, saj prispeva k revitalizaciji prostora, boljši izrabi obstoječega stavbnega zemljišča ter dvigu kakovosti bivanja in dostopnosti storitev za vse prebivalce, vključno z ranljivimi skupinami.",,,,,SI
https://linkedopendata.eu/entity/Q7501517,2021SI16FFPR001_OP27.00331,inShift,inShift,Slovenia,29/03/2024,31/03/2026,40.0,72000.0,EUR,28800.0,https://linkedopendata.eu/entity/Q7501119,"46.054328329124,14.562956200712",025,"Incubation, support to spin offs and spin outs and start ups",,,PO01,Smarter Europe,RSO1.3,RSO1.3,ERDF,European Regional Development Fund,2021SI16FFPR001,EU Cohesion Policy - SI -  ERDF/CF/ESF+/JTF,,SI_061,Ljubljana,,,Osrednjeslovenska,,,SI041,2021-2027,"The subject of the project is the development of a solution: Eliminating jet lag by gradually shifting natural drowsiness to the desired time zone or clock. The core of the system is represented by two internally developed algorithms, which are based on the findings of more than 170 scientific researches on circadian rhythm; Algorithm for identifying an individual's biological clock based on data from the most comfortable sleep trackers and Algorithm for generating a personalized protocol for delaying the biological clock, which takes into account the user's personal limitations (tasks, reserved time for specific activities, commuting,...) and contains suggestions of the best time windows for exposure to light, sleep, meals, exercise, caffeine and more.","Predmet projekta je razvoj rešitve: Eliminacija jet lag-a s postopnima zamikanjem naravne zaspanosti na željeno časovno cono oz. uro. Jedro sistema predstavljata dva interno razvita algoritma, ki bazirata na osnovi ugotovitev več kot 170ih znanstvenih raziskav o cirkadianskem ritmu; Algoritem za identifikacijo biološke ure posameznika na podlagi podatkov iz najudobneših sledilnikov spanja ter Algoritem za generiranje personaliziranega protokola za zamikanje biološke ure, ki upošteva uporabnikove osebne omejitve (opravila, rezerviran čas za specifične aktivnosti, vožnja v službo,...) in vsebuje predloge najboljših časovnih oken za izpostavljenost svetlobi, spanje, obroke, vadbo, kofein in več.",,,,,SI
https://linkedopendata.eu/entity/Q7501605,2021SI16FFPR001_OP27.00423,Management for the Green Istria Local Action Group in the period 2021-2027,Upravljanje za lokalno akcijsko skupino Zelena Istra v obdobju 2021-2027,Slovenia,01/01/2024,30/09/2029,40.0,209362.87,EUR,83745.15,https://linkedopendata.eu/entity/Q3280518,"45.633333333333,13.933333333333",169,"Territorial development initiatives, including preparation of territorial strategies",,,PO05,Europe closer to citizens,RSO5.2,RSO5.2,ERDF,European Regional Development Fund,2021SI16FFPR001,EU Cohesion Policy - SI -  ERDF/CF/ESF+/JTF,,,,,,Obalno-kraška,,,SI044,2021-2027,"Support for the management of the LAG is intended to co-finance the costs incurred in the management and operation of the LAG, including monitoring and evaluation of the approved SLR, animation of the LAG area and assistance to potential beneficiaries for developing project ideas and preparing projects.","Podpora za upravljanje LAS je namenjena za sofinanciranje stroškov, ki so nastali pri upravljanju in delovanju LAS, vključno s spremljanjem in vrednotenjem odobrene SLR, animacijo območja LAS in pomoči morebitnim upravičencem za razvijanje projektnih idej in pripravo projektov.",,,,,SI
https://linkedopendata.eu/entity/Q7501366,2021SI16FFPR001_OP27.00179,Production of OCPS of the Municipality of Piran,Izdelava OCPS občine Piran,Slovenia,01/01/2023,31/12/2025,85.0,43000.0,EUR,36550.0,https://linkedopendata.eu/entity/Q3278949,"45.487725436092,13.6343935392",109,Multimodal transport (not urban),,,PO03,Connected Europe,RSO3.2,RSO3.2,CF,Cohesion Fund,2021SI16FFPR001,EU Cohesion Policy - SI -  ERDF/CF/ESF+/JTF,,SI_090,Piran/Pirano,,,Obalno-kraška,,,SI044,2021-2027,Production of OCPS of the Municipality of Piran,Izdelava OCPS občine Piran,,,,,SI
https://linkedopendata.eu/entity/Q7501668,2021SI16FFPR001_OP27.00528,GeckoDub - AI localization and personalization of video ads,GeckoDub - AI lokalizicija in personalizacija video oglasov,Slovenia,13/03/2025,31/03/2027,40.0,72000.0,EUR,28800.0,https://linkedopendata.eu/entity/Q7501155,"46.145083128182,14.627094050186",025,"Incubation, support to spin offs and spin outs and start ups",,,PO01,Smarter Europe,RSO1.3,RSO1.3,ERDF,European Regional Development Fund,2021SI16FFPR001,EU Cohesion Policy - SI -  ERDF/CF/ESF+/JTF,,SI_023,Domžale,,,Osrednjeslovenska,,,SI041,2021-2027,"GeckoDub is an innovative SaaS platform that uses artificial intelligence (AI) to localize and personalize video ads. With one click, you can localize your ads in more than 60 languages, making it difficult to distinguish between the original and the translated copy.","GeckoDub je inovativna SaaS platforma, ki s pomočjo umetne inteligence (AI) lokalizira in personalizira video oglase. Z enim klikom lahko oglase kvalitetno lokalizirate v več kot 60 jezikov, tako da je že danes težko razlikovati med originalom in prevedeno kopijo.",,,,,SI
https://linkedopendata.eu/entity/Q7501710,2021SI16FFPR001_OP27.00569,Call for proposals for the co-financing of projects Transition of young people +,Javni razpis za sofinanciranje projektov Prehod mladih +,Slovenia,01/05/2025,30/09/2029,85.0,148404.0,EUR,126143.4,https://linkedopendata.eu/entity/Q3280800,"46.44182594554,15.874368786301",153,Pathways to integration and re-entry into employment for disadvantaged people,,,PO04,Social Europe,ESO4.8,ESO4.8,ESF+,European Social Fund Plus,2021SI16FFPR001,EU Cohesion Policy - SI -  ERDF/CF/ESF+/JTF,,SI_096,Ptuj,,,Podravska,,,SI032,2021-2027,"The purpose of the public call is to increase the employment of young people with special needs through various forms of assistance through preventive measures, systematic professional work with young people with special needs, the preparation of a proposal for updated standards and norms of employment rehabilitation for young people, and an awareness-raising campaign, thus contributing to greater social inclusion of young people with special needs and equalization of opportunities.","Namen javnega razpisa je s preventivnim ukrepanjem, s sistematičnim strokovnim delom z mladimi s posebnimi potrebami, pripravo predloga dopolnjenih standardov in normativov zaposlitvene rehabilitacije za mlade ter kampanjo ozaveščanja povečati zaposlovanje mladih s posebnimi potrebami preko različnih oblik pomoči ter tako vplivati na večjo socialno vključenost mladih s posebnimi potrebami in izenačevanje možnosti.",,,,,SI
https://linkedopendata.eu/entity/Q7501481,2021SI16FFPR001_OP27.00295,DIGIKOMPAKT 2024-2025,DIGIKOMPAKT 2024-2025,Slovenia,23/02/2024,31/10/2025,71.0,528750.0,EUR,375412.5,https://linkedopendata.eu/entity/Q3279816,"46.1,14.15|46.08333333,15.45",018,IT services and applications for digital skills and digital inclusion,,,PO01,Smarter Europe,RSO1.2,RSO1.2,ERDF,European Regional Development Fund,2021SI16FFPR001,EU Cohesion Policy - SI -  ERDF/CF/ESF+/JTF,,,,,Western Slovenia|Eastern Slovenia,,,SI04|SI03,,2021-2027,"The programme Basics Digital - PRACTICAL DIGITAL WRITING FOR EVERYONE focuses on the acquisition of basic digital competences of participants. The latter will learn about the importance of digital literacy for everyday life and learn about the DigComp 2.2 framework. The programme covers six key areas, including information and data literacy, communication and cooperation, content creation, digital security, problem solving and additional skills. Through the course, participants will learn basic digital data management skills, communicate through digital tools, create simple digital content, and ensure basic online security. The programme includes a target group of different digital services that participants will learn about at work. The Advanced Digital – Advanced Digital Competences programme aims to develop high and semi-medium levels of digital competence. It consists of five main competence groups, which include information and data literacy, communication and collaboration, digital content creation, security and problem-solving. Each group offers specific goals and skills, such as advanced data search and filtering techniques, the use of business communication tools, the creation of complex digital content, and the protection of devices and digital content. The programme also includes services and data sources such as the European Data Portal, SiStat, the EU Business Register, and communication tools such as Zoom, Miro and Slack. Through the programme, evaluation is carried out and feedback is obtained for continuous improvement of competences.","Program Osnove Digitalno - PRAKTIČNA DIGITALNA PISMENOST ZA VSAKEGA je osredotočen na pridobivanje osnovnih digitalnih kompetenc udeležencev. Slednji bodo spoznali pomen digitalne pismenosti za vsakdanje življenje in se seznanili z okvirjem DigComp 2.2. Program pokriva šest ključnih področij, vključno z informacijsko in podatkovno pismenostjo, komunikacijo in sodelovanjem, ustvarjanjem vsebin, digitalno varnostjo ter reševanjem težav in dodatnimi znanji. Skozi tečaj se bodo udeleženci naučili osnovnih veščin upravljanja z digitalnimi podatki, komunicirati prek digitalnih orodij, ustvarjati preproste digitalne vsebine ter zagotavljati osnovno varnosti na spletu. Program vključuje ciljno skupino različnih digitalnih storitev, ki jih bodo udeleženci spoznali pri delu. Program Napredno Digitalno – Napredne digitalne kompetence je namenjen razvoju visokih in delno srednjih ravni digitalnih kompetenc. Sestavljen je iz petih glavnih skupin kompetenc, ki vključujejo informacijsko in podatkovno pismenost, komunikacijo in sodelovanje, ustvarjanje digitalnih vsebin, varnost ter reševanje problemov. Vsaka skupina ponuja specifične cilje in veščine, kot so napredne tehnike iskanja in filtriranja podatkov, uporaba poslovnih komunikacijskih orodij, ustvarjanje kompleksnih digitalnih vsebin in zaščita naprav ter digitalnih vsebin. Program vključuje tudi storitve in vire podatkov, kot so European Data Portal, SiStat, EU Business Register, ter orodja za komunikacijo, kot so Zoom, Miro in Slack. Skozi program se izvaja evalvacija in pridobiva povratna informacija za stalno izboljšanje kompetenc.",,,,,SI
https://linkedopendata.eu/entity/Q7501656,2021SI16FFPR001_OP27.00497,Improving the quality and accessibility of green urban infrastructure in the area of SRC Bonifika,Izboljšanje kakovosti in dostopnosti zelene mestne infrastrukture na območju ŠRC Bonifika,Slovenia,30/11/2023,31/07/2025,40.0,799702.75,EUR,319881.1,https://linkedopendata.eu/entity/Q3279077,"45.50973901972,13.838311218974",079,"Nature and biodiversity protection, natural heritage and resources, green and blue infrastructure",,,PO02,"Greener, carbon-free Europe",RSO2.7,RSO2.7,ERDF,European Regional Development Fund,2021SI16FFPR001,EU Cohesion Policy - SI -  ERDF/CF/ESF+/JTF,,SI_050,Koper/Capodistria,,,Obalno-kraška,,,SI044,2021-2027,"The purpose of this investment is to provide accessible and attractive green urban infrastructure, taking into account the principle of using nature-based solutions. The investment is intended for all residents of the area and other potential users (residents from other places, tourists). With the implementation of the investment project, the municipality will enable infrastructural conditions for the implementation of additional/new outdoor sports activities. This will contribute to a more active and healthy lifestyle of the population and improve the quality of life of the local population. The planned contents of the project will have a public interest character in the field of sustainable urban development with a positive impact on the wider social, social and also economic environment. The project will establish the appropriate infrastructure for the implementation of outdoor sports activities, which will enable a more friendly stay and further sustainable development of the society, the town and, consequently, the municipality and the region. The green infrastructure of the city will be a space for urban life, a space for socializing, relaxation and recreation, which will positively contribute to the promotion of social interaction, intergenerational and intercultural integration for better social inclusion. Green urban areas as a central vehicle of sports and recreation infrastructure will be important for the promotion of a healthy active style, active leisure time for all residents of the urban area of Koper and visitors. In this respect, they are also very important as one of the pillars of Koper's development as a year-round, active, green, sports and tourist destination. The investment means quality and content enrichment and replenishment of the city center, the nearby residential and tourist areas and the wider region, which will allow the population an abundance of versatile active physical recreation and, consequently, help to increase active work readiness in the lifelong work process. Improved green infrastructure in the city will be publicly available and will follow the principles of nature-based solutions. Use of pumtrack will be free of charge.","Namen predmetne investicije je zagotoviti dostopno in privlačno zeleno urbano infrastrukturo z upoštevanjem načela uporabe na naravi temelječih rešitev. Investicija je namenjena vsem prebivalcem območja in ostalim potencialnim uporabnikom (prebivalci iz drugih krajev, turisti). Z izvedbo investicijskega projekta bo občina omogočila infrastrukturne pogoje za izvajanje dodatnih/novih športnih aktivnosti na prostem. Navedeno bo pripomoglo k bolj aktivnemu in zdravemu življenjskemu slogu prebivalstva ter izboljšanju kvalitete življenja lokalnega prebivalstva. Načrtovane vsebine v okviru projekta bodo imele značaj javnega interesa na področju trajnostnega urbanega razvoja s pozitivnim učinkom na širše socialno, družbeno in tudi gospodarsko okolje. S projektom bo vzpostavljena ustrezna infrastruktura za izvajanje športnih aktivnosti na prostem, ki bo omogočila prijaznejše bivanje ter nadaljnji trajnostni razvoj družbe, kraja ter posledično občine in regije. Zelena infrastruktura mesta bo prostor urbanega življenja, prostor za druženje, sprostitev in rekreacijo, kar bo ugodno prispevalo k spodbujanju socialne interakcije, medgeneracijskega in medkulturnega povezovanja za boljšo družbeno vključenost. Zelene mestne površine kot osrednji nosilec športno-rekreacijske infrastrukture bodo pomembne za spodbujanje zdravega aktivnega sloga, aktivno preživljanje prostega časa za vse prebivalce urbanega območja Koper in obiskovalce. V tem pogledu pa so zelo pomembne tudi kot eden izmed stebrov razvoja Kopra kot celoletne, aktivne, zelene, športne in turistične destinacije. Investicija pomeni kakovostno in vsebinsko popestritev ter dopolnitev mestnemu središču, bližnjim stanovanjskim in turističnim območjem ter širši regiji, kar bo prebivalstvu omogočilo obilo vsestranske aktivne fizične rekreacije in posledično pripomoglo k večji aktivni delovni pripravljenosti v vseživljenjskem delovnem procesu. Izboljšana zelena infrastruktura v mestu bo javno dostopna in bo sledila načelom na naravi temelječih rešitev. Uporaba pumtracka bo brezplačna.",,,,,SI
https://linkedopendata.eu/entity/Q7501471,2021SI16FFPR001_OP27.00285,DIGI-Movement: Digital empowerment of adults,DIGI-Premik: Digitalno opolnomočenje odraslih,Slovenia,23/02/2024,31/10/2025,40.0,307850.0,EUR,123140.0,https://linkedopendata.eu/entity/Q7501107,"46.1,14.15",018,IT services and applications for digital skills and digital inclusion,,,PO01,Smarter Europe,RSO1.2,RSO1.2,ERDF,European Regional Development Fund,2021SI16FFPR001,EU Cohesion Policy - SI -  ERDF/CF/ESF+/JTF,,,,,Western Slovenia,,,SI04,,2021-2027,"The DIGI-Moving project has developed 12 innovative training programmes that comprehensively address the digital empowerment of adults. Each program is carefully designed to cover all 5 key areas of digital competence according to DigComp 2.2, as well as all 21 key digital competences according to DigComp 2.2. Each of the basic programmes covers all 21 competencies at the basic level, and each of the advanced ones covers all 21 competencies at the advanced level. Furthermore, the programmes also provide practical knowledge by including a total of 24 digital services (more specifically, the digital services included in the individual programmes are shown in Chapter M2).","V okviru projekta DIGI-Premik je razvitih 12 inovativnih programov usposabljanja, ki celovito naslavljajo digitalno opolnomočenje odraslih. Vsak program je skrbno zasnovan, tako da pokriva vseh 5 ključnih področij digitalnih kompetenc po DigComp 2.2 ter prav tako vseh 21 ključnih digitalnih kompetenc po okvirju DigComp 2.2. Vsak od osnovnih programov pokriva vseh 21 kompetenc na osnovni ravni, vsak od naprednih pa vseh 21 kompetenc na napredni ravni. Nadalje programi zagotavljajo tudi praktično znanje, tako da vključujejo skupno kar 24 digitalnih storitev (podrobneje so digitalne storitve, ki so vključene v posamezne programe prikazane v poglavju M2).",,,,,SI
https://linkedopendata.eu/entity/Q7501268,2021SI16FFPR001_OP27.00084,"With youth work against youth precariousness - pilot project - Association EPEKA, so.p.","Z mladinskim delom proti prekarnosti mladih - pilotni projekt - Združenje EPEKA, so.p.",Slovenia,01/06/2024,31/12/2026,85.0,87060.4,EUR,74001.34,https://linkedopendata.eu/entity/Q3279254,"46.563226869974,15.627324811128",136,Specific support for youth employment and socio-economic integration of young people,,,PO04,Social Europe,ESO4.1,ESO4.1,ESF+,European Social Fund Plus,2021SI16FFPR001,EU Cohesion Policy - SI -  ERDF/CF/ESF+/JTF,,SI_070,Maribor,,,Podravska,,,SI032,2021-2027,"With youth work against youth precariousness - pilot project - Association EPEKA, so.p.","Z mladinskim delom proti prekarnosti mladih - pilotni projekt - Združenje EPEKA, so.p.",,,,,SI
https://linkedopendata.eu/entity/Q7501312,2021SI16FFPR001_OP27.00125,Entrepreneurship over the challenges of the Ljubljana Urban Region,Podjetno nad izzive Ljubljanske urbane regije,Slovenia,01/12/2023,15/11/2028,40.0,1538272.0,EUR,615308.8,https://linkedopendata.eu/entity/Q3279623,"46.05,14.516666666667",025,"Incubation, support to spin offs and spin outs and start ups",,,PO01,Smarter Europe,RSO1.3,RSO1.3,ERDF,European Regional Development Fund,2021SI16FFPR001,EU Cohesion Policy - SI -  ERDF/CF/ESF+/JTF,,,,,,Osrednjeslovenska,,,SI041,2021-2027,"Operation PONI LUR is part of the comprehensive PONI project, which is carried out throughout Slovenia. The purpose of the PONI LUR operation is the entrepreneurial training of people who want to realize an entrepreneurial idea, thereby promoting entrepreneurship in the Central Slovenia region. It is a 4-month entrepreneurial training programme for people who want to realize an entrepreneurial idea and turn it into commercially interesting products or services with the help of mentors and content trainings and counselling. The content of the training programme is structured in such a way that within 4 months of inclusion, participants receive key knowledge in the field of entrepreneurship, which they need when entering an independent entrepreneurial path. The training program of the participant takes everything from the development of a business idea, to the creation of a business model and a business plan. At the same time, he is fully acquainted with all important areas in entrepreneurship. The project enables participants to use physical infrastructure (premises, equipment) according to the principle of co-working (joint division of office and equipment). By encouraging the formation of entrepreneurial teams, participants will also gain new knowledge, new acquaintances and business opportunities, as well as transfer experiences and examples of good practices.","Operacija PONI LUR je del celovitega projekta PONI, ki se izvaja na območju celotne Slovenije. Namen operacije PONI LUR je podjetniško usposabljanje oseb, ki želijo realizirati podjetniško idejo, s tem pa spodbujanje podjetništva v Osrednjeslovenskii regiji. Gre za program 4 mesečnega podjetniškega usposabljanja oseb, ki želijo realizirati podjetniško idejo in jo ob pomoči mentorjev in vsebinskih usposabljanj ter svetovanj spremeniti v tržno zanimive produkte oziroma storitve. Program usposabljanja je vsebinsko sestavljen tako, da v 4 mesecih vključitve udeleženci prejmejo ključna znanja s področja podjetništva, ki jih ob vstopu na samostojno podjetniško pot potrebujejo. Program usposabljanja udeleženca pelje vse od razvoja poslovne ideje, do izdelave poslovnega modela in poslovnega načrta. Hkrati ga celostno seznani z vsemi pomembnimi področji v podjetništvu. Udeležencem projekt omogoča uporabo fizične infrastrukture (prostori, oprema) in sicer po principu co-workinga (skupne delitve pisarne in opreme). S spodbujanjem oblikovanja podjetniških ekip bodo udeleženci prišli tudi do novih znanj, novih poznanstev in poslovnih priložnosti ter prenašali izkušnje in primere dobrih praks.",,,,,SI
https://linkedopendata.eu/entity/Q7501404,2021SI16FFPR001_OP27.00218,Municipal Integrated Transport Strategy of the Municipality of Vodice,Občinska celostna prometna strategija občine Vodice,Slovenia,01/01/2023,31/12/2025,85.0,28000.0,EUR,23800.0,https://linkedopendata.eu/entity/Q3280184,"46.170877315019,14.493267511006",109,Multimodal transport (not urban),,,PO03,Connected Europe,RSO3.2,RSO3.2,CF,Cohesion Fund,2021SI16FFPR001,EU Cohesion Policy - SI -  ERDF/CF/ESF+/JTF,,SI_138,Vodice,,,Osrednjeslovenska,,,SI041,2021-2027,Municipal Integrated Transport Strategy of the Municipality of Vodice,Občinska celostna prometna strategija občine Vodice,,,,,SI
https://linkedopendata.eu/entity/Q7501276,2021SI16FFPR001_OP27.00094,Youth work against youth precariousness - pilot project - Celje Youth Centre,Z mladinskim delom proti prekarnosti mladih - pilotni projekt - Celjski mladinski center,Slovenia,01/06/2024,31/12/2026,85.0,87060.4,EUR,74001.34,https://linkedopendata.eu/entity/Q7501089,"46.248365487681,15.266115481207",136,Specific support for youth employment and socio-economic integration of young people,,,PO04,Social Europe,ESO4.1,ESO4.1,ESF+,European Social Fund Plus,2021SI16FFPR001,EU Cohesion Policy - SI -  ERDF/CF/ESF+/JTF,,SI_011,Celje,,,Savinjska,,,SI034,2021-2027,Youth work against youth precariousness - pilot project - Celje Youth Centre,Z mladinskim delom proti prekarnosti mladih - pilotni projekt - Celjski mladinski center,,,,,SI
https://linkedopendata.eu/entity/Q7501520,2021SI16FFPR001_OP27.00334,3Skits - innovative digital drawing of listrations with the help of artificial intelligence.,3Skice - inovativno digitalno risanje liustracij s pomočjo umetne inteligence.,Slovenia,29/03/2024,31/03/2026,40.0,72000.0,EUR,28800.0,https://linkedopendata.eu/entity/Q7501124,"46.054328329124,14.562956200712",025,"Incubation, support to spin offs and spin outs and start ups",,,PO01,Smarter Europe,RSO1.3,RSO1.3,ERDF,European Regional Development Fund,2021SI16FFPR001,EU Cohesion Policy - SI -  ERDF/CF/ESF+/JTF,,SI_061,Ljubljana,,,Osrednjeslovenska,,,SI041,2021-2027,"3Skice – a project that will allow users, illustrators, to draw consistent and time-optimised illustrations using the latest AI technology algorithms.","3Skice – gre za projekt, ki bo uporabnikom, ilustratorjem omogočal risanje konsistentnih in časovno optimiziranih ilustracij s pomočjo algoritmov najnovejše AI tehnologije.",,,,,SI
https://linkedopendata.eu/entity/Q7501557,2021SI16FFPR001_OP27.00373,SOCIAL ACTIVATION IN BUSINESS 2024-2027,SOCIALNA AKTIVACIJA V POSAVJU 2024-2027,Slovenia,01/09/2024,31/08/2027,85.0,1199992.5,EUR,1019993.62,https://linkedopendata.eu/entity/Q3280977,"46.08333333,15.45",153,Pathways to integration and re-entry into employment for disadvantaged people,,,PO04,Social Europe,ESO4.8,ESO4.8,ESF+,European Social Fund Plus,2021SI16FFPR001,EU Cohesion Policy - SI -  ERDF/CF/ESF+/JTF,,,,,Eastern Slovenia,,,SI03,,2021-2027,"The operation will implement social activation+ programmes, which through their integrated approach will contribute to improving the social inclusion of people from the target group and to increasing their employment opportunities.","V okviru operacije se bodo izvajali programi socialne aktivacije+, ki bodo s svojim celostnim pristopom prispevali k izboljšanju socialne vključenosti oseb iz ciljne skupine in k povečanju njihovih zaposlitvenih možnosti.",,,,,SI
https://linkedopendata.eu/entity/Q7501278,2021SI16FFPR001_OP27.00086,Youth work against youth precariousness - pilot project - Hostelling International Slovenia,Z mladinskim delom proti prekarnosti mladih - pilotni projekt - Popotniško združenje Slovenije,Slovenia,01/06/2024,31/12/2026,85.0,87060.4,EUR,74001.34,https://linkedopendata.eu/entity/Q7501077,"46.563226869974,15.627324811128",136,Specific support for youth employment and socio-economic integration of young people,,,PO04,Social Europe,ESO4.1,ESO4.1,ESF+,European Social Fund Plus,2021SI16FFPR001,EU Cohesion Policy - SI -  ERDF/CF/ESF+/JTF,,SI_070,Maribor,,,Podravska,,,SI032,2021-2027,Youth work against youth precariousness - pilot project - Hostelling International Slovenia,Z mladinskim delom proti prekarnosti mladih - pilotni projekt - Popotniško združenje Slovenije,,,,,SI
https://linkedopendata.eu/entity/Q7501235,2021SI16FFPR001_OP27.00045,SPOT Consulting Savinjska 2023 -2025,SPOT svetovanje Savinjska 2023 -2025,Slovenia,01/11/2023,31/12/2025,85.0,908634.9,EUR,772339.67,https://linkedopendata.eu/entity/Q3279146,"46.25,15.16666667",024,"Advanced support services for SMEs and groups of SMEs (including management, marketing and design services)",,,PO01,Smarter Europe,RSO1.3,RSO1.3,ERDF,European Regional Development Fund,2021SI16FFPR001,EU Cohesion Policy - SI -  ERDF/CF/ESF+/JTF,,,,,,Savinjska,,,SI034,2021-2027,SPOT Consulting Savinjska 2023 -2025,SPOT svetovanje Savinjska 2023 -2025,,,,,SI
https://linkedopendata.eu/entity/Q7501486,2021SI16FFPR001_OP27.00300,Multigenerational centre Zasavje +,Večgeneracijski center Zasavje +,Slovenia,01/08/2024,30/09/2029,85.0,1505750.4,EUR,1279887.84,https://linkedopendata.eu/entity/Q3279113,"46.141373811358,15.050124297361",163,"Promoting social integration of people at risk of poverty or social exclusion, including the most deprived and children",,,PO04,Social Europe,ESO4.12,ESO4.12,ESF+,European Social Fund Plus,2021SI16FFPR001,EU Cohesion Policy - SI -  ERDF/CF/ESF+/JTF,,SI_129,Trbovlje,,,Zasavska,,,SI035,2021-2027,"The project offers various preventive content and activities aimed primarily at families, individual family members, the elderly and other vulnerable groups. Multigenerational Centre+ (VGC+) is a central gathering place in the local environment, dedicated to socializing, maintaining or expanding the social network and empowering vulnerable groups. It is a preventive project involving educational, intercultural, intergenerational and other activities.","Projekt ponuja različne preventivne vsebine in aktivnosti, namenjene predvsem družinam, posameznim družinskim članom, starejšim in drugim ranljivim skupinam. Večgeneracijski center+ (VGC+) predstavlja osrednji prostor zbiranja v lokalnem okolju, namenjen druženju, ohranjanju oziroma širjenju socialne mreže ter opolnomočenju ranljivih skupin. Gre za preventivni projekt, ki vključuje izobraževalne, medkulturne, medgeneracijske in druge dejavnosti.",,,,,SI
https://linkedopendata.eu/entity/Q7501374,2021SI16FFPR001_OP27.00187,Production of OCPS of the Municipality of Mislinja,Izdelava OCPS občine Mislinja,Slovenia,01/01/2023,31/12/2025,85.0,28000.0,EUR,23800.0,https://linkedopendata.eu/entity/Q7501097,"46.447029542299,15.219950447666",109,Multimodal transport (not urban),,,PO03,Connected Europe,RSO3.2,RSO3.2,CF,Cohesion Fund,2021SI16FFPR001,EU Cohesion Policy - SI -  ERDF/CF/ESF+/JTF,,SI_076,Mislinja,,,Koroška,,,SI033,2021-2027,Production of OCPS of the Municipality of Mislinja,Izdelava OCPS občine Mislinja,,,,,SI
https://linkedopendata.eu/entity/Q7501325,2021SI16FFPR001_OP27.00140,"Provision of training for persons serving a custodial sentence for obtaining secondary education and qualifications, retraining and further vocational training, and implementation of national vocational qualifications and special programmes","Izvajanje izobraževanj za osebe na prestajanju zaporne kazni za pridobitev srednješolske izobrazbe in kvalifikacij, prekvalifikacije in nadaljnjo poklicno usposabljanje ter izvajanje programov nacionalnih poklicnih kvalifikacij in specialnih programov",Slovenia,28/03/2024,30/11/2029,71.44,2000000.0,EUR,1428830.0,https://linkedopendata.eu/entity/Q3279791,"46.1,14.15|46.08333333,15.45",151,Support for adult education (excluding infrastructure),,,PO04,Social Europe,ESO4.8,ESO4.8,ESF+,European Social Fund Plus,2021SI16FFPR001,EU Cohesion Policy - SI -  ERDF/CF/ESF+/JTF,,,,,Western Slovenia|Eastern Slovenia,,,SI04|SI03,,2021-2027,"Incarcerated persons will be able to obtain formal education for different levels of school education, namely: obtaining professional and vocational education at the level of lower (lower vocational school), secondary vocational (secondary vocational school), secondary (secondary technical and other secondary vocational schools) and also higher education (higher vocational school). The measure will be implemented as a whole for all locations of prisons by organising and carrying out training for specific professions within individual prisons by a selected external verified contractor). In order to ensure equal opportunities for access to educational programmes, separate units of institutions (not only central units) will also be included, depending on compliance with spatial and security needs. Plans will be made with imprisoned persons at the beginning of the implementation, according to wishes and interests, in order to ensure, as far as possible, that the individuality of the individual is taken into account, for their self-realization and successful reintegration into society after serving the sentence.","Zaprtim osebam se bo omogočilo pridobitev formalne izobrazbo za različne stopnje šolske izobrazbe in sicer: pridobitev strokovne in poklicne izobrazbe na ravni nižjega (nižja poklicna šola), srednjega poklicnega (srednja poklicna šola), srednjega (srednja tehniška in druge srednje strokovne šole) in tudi višjega izobraževanja (višja strokovna šola). Ukrep se bo izvajal kot celota za vse lokacije zavodov za prestajanje kazni zapora tako, da bo izbrani zunanji verificirani izvajalec organiziral in izvedel v okviru posameznih zavodov za prestajanje kazni zapora usposabljanje za posamezne poklice). Za zagotavljanje enakih možnosti za dostop do izobraževalnih programov bodo vključene tudi dislocirane enote zavodov (ne samo centralne enote), glede na skladnosti s prostorskimi in varnostnimi potrebami. Z zaprtimi osebami bodo narejeni načrti v začetku izvajanja, glede na želje in interese, da bi se v čim večji meri zagotovilo upoštevanje individualnosti posameznika, za njihovo samorealizacijo in uspešno ponovno vključitev v družbo po prestani kazni.",,,,,SI
https://linkedopendata.eu/entity/Q7501672,2021SI16FFPR001_OP27.00531,Smart power management,Smart power management,Slovenia,13/03/2025,31/03/2027,85.0,72000.0,EUR,61200.0,https://linkedopendata.eu/entity/Q7501158,"46.491227478831,15.626763392331",025,"Incubation, support to spin offs and spin outs and start ups",,,PO01,Smarter Europe,RSO1.3,RSO1.3,ERDF,European Regional Development Fund,2021SI16FFPR001,EU Cohesion Policy - SI -  ERDF/CF/ESF+/JTF,,SI_160,Hoče - Slivnica,,,Podravska,,,SI032,2021-2027,"The operation includes the development, manufacture and sale of a system for the control and management of household electricity consumption, with the aim of reducing monthly electricity costs. The system includes a central metering unit that measures consumption in the main electrical cabinet and is connected to the RAIN mesh network, and sends data to the server that is displayed to the user in the mobile application, as well as smart relay modules that are installed behind existing sockets or switches and measure consumption, allow on/off and are wirelessly connected to the RAIN mesh, which allows communication with the main metering unit and the server.","Operacija vključuje razvoj, izdelavo in prodajo sistema za nadzor in upravljanje porabe električne energije v gospodinjstvih, z namenom znižanja mesečnih stroškov električne energije. Sistem vključuje centralno merilno enoto, ki meri porabo v glavni električni omarici in je povezana v omrežje RAIN mesh ter na strežnik pošilja podatke, ki se uporabniku prikazujejo v mobilni aplikaciji ter pametne relejne module, ki so nameščeni za obstoječimi vtičnicami ali stikali in merijo porabo, omogočajo vklop/ izklop ter so brezžično povezani v RAIN mesh, kar omogoča komunikacijo z glavno merilno enoto in strežnikom.",,,,,SI
https://linkedopendata.eu/entity/Q7501233,2021SI16FFPR001_OP27.00043,SPOT Consulting Zasavje 2023 -2025,SPOT svetovanje Zasavje 2023 -2025,Slovenia,01/11/2023,31/12/2025,85.0,247442.0,EUR,210325.7,https://linkedopendata.eu/entity/Q3279653,"46.15,14.96666667",024,"Advanced support services for SMEs and groups of SMEs (including management, marketing and design services)",,,PO01,Smarter Europe,RSO1.3,RSO1.3,ERDF,European Regional Development Fund,2021SI16FFPR001,EU Cohesion Policy - SI -  ERDF/CF/ESF+/JTF,,,,,,Zasavska,,,SI035,2021-2027,SPOT Consulting Zasavje 2023 -2025,SPOT svetovanje Zasavje 2023 -2025,,,,,SI
https://linkedopendata.eu/entity/Q7501459,2021SI16FFPR001_OP27.00273,"Production of the OCPS of the municipalities of Cerknica, Postojna, Pivka, Loška dolina and Bloke","Izdelava OCPS občin Cerknica, Postojna, Pivka, Loška dolina in Bloke",Slovenia,01/01/2023,31/12/2025,85.0,179000.0,EUR,152150.0,https://linkedopendata.eu/entity/Q3279060,"45.805152965247,14.377992988336",109,Multimodal transport (not urban),,,PO03,Connected Europe,RSO3.2,RSO3.2,CF,Cohesion Fund,2021SI16FFPR001,EU Cohesion Policy - SI -  ERDF/CF/ESF+/JTF,,SI_013,Cerknica,,,Primorsko-notranjska,,,SI038,2021-2027,"Production of the OCPS of the municipalities of Cerknica, Postojna, Pivka, Loška dolina and Bloke","Izdelava OCPS občin Cerknica, Postojna, Pivka, Loška dolina in Bloke",,,,,SI
https://linkedopendata.eu/entity/Q7501467,2021SI16FFPR001_OP27.00281,DigiMigi 2.0: Let's get to know the digital world,DigiMigi 2.0: Spoznajmo digitalni svet,Slovenia,23/02/2024,31/10/2025,49.0,552250.0,EUR,270602.5,https://linkedopendata.eu/entity/Q7501108,"46.1,14.15|46.08333333,15.45",018,IT services and applications for digital skills and digital inclusion,,,PO01,Smarter Europe,RSO1.2,RSO1.2,ERDF,European Regional Development Fund,2021SI16FFPR001,EU Cohesion Policy - SI -  ERDF/CF/ESF+/JTF,,,,,Western Slovenia|Eastern Slovenia,,,SI04|SI03,,2021-2027,"Operation DigiMigi 2.0: Let's get to know the digital world is conceptually and organisationally designed in such a way that the set tender objectives and the goals of the operator of the operation will be achieved. The educational programme is prepared in accordance with DigiComp 2.2 guidelines. The programme includes all five (5) fields of DIGITAL COMPETENC, namely (I.) Information and data literacy, (II.) Communication and cooperation, (III.) Digital content creation, (IV.) Security and (V.) Problem solving.","Operacija DigiMigi 2.0: spoznajmo digitalni svet je vsebinsko in organizacijsko zasnovana na način, da bodo doseženi zastavljeni razpisni cilji in cilji izvajalca operacije. Izobraževalni program je pripravljen skladno s smernicami DigiComp 2.2. Program vključuje vseh pet (5) PODROČIJ DIGITALNIH KOMPETENC, in sicer (I.) Informacijska in podatkovna pismenost, (II.) Komuniciranje in sodelovanje, (III.) Ustvarjanje digitalnih vsebin, (IV.) Varnost in (V.) Reševanje problemov.",,,,,SI
https://linkedopendata.eu/entity/Q7501709,2021SI16FFPR001_OP27.00568,Call for proposals for the co-financing of projects Transition of young people +,Javni razpis za sofinanciranje projektov Prehod mladih +,Slovenia,01/05/2025,30/09/2029,85.0,173436.0,EUR,147420.6,https://linkedopendata.eu/entity/Q3280799,"46.282493551425,14.912680068067",153,Pathways to integration and re-entry into employment for disadvantaged people,,,PO04,Social Europe,ESO4.8,ESO4.8,ESF+,European Social Fund Plus,2021SI16FFPR001,EU Cohesion Policy - SI -  ERDF/CF/ESF+/JTF,,SI_083,Nazarje,,,Savinjska,,,SI034,2021-2027,"The purpose of the public call is to increase the employment of young people with special needs through various forms of assistance through preventive measures, systematic professional work with young people with special needs, the preparation of a proposal for updated standards and norms of employment rehabilitation for young people, and an awareness-raising campaign, thus contributing to greater social inclusion of young people with special needs and equalization of opportunities.","Namen javnega razpisa je s preventivnim ukrepanjem, s sistematičnim strokovnim delom z mladimi s posebnimi potrebami, pripravo predloga dopolnjenih standardov in normativov zaposlitvene rehabilitacije za mlade ter kampanjo ozaveščanja povečati zaposlovanje mladih s posebnimi potrebami preko različnih oblik pomoči ter tako vplivati na večjo socialno vključenost mladih s posebnimi potrebami in izenačevanje možnosti.",,,,,SI
https://linkedopendata.eu/entity/Q7501436,2021SI16FFPR001_OP27.00250,Production of OCPS of the Municipality of Ravne na Koroškem,Izdelava OCPS občine Ravne na Koroškem,Slovenia,01/01/2023,31/12/2025,85.0,40000.0,EUR,34000.0,https://linkedopendata.eu/entity/Q3279065,"46.545608672928,14.96129317732",109,Multimodal transport (not urban),,,PO03,Connected Europe,RSO3.2,RSO3.2,CF,Cohesion Fund,2021SI16FFPR001,EU Cohesion Policy - SI -  ERDF/CF/ESF+/JTF,,SI_103,Ravne na Koroškem,,,Koroška,,,SI033,2021-2027,Production of OCPS of the Municipality of Ravne na Koroškem,Izdelava OCPS občine Ravne na Koroškem,,,,,SI
https://linkedopendata.eu/entity/Q7501616,2021SI16FFPR001_OP27.00441,Strengthening STEM students' proactive competences to drive sustainable innovation in the work environment,Krepitev proaktivnih kompetenc STEM študentov za zagon trajnostnih inovacij v delovnem okolju,Slovenia,01/01/2025,31/05/2025,40.0,44700.0,EUR,17880.0,https://linkedopendata.eu/entity/Q3279618,"46.1,14.15",150,Support for tertiary education (excluding infrastructure),,,PO04,Social Europe,ESO4.5,ESO4.5,ESF+,European Social Fund Plus,2021SI16FFPR001,EU Cohesion Policy - SI -  ERDF/CF/ESF+/JTF,,,,,Western Slovenia,,,SI04,,2021-2027,"The operation will enable the acquisition of practical experience, knowledge and competences of students in the work environment during their studies, encourage the strengthening of cooperation and integration and transfer of knowledge between the higher education system and the work environment (the economy and the non-economy and non-profit sector in the local and regional environment). In this way, young people will be able to develop their skills in the realization of ideas, the development of entrepreneurship, innovation, creative and critical thinking, creativity, etc. for greater employability and easier transition into the working environment after the completion of their studies. The call also addresses other challenges of higher education, such as the systemic introduction of knowledge transfer between higher education institutions and the working environment, greater flexibility and adaptation of study programmes to the needs of the labour market, and the establishment of long-term cooperation between higher education institutions and the working environment.","V okviru operacije bo omogočeno pridobivanje praktičnih izkušenj, znanj in kompetenc študentov v delovnem okolju v času študija, spodbujanje krepitve sodelovanja in povezovanja ter prenosa znanja med visokošolskim sistemom in med delovnim okoljem (gospodarstvo ter negospodarstvo in neprofitni sektor v lokalnem in regionalnem okolju). Na ta način se bo mladim omogočalo razvoj znanj in spretnosti pri uresničevanju idej, razvoj podjetnosti, inovativnosti, kreativnega in kritičnega razmišljanja, ustvarjalnosti ipd. za večjo zaposljivost in lažji prehod v delovno okolje po zaključku študija. Z javnim razpisom se naslavlja tudi druge izzive visokega šolstva kot npr. sistemsko uvajanje prenosa znanja med visokošolskimi zavodi in delovnim okoljem, večja fleksibilnost in prilagajanje študijskih programov potrebam trga dela ter vzpostavitev dolgoročnega sodelovanja med visokošolskimi zavodi in delovnim okoljem.",,,,,SI
https://linkedopendata.eu/entity/Q7501661,2021SI16FFPR001_OP27.00502,Sustainable mobility in Velenje,Trajnostna mobilnost v Velenju,Slovenia,20/12/2023,30/11/2026,85.0,3994899.31,EUR,3395664.41,https://linkedopendata.eu/entity/Q3278920,"46.08333333,15.45",081,Clean urban transport infrastructure,,,PO02,"Greener, carbon-free Europe",RSO2.8,RSO2.8,ERDF,European Regional Development Fund,2021SI16FFPR001,EU Cohesion Policy - SI -  ERDF/CF/ESF+/JTF,,,,,Eastern Slovenia,,,SI03,,2021-2027,"MOV has approached the implementation of the investment project Sustainable Mobility in Velenje, which aims to improve sustainable mobility in the city by carrying out maintenance works on the existing pedestrian infrastructure, building additional public infrastructure for cyclists and installing a charging station for commercial electric vehicles. The specific objectives of the project are: - Measure 1: implementation of maintenance works on existing public pedestrian areas (Cankarjeva ulica), - Measure 2: construction of additional public cycling infrastructure as part of the system of renting public bicycles (the installation of 2 stations with one 10 places and one 6 parking spaces and the purchase of 5 electric and 5 classic bicycles), and - Measure 3: In order to promote the use of alternative vehicles, it is envisaged to install 1 charging station for electric vehicles, with a power of at least 150 kW (1 connection point). The above-mentioned objectives of the project ""Sustainable mobility in Velenje"" are consistent with the eligible purposes for the selection of operations under the ""European Cohesion Policy Programme 2021 - 2027"", policy objective 2 ""A greener, low-carbon Europe that is resilient and transitions towards a zero-carbon economy by promoting clean and fair energy transition, green and blue investment, the circular economy, climate change mitigation and adaptation, risk prevention and management, and sustainable urban mobility"", priority 4 ""Sustainable mobility"", specific objective RSO2.8 ""Promoting sustainable multimodal urban mobility in the context of the transition towards a net-zero carbon economy"". List of result and impact indicators and specific indicators at operation level, by ECEC: ? PEKP result and impact indicators: - Annual number of passengers using dedicated cycling infrastructure, RCR64: 68.907 - Alternative fuel infrastructure (refuelling/recharging points), RCO59: 1, ? operation-level specific indicators: - area of reconstructed pedestrian zones: 6.966 m2 - number of pedestrian zones reconstructed: 1 - number of new stations of the public bicycle rental system: 2 - number of new bicycle parking spaces: 16 - number of new bicycles in the public bicycle rental system: 5 - number of new electric bicycles in the public bicycle rental system: 5 - total charging power of the installed recharging points for electric vehicles: 150 kW - number of recharging points for electric vehicles: 1","MOV je pristopila k izvedbi investicijskega projekta Trajnostna mobilnost v Velenju, katerega namen je izboljšati trajnostno mobilnost v mestu z izvedbo vzdrževalnih del na obstoječi infrastrukturi za pešce, izgradnjo dodatne javne infrastrukture za kolesarje ter postavitev polnilne postaje za gospodarska električna vozila. Specifični cilji projekta so: - ukrep 1: izvedba vzdrževalnih del na obstoječih javnih površinah za pešce (Cankarjeva ulica), - ukrep 2: izgradnja dodatne javne kolesarske infrastrukture v okviru sistema izposoje javnih koles (postavitev 2 postaj, kjer bo na eni 10 mest in na eni 6 parkirnih mest ter nakup 5 električnih in 5 klasičnih koles) ter - ukrep 3: za spodbujanje uporabe alternativnih vozil je predvidena postavitev 1 polnilne postaje za električna vozila, z močjo najmanj 150 kW (1 priključno mesto). Predhodno navedeni cilji projekta »Trajnostna mobilnost v Velenju« so skladni z upravičenimi nameni za izbor operacij v okviru »Programa Evropske kohezijske politike za obdobje 2021 - 2027«, cilja politike 2 »Bolj zelena, nizkoogljična Evropa, ki je odporna in prehaja na gospodarstvo z ničelnim ogljičnim odtisom s spodbujanjem čistega in pravičnega energetskega prehoda, zelenih in modrih naložb, krožnega gospodarstva, blaženja podnebnih sprememb in prilagajanja nanje ter preprečevanja in obvladovanja tveganj ter trajnostne mestne mobilnosti«, prednostne naloge 4 »Trajnostna mobilnost«, specifičnega cilja RSO2.8 »Spodbujanje trajnostne večmodalne mestne mobilnosti v okviru prehoda na gospodarstvo z ničelno stopnjo neto emisij ogljika«. Seznam kazalnikov rezultata in učinka ter specifičnih kazalnikov na ravni operacije, glede na PEKP: ? kazalniki rezultata in učinka iz PEKP: - število potnikov na leto, ki uporabljajo namensko kolesarsko infrastrukturo, RCR64: 68.907 - infrastruktura za alternativno gorivo (oskrbovalna/polnilna mesta), RCO59: 1, ? specifični kazalniki na ravni operacije: - površina rekonstruiranih con za pešce: 6.966 m2 - število rekonstruiranih con za pešce: 1 - število novih postaj sistema izposoje javnih koles: 2 - število novih parkirnih mest za kolesa: 16 - število novih koles v sistemu izposoje javnih koles: 5 - število novih električnih koles v sistemu izposoje javnih koles: 5 - skupna moč polnjenja postavljenih polnilnih mest za električna vozila: 150 kW - število polnilnih mest za električna vozila: 1",,,,,SI
https://linkedopendata.eu/entity/Q7501669,2021SI16FFPR001_OP27.00529,Fluid Doctor – a smart device for cleaning cooling fluids in the metalworking industry,Fluid Doctor – pametna naprava za čiščenje hladilnih tekočin v industriji obdelave kovin,Slovenia,13/03/2025,31/03/2027,85.0,72000.0,EUR,61200.0,https://linkedopendata.eu/entity/Q7501156,"46.318240925031,15.308500673583",025,"Incubation, support to spin offs and spin outs and start ups",,,PO01,Smarter Europe,RSO1.3,RSO1.3,ERDF,European Regional Development Fund,2021SI16FFPR001,EU Cohesion Policy - SI -  ERDF/CF/ESF+/JTF,,SI_139,Vojnik,,,Savinjska,,,SI034,2021-2027,"The solution is the ""Fluid Doctor"", a smart device for cleaning cooling liquids. With a combination of UV-C sterilization, microfiltration and waste oil extraction, it extends the life of cooling fluids up to 6 times, while operating in a fully automated and chemical-free manner. It is an innovation that is the result of our own development and in the process of patent and design protection. The installation improves the consumption of raw materials, facilitates recycling and the sustainable use and protection of water resources.","Rešitev je »Fluid Doctor«, pametna naprava za čiščenje hladilnih tekočin. S kombinacijo UV-C sterilizacije, mikrofiltracije in izločanja odpadnega olja podaljša življenjsko dobo hladilnih tekočin do 6-krat, pri tem pa deluje popolnoma avtomatizirano in brez kemikalij. Gre za inovacijo, ki je plod lastnega razvoja ter v postopku zaščite patenta in modela. Z napravo se izboljša poraba surovin, omogoča se recikliranje ter trajnostna raba in varstvo vodnih virov.",,,,,SI
https://linkedopendata.eu/entity/Q7501706,2021SI16FFPR001_OP27.00565,Call for proposals for the co-financing of projects Transition of young people +,Javni razpis za sofinanciranje projektov Prehod mladih +,Slovenia,01/05/2025,30/09/2029,85.0,148404.0,EUR,126143.4,https://linkedopendata.eu/entity/Q3280801,"46.545608672928,14.96129317732",153,Pathways to integration and re-entry into employment for disadvantaged people,,,PO04,Social Europe,ESO4.8,ESO4.8,ESF+,European Social Fund Plus,2021SI16FFPR001,EU Cohesion Policy - SI -  ERDF/CF/ESF+/JTF,,SI_103,Ravne na Koroškem,,,Koroška,,,SI033,2021-2027,"The purpose of the public call is to increase the employment of young people with special needs through various forms of assistance through preventive measures, systematic professional work with young people with special needs, the preparation of a proposal for updated standards and norms of employment rehabilitation for young people, and an awareness-raising campaign, thus contributing to greater social inclusion of young people with special needs and equalization of opportunities.","Namen javnega razpisa je s preventivnim ukrepanjem, s sistematičnim strokovnim delom z mladimi s posebnimi potrebami, pripravo predloga dopolnjenih standardov in normativov zaposlitvene rehabilitacije za mlade ter kampanjo ozaveščanja povečati zaposlovanje mladih s posebnimi potrebami preko različnih oblik pomoči ter tako vplivati na večjo socialno vključenost mladih s posebnimi potrebami in izenačevanje možnosti.",,,,,SI
https://linkedopendata.eu/entity/Q7501277,2021SI16FFPR001_OP27.00087,Youth work against youth precariousness - pilot project - KMKC Kompleks,Z mladinskim delom proti prekarnosti mladih - pilotni projekt - KMKC Kompleks,Slovenia,01/06/2024,31/12/2026,85.0,87060.4,EUR,74001.34,https://linkedopendata.eu/entity/Q3279687,"46.545608672928,14.96129317732",136,Specific support for youth employment and socio-economic integration of young people,,,PO04,Social Europe,ESO4.1,ESO4.1,ESF+,European Social Fund Plus,2021SI16FFPR001,EU Cohesion Policy - SI -  ERDF/CF/ESF+/JTF,,SI_103,Ravne na Koroškem,,,Koroška,,,SI033,2021-2027,Youth work against youth precariousness - pilot project - KMKC Kompleks,Z mladinskim delom proti prekarnosti mladih - pilotni projekt - KMKC Kompleks,,,,,SI
https://linkedopendata.eu/entity/Q7501217,2021SI16FFPR001_OP27.00025,Basic competences in Posavje 2023 - 2029,Temeljne kompetence v Posavju 2023 - 2029,Slovenia,13/10/2023,30/06/2029,85.0,1378360.16,EUR,1171606.14,https://linkedopendata.eu/entity/Q3279106,"45.95594422882,15.462787913977",151,Support for adult education (excluding infrastructure),,,PO04,Social Europe,ESO4.7,ESO4.7,ESF+,European Social Fund Plus,2021SI16FFPR001,EU Cohesion Policy - SI -  ERDF/CF/ESF+/JTF,,SI_054,Krško,,,Posavska,,,SI036,2021-2027,Basic competences in Posavje 2023 - 2029,Temeljne kompetence v Posavju 2023 - 2029,,,,,SI
https://linkedopendata.eu/entity/Q7501349,2021SI16FFPR001_OP27.00162,Production of the OCPS of the municipality of Rogaška Slatina,Izdelava OCPS občine Rogaška Slatina,Slovenia,01/01/2023,31/12/2025,85.0,40000.0,EUR,34000.0,https://linkedopendata.eu/entity/Q3279063,"46.247639056861,15.628639045826",109,Multimodal transport (not urban),,,PO03,Connected Europe,RSO3.2,RSO3.2,CF,Cohesion Fund,2021SI16FFPR001,EU Cohesion Policy - SI -  ERDF/CF/ESF+/JTF,,SI_106,Rogaška Slatina,,,Savinjska,,,SI034,2021-2027,Production of the OCPS of the municipality of Rogaška Slatina,Izdelava OCPS občine Rogaška Slatina,,,,,SI
https://linkedopendata.eu/entity/Q7501594,2021SI16FFPR001_OP27.00412,Management for the LAG Barje with hinterland in the period 2021-2027,Upravljanje za LAS Barje z zaledjem v obdobju 2021-2027,Slovenia,01/01/2024,30/09/2029,40.0,210990.72,EUR,84396.29,https://linkedopendata.eu/entity/Q3279392,"46.05,14.516666666667",169,"Territorial development initiatives, including preparation of territorial strategies",,,PO05,Europe closer to citizens,RSO5.2,RSO5.2,ERDF,European Regional Development Fund,2021SI16FFPR001,EU Cohesion Policy - SI -  ERDF/CF/ESF+/JTF,,,,,,Osrednjeslovenska,,,SI041,2021-2027,"Support for the management of the LAG is intended to co-finance the costs incurred in the management and operation of the LAG, including monitoring and evaluation of the approved SLR, animation of the LAG area and assistance to potential beneficiaries for developing project ideas and preparing projects.","Podpora za upravljanje LAS je namenjena za sofinanciranje stroškov, ki so nastali pri upravljanju in delovanju LAS, vključno s spremljanjem in vrednotenjem odobrene SLR, animacijo območja LAS in pomoči morebitnim upravičencem za razvijanje projektnih idej in pripravo projektov.",,,,,SI
https://linkedopendata.eu/entity/Q7501564,2021SI16FFPR001_OP27.00379,Development and piloting of a traineeship programme to obtain a professional qualification as a nurse-carer 2024-2026,Razvoj in pilotna vzpostavitev programa pripravništva za pridobitev poklicne kvalifikacije bolničar – negovalec 2024-2026,Slovenia,31/05/2024,30/09/2026,62.92,142174.61,EUR,89451.09,https://linkedopendata.eu/entity/Q7501135,"46.1,14.15|46.08333333,15.45",161,Measures to improve access to long-term care (excluding infrastructure),,,PO04,Social Europe,ESO4.11,ESO4.11,ESF+,European Social Fund Plus,2021SI16FFPR001,EU Cohesion Policy - SI -  ERDF/CF/ESF+/JTF,,,,,Western Slovenia|Eastern Slovenia,,,SI04|SI03,,2021-2027,"Description of the NIO The purpose of the call for tenders Hospitalist – Career 2024-2026 is to establish measures for verified training for the profession of ‘patient – caregiver’ and to establish a new internship programme for the profession of ‘patient – caregiver’. With JR Bolničar – caregiver 2024-2026, we want to establish a model of verified training for work in health and long-term care, improve the health system in Slovenia with the aim of establishing stable and accessible health care and ensuring quality health services. The purpose of this call for tenders is also to improve the responsiveness of the education and training system to the needs of the labour market, to reduce the labour market deficits of this profession, to improve the attractiveness of vocational education for the ""patient-carer"" profile and to ensure the effective provision of training for this profession.","Opis NIO Namen javnega razpisa Bolničar – negovalec 2024–2026 je vzpostavitev ukrepov za verificirano usposabljanje za poklic »bolničar – negovalec« ter vzpostavitev novega programa pripravništva za poklic »bolničar – negovalec«. Z JR Bolničar – negovalec 2024–2026 želimo vzpostaviti model verificiranega usposabljanja za delo v zdravstvu in dolgotrajni oskrbi, izboljšati zdravstveni sistem v RS z namenom vzpostavitve stabilnega in dostopnega zdravstva in zagotovitvijo kakovostnih zdravstvenih storitev. Namen tega javnega razpisa je tudi izboljšanje odzivnost sistema izobraževanja in usposabljanja na potrebe trga dela, zmanjšati deficitarnosti tega poklica na trgu dela, izboljšati privlačnost poklicnega izobraževanja za profil »bolničar – negovalec« ter zagotoviti učinkovito izvajanje usposabljanja za ta poklic.",,,,,SI
https://linkedopendata.eu/entity/Q7501588,2021SI16FFPR001_OP27.00406,Management for the local action group LAG Goričko,Upravljanje za lokalno akcijsko skupino LAS Goričko,Slovenia,01/01/2024,30/09/2029,85.0,339175.59,EUR,288299.25,https://linkedopendata.eu/entity/Q3279390,"46.65,16.16666667",169,"Territorial development initiatives, including preparation of territorial strategies",,,PO05,Europe closer to citizens,RSO5.2,RSO5.2,ERDF,European Regional Development Fund,2021SI16FFPR001,EU Cohesion Policy - SI -  ERDF/CF/ESF+/JTF,,,,,,Pomurska,,,SI031,2021-2027,"Support for the management of the LAG is intended to co-finance the costs incurred in the management and operation of the LAG, including monitoring and evaluation of the approved SLR, animation of the LAG area and assistance to potential beneficiaries for developing project ideas and preparing projects.","Podpora za upravljanje LAS je namenjena za sofinanciranje stroškov, ki so nastali pri upravljanju in delovanju LAS, vključno s spremljanjem in vrednotenjem odobrene SLR, animacijo območja LAS in pomoči morebitnim upravičencem za razvijanje projektnih idej in pripravo projektov.",,,,,SI
https://linkedopendata.eu/entity/Q7501523,2021SI16FFPR001_OP27.00337,INNOVATIVE GROWING MACHINE FOR LAND PROPERTY INSPECTION AND WATER MANAGEMENT MEASURES,INOVATIVNI VRTALNI STROJ ZA PREISKAVO LASTNOSTI ZEMLJIN IN MERILEC VODOPREPUSTNOSTI,Slovenia,30/03/2024,31/03/2026,85.0,72000.0,EUR,61200.0,https://linkedopendata.eu/entity/Q7501142,"46.645159709748,15.601530160874",025,"Incubation, support to spin offs and spin outs and start ups",,,PO01,Smarter Europe,RSO1.3,RSO1.3,ERDF,European Regional Development Fund,2021SI16FFPR001,EU Cohesion Policy - SI -  ERDF/CF/ESF+/JTF,,SI_055,Kungota,,,Podravska,,,SI032,2021-2027,"The subject of the project is the development and marketing of a drilling machine that will enable structural drilling, drilling over asphalt, dynamic penotometers and impact cores, while another device will allow the water permeability meter to accurately measure water permeability by connecting to smartphones for easier data management and analysis. The devices will enable faster, more accurate and cost-effective geotechnical investigations, which is crucial in the fight against landslides and the reduction of damage caused by natural disasters.","Predmet projekta je razvoj in trženje vrtalnega stroja, ki bo omogočil strukturno vrtanje, vrtanje čez asfalt, dinamične penotrometre ter udarno jedrovanje, medtem ko bo druga naprava merilnik vodoprepustnosti omogočil natančno merjenje vodoprepustnosti s povezavo na pametne telefone za enostavnejše upravljanje in analizo podatkov. Z napravami bodo omogočili hitrejše, bolj natančne in stroškovno učinkovite geotehnične preiskave, kar je ključnega pomena v boju proti plazovom in zmanjševanju škode zaradi naravnih nesreč.",,,,,SI
https://linkedopendata.eu/entity/Q7501253,2021SI16FFPR001_OP27.00062,SRIP PPMIS,SRIP PMIS,Slovenia,10/11/2023,30/09/2026,59.34,1734703.97,EUR,1029390.68,https://linkedopendata.eu/entity/Q3279150,"46,15",012,"Research and innovation activities in public research centres, higher education and centres of competence including networking (industrial research, experimental development, feasibility studies)",,,PO01,Smarter Europe,RSO1.1,RSO1.1,ERDF,European Regional Development Fund,2021SI16FFPR001,EU Cohesion Policy - SI -  ERDF/CF/ESF+/JTF,,,,,,,,,,2021-2027,SRIP PPMIS,SRIP PMIS,,,,,SI
https://linkedopendata.eu/entity/Q7501514,2021SI16FFPR001_OP27.00328,STEAMETRIX,STEAMETRIX,Slovenia,01/03/2024,31/03/2026,40.0,72000.0,EUR,28800.0,https://linkedopendata.eu/entity/Q7501114,"45.980403826643,13.74051888786",025,"Incubation, support to spin offs and spin outs and start ups",,,PO01,Smarter Europe,RSO1.3,RSO1.3,ERDF,European Regional Development Fund,2021SI16FFPR001,EU Cohesion Policy - SI -  ERDF/CF/ESF+/JTF,,SI_084,Nova Gorica,,,Goriška,,,SI043,2021-2027,"The operation focuses on the development, launch and commercialization of the innovative Steametrix product, which represents a revolutionary solution for the management and control of condensate cutters in industrial steam systems. Using advanced technologies such as AI, decentralized data processing and LoRaWAN communication, Steametrix aims to improve energy efficiency, reduce operating costs and support sustainable practices in the industry.","Operacija se osredotoča na razvoj, lansiranje in komercializacijo inovativnega produkta Steametrix, ki predstavlja revolucionarno rešitev za upravljanje in nadzor nad izločevalniki kondenzata v industrijskih parnih sistemih. Z uporabo naprednih tehnologij, kot so AI, decentralizirana obdelava podatkov in LoRaWAN komunikacija, Steametrix cilja na izboljšanje energetske učinkovitosti, zmanjšanje operativnih stroškov in podporo trajnostnim praksam v industriji.",,,,,SI
https://linkedopendata.eu/entity/Q7501734,2021SI16FFPR001_OP27.00616,Velenje Technology Park,Tehnološki park Velenje,Slovenia,06/01/2022,30/09/2027,85.0,15409812.25,EUR,13098340.41,https://linkedopendata.eu/entity/Q3278920,"46.369263220381,15.133009729589",020,Business infrastructure for SMEs (including industrial parks and sites),,,PO08,Just Transition,JTF,JTF,JTF,Just Transition Fund,2021SI16FFPR001,EU Cohesion Policy - SI -  ERDF/CF/ESF+/JTF,,SI_133,Velenje,,,Savinjska,,,SI034,2021-2027,"The Velenje Technology Park - TECHUB (entrepreneurial incubator) represents the basic development infrastructure that enables the transition of the SAŠA region from the coal past to a smart, digital and sustainable future. The purpose of the project is the construction and equipment of a new facility for the needs of the business incubator within the business zone Stara vas, which is a degraded area, with the aim of providing quality premises and programs for new and developing companies. It will provide the necessary support (providing infrastructural conditions and providing support services) for the creation and growth and development of new enterprises, while at the same time it will represent a stimulating environment or a meeting point of cooperation between the entrepreneurial and research spheres in the direction of knowledge transfer, joint RDI projects, restructuring and development of the economy in the direction of material and energy efficiency and environmentally friendly development of coal regions. The goal of TECHUB is to create a stimulating environment where entrepreneurs and individuals can develop their ideas into successful companies. It offers comprehensive support, including physical facilities, access to technology, business mentoring, educational programs and networking with potential investors. The gross floor area of the building will be 5,788.04 m2. The newly equipped usable areas intended for entrepreneurial content will amount to 5,110.34 m2, and 3,169.79 m2 will be available to incubated companies. The project indicators are: supported investment projects (1), newly arranged land for business activity (0.578 ha), occupancy of newly arranged usable land intended for entrepreneurial content (86%), number of incubators to be included in the incubator (48, of which 30 from the field of S5), 145 trainings or workshops in the field of entrepreneurship will be carried out, 30 research and other projects will be carried out by incubators, 75 jobs will be created by newly established companies included in the incubator.","Tehnološki park Velenje - TECHUB (podjetniški inkubator) predstavlja temeljno razvojno infrastrukturo, ki omogoča prehod SAŠA regije iz premogovne preteklosti v pametno, digitalno in trajnostno prihodnost. Namen projekta je izgradnja in oprema novega objekta za potrebe podjetniškega inkubatorja znotraj poslovne cone Stara vas, ki je degradirano območje, s ciljem zagotavljanja kvalitetnih prostorov in programov za nova in razvijajoča podjetja. Nudil bo potrebno podporo (zagotavljanje infrastrukturnih pogojev in nudenje podpornih storitev) za nastanek in rast ter razvoj novih podjetij, hkrati pa bo predstavljal spodbudno okolje oz. stičišče sodelovanja med podjetni in raziskovalno sfero v smeri prenosa znanja, skupnih RRI projektov, prestrukturiranja in razvoja gospodarstva v smeri snovne in energetske učinkovitosti ter okolju prijaznega razvoja premogovnih regij. Cilj TECHUB-a je ustvariti spodbudno okolje, kjer bodo lahko podjetniki in fizične osebe razvijali svoje ideje v uspešna podjetja. Ponuja celovito podporo, vključno s fizičnimi prostori, dostopom do tehnologije, poslovnim mentorstvom, izobraževalnimi programi in povezovanjem s potencialnimi investitorji. Bruto tlorisna površina objekta bo znašala 5.788,04 m2. Novo opremljenih uporabnih površin namenjenih za podjetniške vsebine bo znašala 5.110,34 m2, inkubiranim podjetjem bo na voljo 3.169,79 m2. Kazalniki projekta so: podprti investicijski projekti (1), novo urejene površine za gosp. dejavnost (0,578 ha), zasedenost novo urejenih uporabnih površin namenjenih za podjetniške vsebine (86 %), število inkubirancev, ki bodo vključeni v inkubator (48, od tega 30 s področja S5), izvedenih bo 145 usposabljanj ali delavnic s področja podjetništva, izvedenih bo 30 raziskovalnih in drugih projektov s strani inkubirancev, ustvarjenih bo 75 delovnih mest s strani novoustanovljenih podjetij, vključenih v inkubator.",,,,,SI
https://linkedopendata.eu/entity/Q7501252,2021SI16FFPR001_OP27.00063,SRIP Mobility,SRIP Mobilnost,Slovenia,10/11/2023,30/09/2026,59.34,1799791.5,EUR,1068014.28,https://linkedopendata.eu/entity/Q3280388,"46,15",012,"Research and innovation activities in public research centres, higher education and centres of competence including networking (industrial research, experimental development, feasibility studies)",,,PO01,Smarter Europe,RSO1.1,RSO1.1,ERDF,European Regional Development Fund,2021SI16FFPR001,EU Cohesion Policy - SI -  ERDF/CF/ESF+/JTF,,,,,,,,,,2021-2027,SRIP Mobility,SRIP Mobilnost,,,,,SI
https://linkedopendata.eu/entity/Q7501629,2021SI16FFPR001_OP27.00455,"A1 - Establishment, maintenance and operation of PWAS","A1 - vzpostavitev, vzdrževanje in upravljanje sistema PWAS",Slovenia,17/05/2024,31/03/2026,61.51,125539.0,EUR,77213.39,https://linkedopendata.eu/entity/Q7501150,"46.1,14.15|46.08333333,15.45",016,"Government ICT solutions, e-services, applications",,,PO01,Smarter Europe,RSO1.2,RSO1.2,ERDF,European Regional Development Fund,2021SI16FFPR001,EU Cohesion Policy - SI -  ERDF/CF/ESF+/JTF,,,,,Western Slovenia|Eastern Slovenia,,,SI04|SI03,,2021-2027,Financing the establishment of a public information and alarm system by sending alerts to mobile phones of the target group (JR PWAS),Financiranje vzpostavitve sistema javnega obveščana in alarmiranja s posredovanjem opozoril na mobilne telefone ciljne skupine (JR PWAS),,,,,SI
https://linkedopendata.eu/entity/Q7501207,2021SI16FFPR001_OP27.00002,"Establishment of a focal point for the planning, development, coordination and monitoring of pilot programmes in the field of drugs and illicit substances in sport","Vzpostavitev stične točke za načrtovanje, razvoj, koordinacijo in spremljanje pilotnih programov na področju prepovedanih drog in prepovedanih snovi v športu",Slovenia,01/08/2023,31/12/2028,61.92,798650.75,EUR,494554.36,https://linkedopendata.eu/entity/Q3279049,"46.054328329124,14.562956200712",160,"Measures to improve the accessibility, effectiveness and resilience of healthcare systems (excluding infrastructure)",,,PO04,Social Europe,ESO4.11,ESO4.11,ESF+,European Social Fund Plus,2021SI16FFPR001,EU Cohesion Policy - SI -  ERDF/CF/ESF+/JTF,,SI_061,Ljubljana,,,Osrednjeslovenska,,,SI041,2021-2027,"The contact point is a necessary element for the professional implementation of new programs aimed at assisting and supporting people who use drugs and other non-regulated substances with a pharmacological action. With the help of the Focal Point, we will manage and supervise the introduction of new services aimed at reducing the damage caused by the use of illicit drugs and other substances with non-regulated status and pharmacological action, as well as improving important indicators of the health of society. We want to ensure the quality implementation of the following programs or services: • establishment of a mobile clinic with the aim of bringing healthcare closer to users and taking action against diseases transmitted by blood and sexually transmitted diseases; • establishment of a centre for integrated health recovery and reintegration of people who use or have used drugs; • establishment of strong links between health and social care in the network of support services for the integrated recovery of drug users; • expansion of the activities of CPZOPD by including occupational therapists and strengthening rehabilitation processes; • Analysis of the situation in the field of food supplements with regard to the content of substances prohibited in sport with a pharmacological action (anabolics, stimulants), establishment of active participation of all actors and preparation of appropriate measures and systematic awareness-raising of the target population. The NEB will be implemented under the Action on Drugs and Mental Health","Stična točka je nujen element za strokovno implementacijo novih programov namenjenim pomoči in podpori ljudem, ki uporabljajo droge in druge ne-regulirane snovi s farmakološkim delovanjem. S pomočjo Stične točke bomo vodili in nadzirali vpeljavo novih storitev, katerih cilj je zmanjšati škodo zaradi uporabe prepovednih drog in drugih snovi z ne-reguliranim statusom in farmakološkim delovanjem ter izboljšati pomembne pokazatelje zdravja družbe. Zagotoviti želimo kakovostno vpeljavo naslednjih programov oz. storitev: • vzpostavitev mobilne ambulante z namenom približevanja zdravstvene oskrbe uporabnikom ter ukrepanja v boju proti boleznim, ki se prenašajo s krvjo in spolno prenosljivim boleznim, • vzpostavitev centra za celostno zdravstveno okrevanje in reintegracijo ljudi ki uporabljajo ali so uporabljali droge, • vzpostavitev močnih povezav med zdravstvenim in socialnim varstvom v mrežo podpornih storitev za celostno okrevanje uporabnikov drog, • širitev delovanja CPZOPD z vključitvijo delavnih terapevtov in krepitvijo procesov rehabilitacije, • Analiza stanja na področju prehranskih dopolnil glede vsebnosti v športu prepovedanih snovi s farmakološkim delovanjem (anaboliki, stimulansi), vzpostavitev aktivnega sodelovanja vseh akterjev in priprava ustreznih ukrepov in načrtno ozaveščanje ciljne populacije. NIO se bo izvajal v okviru ukrepa Ukrepanje na področju drog in krepitev duševnega zdravja",,,,,SI
https://linkedopendata.eu/entity/Q7501254,2021SI16FFPR001_OP27.00065,SRIP PSIDL,SRIP PSIDL,Slovenia,10/11/2023,30/09/2026,59.34,1582789.88,EUR,939243.33,https://linkedopendata.eu/entity/Q3279261,"46,15",012,"Research and innovation activities in public research centres, higher education and centres of competence including networking (industrial research, experimental development, feasibility studies)",,,PO01,Smarter Europe,RSO1.1,RSO1.1,ERDF,European Regional Development Fund,2021SI16FFPR001,EU Cohesion Policy - SI -  ERDF/CF/ESF+/JTF,,,,,,,,,,2021-2027,SRIP PSIDL,SRIP PSIDL,,,,,SI
https://linkedopendata.eu/entity/Q7501541,2021SI16FFPR001_OP27.00356,Scholarships for specialised professions in culture,Štipendije za specializirane poklice v kulturi,Slovenia,01/11/2023,31/12/2029,61.82,4852941.18,EUR,3000000.0,https://linkedopendata.eu/entity/Q3279050,"46.054328329124,14.562956200712",150,Support for tertiary education (excluding infrastructure),,,PO04,Social Europe,ESO4.5,ESO4.5,ESF+,European Social Fund Plus,2021SI16FFPR001,EU Cohesion Policy - SI -  ERDF/CF/ESF+/JTF,,SI_061,Ljubljana,,,Osrednjeslovenska,,,SI041,2021-2027,"The purpose of the direct confirmation of the operation is to raise professional competences in all fields of culture and, to this end, to invest in education, training for skills and lifelong learning. The direct confirmation of the operation ensures the acquisition of knowledge, competences and skills that will be included in formal and non-formal education, ensure successful integration into the labour market and society and in maintaining a professional career. Action in this area fills the gaps in the existing education system by providing training for specific artistic and other cultural professions. Acquiring competences through training also means providing the conditions for greater cultural creativity, which is one of the elements of a more successful penetration of the labour market.","Namen neposredne potrditve operacije je dvig poklicnih kompetenc na vseh področjih kulture in v ta namen vlaganje v izobraževanje, usposabljanje za spretnosti in vseživljenjsko učenje. V okviru neposredne potrditve operacije se zagotavlja pridobivanje znanja, kompetenc in spretnosti, ki bodo vključenim v formalno in neformalno izobraževanje, zagotavljale uspešno vključevanje na trg dela in v družbo ter pri ohranjanju poklicne kariere. Z ukrepi na tem področju se zapolnjujejo vrzeli obstoječega izobraževalnega sistema, in sicer z usposabljanji za specifične umetniške poklice ter druge poklice v kulturi. Pridobivanje kompetenc skozi usposabljanja pomeni tudi zagotavljanje pogojev za večjo kulturno ustvarjalnost, ki je ena izmed elementov uspešnejšega prodora na trg dela.",,,,,SI
https://linkedopendata.eu/entity/Q7501363,2021SI16FFPR001_OP27.00176,Production of OCPS of the Municipality of Celje,Izdelava OCPS Mestne občine Celje,Slovenia,01/01/2023,30/11/2025,85.0,66000.0,EUR,56100.0,https://linkedopendata.eu/entity/Q3279078,"46.248365487681,15.266115481207",109,Multimodal transport (not urban),,,PO03,Connected Europe,RSO3.2,RSO3.2,CF,Cohesion Fund,2021SI16FFPR001,EU Cohesion Policy - SI -  ERDF/CF/ESF+/JTF,,SI_011,Celje,,,Savinjska,,,SI034,2021-2027,Production of OCPS of the Municipality of Celje,Izdelava OCPS Mestne občine Celje,,,,,SI
https://linkedopendata.eu/entity/Q7501575,2021SI16FFPR001_OP27.00393,Management for the local action group Partnership LAG Zasavje in the period 2021-2027,Upravljanje za lokalno akcijsko skupino Partnerstvo LAS Zasavje v obdobju 2021-2027,Slovenia,01/01/2024,30/09/2029,85.0,157908.72,EUR,134222.41,https://linkedopendata.eu/entity/Q3279868,"46.15,14.96666667",169,"Territorial development initiatives, including preparation of territorial strategies",,,PO05,Europe closer to citizens,RSO5.2,RSO5.2,ERDF,European Regional Development Fund,2021SI16FFPR001,EU Cohesion Policy - SI -  ERDF/CF/ESF+/JTF,,,,,,Zasavska,,,SI035,2021-2027,"Support for the management of the LAG is intended to co-finance the costs incurred in the management and operation of the LAG, including monitoring and evaluation of the approved SLR, animation of the LAG area and assistance to potential beneficiaries for developing project ideas and preparing projects.","Podpora za upravljanje LAS je namenjena za sofinanciranje stroškov, ki so nastali pri upravljanju in delovanju LAS, vključno s spremljanjem in vrednotenjem odobrene SLR, animacijo območja LAS in pomoči morebitnim upravičencem za razvijanje projektnih idej in pripravo projektov.",,,,,SI
https://linkedopendata.eu/entity/Q7501239,2021SI16FFPR001_OP27.00049,SPOT Consulting Central Slovenia 2023 -2025,SPOT svetovanje Osrednjeslovenska 2023 -2025,Slovenia,01/11/2023,31/12/2025,40.0,1272089.0,EUR,508835.6,https://linkedopendata.eu/entity/Q7501061,"46.05,14.516666666667",024,"Advanced support services for SMEs and groups of SMEs (including management, marketing and design services)",,,PO01,Smarter Europe,RSO1.3,RSO1.3,ERDF,European Regional Development Fund,2021SI16FFPR001,EU Cohesion Policy - SI -  ERDF/CF/ESF+/JTF,,,,,,Osrednjeslovenska,,,SI041,2021-2027,SPOT Consulting Central Slovenia 2023 -2025,SPOT svetovanje Osrednjeslovenska 2023 -2025,,,,,SI
https://linkedopendata.eu/entity/Q7501640,2021SI16FFPR001_OP27.00469,Arrangement of Langer's Villa,Ureditev Langerjeve vile,Slovenia,01/01/2021,30/06/2026,85.0,4450277.81,EUR,3782736.14,https://linkedopendata.eu/entity/Q3279972,"46.563226869974,15.627324811128",169,"Territorial development initiatives, including preparation of territorial strategies",,,PO05,Europe closer to citizens,RSO5.1,RSO5.1,ERDF,European Regional Development Fund,2021SI16FFPR001,EU Cohesion Policy - SI -  ERDF/CF/ESF+/JTF,,SI_070,Maribor,,,Podravska,,,SI032,2021-2027,"The reconstruction of Langer's villa follows the original symmetrical character of the villa, and the annexed kitchen on the northwest part of the building from 1958 is thus removed. On the ground floor of the building, all partitions are removed, only the primary wall structure remains. The new functional design of the building follows the existing design, the ground floor is divided into a central common part with a main entrance and a multifunctional hall with a loggia and two wings, in the east a cafeteria is envisaged, and in the west the premises of the Koroška Gate City Quarter. Through the existing staircase, access is made to the 1st floor, where the original design of the staircase hall is exposed and maintained, the wings of the floor are cleaned of non-quality alterations, office spaces are arranged in them. In the so-called mezzanine, the central space above the multifunctional hall, a modular meeting room is arranged, which allows different uses and subdivision of the space. In the basement of the building there is an exhibition space in the area below the multifunctional hall, in the wings of the basement there are service rooms. The arrangement of the outdoor areas will clearly define the open paved space around the building, the parking lots will be arranged east of the building, on the most remote lane along Mladinska Street, and the park areas in the south will be arranged by preserving the existing and adding new vegetation to follow the historical design, which will be in line with the symmetrical design of the villa. The investor of the Municipality of Maribor, as part of the arrangement of the surroundings of the western stands of the People's Garden, decides to approach the arrangement of open areas, which, with the newly placed, planned contents, would be part of the degraded, unregulated space of the area of the People's Garden.","Rekonstrukcija Langerjeve vile sledi prvotnemu simetričnemu značaju vile, prizidana kuhinja na SZ delu objekta iz leta 1958 se tako odstrani. V pritličju objekta se odstranijo vse predelne stene, ostane samo primarna stenska konstrukcija. Nova funkcionalna zasnova objekta sledi obstoječi oblikovni zasnovi, pritličje se deli na osrednji skupni del z glavnim vhodom in večnamensko dvorano z loggio ter dve krili, v vzhodnem se predvidi kavarna, v zahodnem pa prostori Mestne četrti Koroška vrata. Preko obstoječega stopnišča se dostopa v 1. nadstropje, kjer se izpostavi in ohranja prvotno oblikovanje stopniščne avle, krila nadstropja se očistijo nekvalitetnih predelav, v njih se uredijo pisarniški prostori. V t.i. medetaži, osrednjem prostoru nad večnamensko dvorano se uredi modularna sejna soba, ki omogoča različne rabe in pregrajevanje prostora. V kleti objekta je predviden razstaviščni prostor v območju pod večnamensko dvorano, v krilih kleti so servisni prostori. Z ureditvijo zunanjih površin se bo jasno definiral odprt tlakovan prostor okoli objekta, parkirišča se bodo uredila vzhodno od objekta, na najbolj odmaknjenem pasu ob Mladinski ulici, parkovne površine na jugu pa se bodo z ohranjanjem obstoječe in dodajanjem nove vegetacije uredile, da bodo sledile historični zasnovi, ki bo skladna s simetrično zasnovo vile. Investitorka Mestna občina Maribor se v sklopu ureditve okolice zahodne tribune Ljudskega vrta odloča pristopiti k ureditvi odprtih površin, ki bi z novo umeščenimi, predvidenimi vsebinami del degradiranega, neurejenega prostora območja Ljudskega vrta.",,,,,SI
https://linkedopendata.eu/entity/Q7501288,2021SI16FFPR001_OP27.00099,Youth work against youth precariousness - pilot project - Celje Youth Council,Z mladinskim delom proti prekarnosti mladih - pilotni projekt - Mladinski svet Celje,Slovenia,01/06/2024,31/12/2026,85.0,87060.4,EUR,74001.34,https://linkedopendata.eu/entity/Q7501087,"46.248365487681,15.266115481207",136,Specific support for youth employment and socio-economic integration of young people,,,PO04,Social Europe,ESO4.1,ESO4.1,ESF+,European Social Fund Plus,2021SI16FFPR001,EU Cohesion Policy - SI -  ERDF/CF/ESF+/JTF,,SI_011,Celje,,,Savinjska,,,SI034,2021-2027,Youth work against youth precariousness - pilot project - Celje Youth Council,Z mladinskim delom proti prekarnosti mladih - pilotni projekt - Mladinski svet Celje,,,,,SI
https://linkedopendata.eu/entity/Q7501535,2021SI16FFPR001_OP27.00351,Upgrading testing of new psychoactive substances and illicit drugs by including in sport illicit substances and other substances that improve physical fitness and appearance,"Nadgradnja testiranja novih psihoaktivnih snovi in prepovedanih drog z vključitvijo v športu prepovedanih snovi in drugih snovi, ki izboljšujejo telesne sposobnosti in izgled",Slovenia,01/07/2024,31/10/2028,61.92,999982.9,EUR,619223.92,https://linkedopendata.eu/entity/Q7501133,"46.563226869974,15.627324811128",160,"Measures to improve the accessibility, effectiveness and resilience of healthcare systems (excluding infrastructure)",,,PO04,Social Europe,ESO4.11,ESO4.11,ESF+,European Social Fund Plus,2021SI16FFPR001,EU Cohesion Policy - SI -  ERDF/CF/ESF+/JTF,,SI_070,Maribor,,,Podravska,,,SI032,2021-2027,"The purpose of upgrading the testing system, which, in addition to illicit drugs and new psychoactive substances, will also enable the analysis of illicit substances in sport and other substances that improve physical fitness and appearance, the detection of the presence of these substances in products on the free market and on the black market, which is the basis for the preparation of harm reduction, prevention and awareness-raising measures. The objectives of the project are: 1) Analysis of illicit drugs and new psychoactive substances and reporting of results to the Early Warning System for the Phenomenon of New Psychoactive Substances (EWS) and users, with the aim of reducing harm and strengthening the service of advice to users; 2) Analysis of samples for the presence of illicit substances in sport and other substances that improve physical fitness and appearance and reporting of results to the database and users with the aim of reducing harm; 3) Establishment of a system for collecting samples of illicit substances in sport and other substances that improve the physical abilities and appearance of anonymous users, the provision of advice and other harm reduction services.","Namen nadgradnje sistema testiranja, ki bo poleg prepovedanih drog in novih psihoaktivnih snovi omogočal tudi analizo nedovoljenih snovi v športu in drugih snovi, ki izboljšujejo telesne sposobnosti in izgled, ugotavljanje prisotnosti teh snovi v izdelkih v prosti prodaji in na črnem trgu, kar predstavlja podlago za pripravo ukrepov zmanjševanja škode, preventive in ozaveščanja. Cilji projekta so: 1) Analiza prepovedanih drog in novih psihoaktivnih snovi ter poročanje rezultatov v Sistem za zgodnje opozarjanje na pojav novih psihoaktivnih snovi (EWS) in uporabnikom, z namenom zmanjševanja škode in krepitev storitve svetovanja uporabnikom; 2) Analiza vzorcev na prisotnost nedovoljenih snovi v športu in drugih snovi, ki izboljšujejo telesne sposobnosti in izgled in poročanje rezultatov v bazo podatkov in uporabnikom z namenom zmanjševanja škode; 3) Vzpostavitev sistema zbiranja vzorcev nedovoljenih snovi v športu in drugih snovi, ki izboljšujejo telesne sposobnosti in izgled anonimnih uporabnikov, izvajanja svetovanja in drugih storitev zmanjševanja škode.",,,,,SI
https://linkedopendata.eu/entity/Q7501291,2021SI16FFPR001_OP27.00102,"With youth work against precariousness of young people - pilot project - Youth center BIT, so.p.","Z mladinskim delom proti prekarnosti mladih - pilotni projekt - Mladinski center BIT, so.p.",Slovenia,01/06/2024,31/12/2026,85.0,87060.4,EUR,74001.34,https://linkedopendata.eu/entity/Q3280474,"45.521338193394,15.196737009703",136,Specific support for youth employment and socio-economic integration of young people,,,PO04,Social Europe,ESO4.1,ESO4.1,ESF+,European Social Fund Plus,2021SI16FFPR001,EU Cohesion Policy - SI -  ERDF/CF/ESF+/JTF,,SI_017,Črnomelj,,,Jugovzhodna Slovenija,,,SI037,2021-2027,"With youth work against precariousness of young people - pilot project - Youth center BIT, so.p.","Z mladinskim delom proti prekarnosti mladih - pilotni projekt - Mladinski center BIT, so.p.",,,,,SI
https://linkedopendata.eu/entity/Q7501683,2021SI16FFPR001_OP27.00542,Space Guardian,Space Guardian,Slovenia,14/03/2025,31/03/2027,40.0,72000.0,EUR,28800.0,https://linkedopendata.eu/entity/Q7501174,"46.054328329124,14.562956200712",025,"Incubation, support to spin offs and spin outs and start ups",,,PO01,Smarter Europe,RSO1.3,RSO1.3,ERDF,European Regional Development Fund,2021SI16FFPR001,EU Cohesion Policy - SI -  ERDF/CF/ESF+/JTF,,SI_061,Ljubljana,,,Osrednjeslovenska,,,SI041,2021-2027,"The object of the project is Space Guardian, which offers a fully automated system to prevent collisions of satellites in an increasingly congested earth orbit. The core of the system is an algorithm for real-time risk assessment of potential collisions based on current orbital data, a system for optimising satellite paths (trajectory) and an innovative bidding mechanism that enables coordinated decision-making between satellites in the event of a collision. The company's goal is to build a recognizable and trustworthy brand that will be synonymous with technological excellence in orbital safety management.","Predmet projekta je Space Guardian, ki ponuja popolnoma avtomatiziran sistem za preprečevanje trkov satelitov v vse bolj obremenjeni zemeljski orbiti. Jedro sistema predstavlja algoritem za sprotno ocenjevanje tveganja potencialnih trkov na podlagi aktualnih orbitalnih podatkov, sistem za optimizacijo satelitskih poti (trajektorij) ter inovativen dražbeni mehanizem (ang. bidding), ki omogoča usklajeno odločanje med sateliti ob nevarnosti trčenja. Cilj podjetja je zgraditi prepoznavno in zaupanja vredno blagovno znamko, ki bo sinonim za tehnološko odličnost na področju upravljanja orbitalne varnosti.",,,,,SI
https://linkedopendata.eu/entity/Q7501618,2021SI16FFPR001_OP27.00444,Awareness of the correct handling of medicinal products,Ozaveščanje o pravilnem ravnanju z zdravili,Slovenia,06/01/2025,05/06/2025,85.0,24000.0,EUR,20400.0,https://linkedopendata.eu/entity/Q3279620,"46.08333333,15.45",150,Support for tertiary education (excluding infrastructure),,,PO04,Social Europe,ESO4.5,ESO4.5,ESF+,European Social Fund Plus,2021SI16FFPR001,EU Cohesion Policy - SI -  ERDF/CF/ESF+/JTF,,,,,Eastern Slovenia,,,SI03,,2021-2027,"Within the framework of the operation, it will be possible to acquire practical experience, knowledge and competences of students in the work environment during their studies, promote the strengthening of cooperation and integration, as well as the transfer of knowledge between the higher education system and the work environment (the economy). In this way, young people will be able to develop their skills in the realization of ideas, the development of entrepreneurship, innovation, creative and critical thinking, creativity, etc. for greater employability and easier transition into the working environment after the completion of their studies. The call also addresses other challenges of higher education, such as the systemic introduction of knowledge transfer between higher education institutions and the working environment, greater flexibility and adaptation of study programmes to the needs of the labour market, and the establishment of long-term cooperation between higher education institutions and the working environment.","V okviru operacije bo omogočeno pridobivanje praktičnih izkušenj, znanj in kompetenc študentov v delovnem okolju v času študija, spodbujanje krepitve sodelovanja in povezovanja ter prenosa znanja med visokošolskim sistemom in med delovnim okoljem (gospodarstvo). Na ta način se bo mladim omogočalo razvoj znanj in spretnosti pri uresničevanju idej, razvoj podjetnosti, inovativnosti, kreativnega in kritičnega razmišljanja, ustvarjalnosti ipd. za večjo zaposljivost in lažji prehod v delovno okolje po zaključku študija. Z javnim razpisom se naslavlja tudi druge izzive visokega šolstva kot npr. sistemsko uvajanje prenosa znanja med visokošolskimi zavodi in delovnim okoljem, večja fleksibilnost in prilagajanje študijskih programov potrebam trga dela ter vzpostavitev dolgoročnega sodelovanja med visokošolskimi zavodi in delovnim okoljem.",,,,,SI
https://linkedopendata.eu/entity/Q7501556,2021SI16FFPR001_OP27.00372,Social activation of Gorenjska+,Socialna aktivacija Gorenjske+,Slovenia,01/09/2024,31/08/2027,40.0,799995.0,EUR,319998.0,https://linkedopendata.eu/entity/Q3279103,"46.1,14.15",153,Pathways to integration and re-entry into employment for disadvantaged people,,,PO04,Social Europe,ESO4.8,ESO4.8,ESF+,European Social Fund Plus,2021SI16FFPR001,EU Cohesion Policy - SI -  ERDF/CF/ESF+/JTF,,,,,Western Slovenia,,,SI04,,2021-2027,"The operation will implement social activation+ programmes, which through their integrated approach will contribute to improving the social inclusion of women from other cultural backgrounds and to increasing their employment opportunities.",V okviru operacije se bodo izvajali programi socialne aktivacije+ ki bodo s svojim celostnim pristopom prispevali k izboljšanju socialne vključenosti žensk iz drugih kulturnih okolij in k povečanju njihovih zaposlitvenih možnosti.,,,,,SI
https://linkedopendata.eu/entity/Q7501521,2021SI16FFPR001_OP27.00335,"GrazeHero's advanced digital solution to improve the productivity of grazing cows and reduce air, water and soil pollution.","Napredna digitalna rešitev GrazeHero za izboljšanje produktivnosti pašnih krav in zmanjšanje onesnaževanja zraka, vode in tal.",Slovenia,01/03/2024,31/03/2026,85.0,72000.0,EUR,61200.0,https://linkedopendata.eu/entity/Q7501125,"46.406225457179,15.004952627336",025,"Incubation, support to spin offs and spin outs and start ups",,,PO01,Smarter Europe,RSO1.3,RSO1.3,ERDF,European Regional Development Fund,2021SI16FFPR001,EU Cohesion Policy - SI -  ERDF/CF/ESF+/JTF,,SI_126,Šoštanj,,,Savinjska,,,SI034,2021-2027,"As part of the submitted project, the company will introduce the GrazeHero product to the market. It is an IoT solution that uses smart collars to accurately monitor the health and reproduction of cows, which in turn improves milk yields and reduces the environmental footprint.","V okviru prijavljenega projekta bo podjetje na trg uvedlo produkt GrazeHero. Gre za IoT rešitev, ki s pametnimi ovratnicami omogoča natančno spremljanje zdravja in reprodukcije krav, posledično pa izboljšuje mlečne donose in zmanjšuje okoljski odtis.",,,,,SI
https://linkedopendata.eu/entity/Q7501280,2021SI16FFPR001_OP27.00088,Youth work against youth precariousness - pilot project - Zavod VOZIM,Z mladinskim delom proti prekarnosti mladih - pilotni projekt - Zavod VOZIM,Slovenia,01/06/2024,31/12/2026,85.0,87060.4,EUR,74001.34,https://linkedopendata.eu/entity/Q3280492,"46.248365487681,15.266115481207",136,Specific support for youth employment and socio-economic integration of young people,,,PO04,Social Europe,ESO4.1,ESO4.1,ESF+,European Social Fund Plus,2021SI16FFPR001,EU Cohesion Policy - SI -  ERDF/CF/ESF+/JTF,,SI_011,Celje,,,Savinjska,,,SI034,2021-2027,Youth work against youth precariousness - pilot project - Zavod VOZIM,Z mladinskim delom proti prekarnosti mladih - pilotni projekt - Zavod VOZIM,,,,,SI
https://linkedopendata.eu/entity/Q7501422,2021SI16FFPR001_OP27.00236,Production of OCPS of the Municipality of Lovrenc na Pohorju,Izdelava OCPS Občine Lovrenc na Pohorju,Slovenia,01/01/2023,31/12/2025,85.0,28000.0,EUR,23800.0,https://linkedopendata.eu/entity/Q3281254,"46.525817969902,15.383798568768",109,Multimodal transport (not urban),,,PO03,Connected Europe,RSO3.2,RSO3.2,CF,Cohesion Fund,2021SI16FFPR001,EU Cohesion Policy - SI -  ERDF/CF/ESF+/JTF,,SI_167,Lovrenc na Pohorju,,,Podravska,,,SI032,2021-2027,Production of OCPS of the Municipality of Lovrenc na Pohorju,Izdelava OCPS Občine Lovrenc na Pohorju,,,,,SI
https://linkedopendata.eu/entity/Q7501427,2021SI16FFPR001_OP27.00241,Production of OCPS of the Municipality of Dobrepolje,Izdelava OCPS občine Dobrepolje,Slovenia,01/01/2023,31/12/2025,85.0,28000.0,EUR,23800.0,https://linkedopendata.eu/entity/Q7501092,"45.822212812019,14.735577422264",109,Multimodal transport (not urban),,,PO03,Connected Europe,RSO3.2,RSO3.2,CF,Cohesion Fund,2021SI16FFPR001,EU Cohesion Policy - SI -  ERDF/CF/ESF+/JTF,,SI_020,Dobrepolje,,,Osrednjeslovenska,,,SI041,2021-2027,Production of OCPS of the Municipality of Dobrepolje,Izdelava OCPS občine Dobrepolje,,,,,SI
https://linkedopendata.eu/entity/Q7501498,2021SI16FFPR001_OP27.00312,Multigenerational centre Shared point,Večgeneracijski center Skupna točka,Slovenia,01/08/2024,30/09/2029,40.0,1283662.8,EUR,513465.12,https://linkedopendata.eu/entity/Q3279328,"46.054328329124,14.562956200712",163,"Promoting social integration of people at risk of poverty or social exclusion, including the most deprived and children",,,PO04,Social Europe,ESO4.12,ESO4.12,ESF+,European Social Fund Plus,2021SI16FFPR001,EU Cohesion Policy - SI -  ERDF/CF/ESF+/JTF,,SI_061,Ljubljana,,,Osrednjeslovenska,,,SI041,2021-2027,"The project offers various preventive content and activities aimed primarily at families, individual family members, the elderly and other vulnerable groups. Multigenerational Centre+ (VGC+) is a central gathering place in the local environment, dedicated to socializing, maintaining or expanding the social network and empowering vulnerable groups. It is a preventive project involving educational, intercultural, intergenerational and other activities.","Projekt ponuja različne preventivne vsebine in aktivnosti, namenjene predvsem družinam, posameznim družinskim članom, starejšim in drugim ranljivim skupinam. Večgeneracijski center+ (VGC+) predstavlja osrednji prostor zbiranja v lokalnem okolju, namenjen druženju, ohranjanju oziroma širjenju socialne mreže ter opolnomočenju ranljivih skupin. Gre za preventivni projekt, ki vključuje izobraževalne, medkulturne, medgeneracijske in druge dejavnosti.",,,,,SI
https://linkedopendata.eu/entity/Q7501496,2021SI16FFPR001_OP27.00310,Multigenerational Centre Sea Koper,Večgeneracijski center Morje Koper,Slovenia,01/08/2024,30/06/2029,40.0,1434048.0,EUR,573619.2,https://linkedopendata.eu/entity/Q3279333,"45.50973901972,13.838311218974",163,"Promoting social integration of people at risk of poverty or social exclusion, including the most deprived and children",,,PO04,Social Europe,ESO4.12,ESO4.12,ESF+,European Social Fund Plus,2021SI16FFPR001,EU Cohesion Policy - SI -  ERDF/CF/ESF+/JTF,,SI_050,Koper/Capodistria,,,Obalno-kraška,,,SI044,2021-2027,"The project offers various preventive content and activities aimed primarily at families, individual family members, the elderly and other vulnerable groups. Multigenerational Centre+ (VGC+) is a central gathering place in the local environment, dedicated to socializing, maintaining or expanding the social network and empowering vulnerable groups. It is a preventive project involving educational, intercultural, intergenerational and other activities.","Projekt ponuja različne preventivne vsebine in aktivnosti, namenjene predvsem družinam, posameznim družinskim članom, starejšim in drugim ranljivim skupinam. Večgeneracijski center+ (VGC+) predstavlja osrednji prostor zbiranja v lokalnem okolju, namenjen druženju, ohranjanju oziroma širjenju socialne mreže ter opolnomočenju ranljivih skupin. Gre za preventivni projekt, ki vključuje izobraževalne, medkulturne, medgeneracijske in druge dejavnosti.",,,,,SI
https://linkedopendata.eu/entity/Q7501499,2021SI16FFPR001_OP27.00313,Point of intersection,Stičišče,Slovenia,01/08/2024,30/09/2029,85.0,1505750.4,EUR,1279887.84,https://linkedopendata.eu/entity/Q3280809,"46.395380449505,15.749830697443",163,"Promoting social integration of people at risk of poverty or social exclusion, including the most deprived and children",,,PO04,Social Europe,ESO4.12,ESO4.12,ESF+,European Social Fund Plus,2021SI16FFPR001,EU Cohesion Policy - SI -  ERDF/CF/ESF+/JTF,,SI_045,Kidričevo,,,Podravska,,,SI032,2021-2027,"The project offers various preventive content and activities aimed primarily at families, individual family members, the elderly and other vulnerable groups. Multigenerational Centre+ (VGC+) is a central gathering place in the local environment, dedicated to socializing, maintaining or expanding the social network and empowering vulnerable groups. It is a preventive project involving educational, intercultural, intergenerational and other activities.","Projekt ponuja različne preventivne vsebine in aktivnosti, namenjene predvsem družinam, posameznim družinskim članom, starejšim in drugim ranljivim skupinam. Večgeneracijski center+ (VGC+) predstavlja osrednji prostor zbiranja v lokalnem okolju, namenjen druženju, ohranjanju oziroma širjenju socialne mreže ter opolnomočenju ranljivih skupin. Gre za preventivni projekt, ki vključuje izobraževalne, medkulturne, medgeneracijske in druge dejavnosti.",,,,,SI
https://linkedopendata.eu/entity/Q7501721,2021SI16FFPR001_OP27.00582,KALMA - Coordination of work at entry points for long-term care,KALMA - Koordinacija dela na vstopnih točkah za dolgotrajno oskrbo,Slovenia,01/01/2025,31/10/2027,70.94,2197479.2,EUR,1558836.81,https://linkedopendata.eu/entity/Q3280319,"46.1,14.15|46.08333333,15.45",161,Measures to improve access to long-term care (excluding infrastructure),,,PO04,Social Europe,ESO4.11,ESO4.11,ESF+,European Social Fund Plus,2021SI16FFPR001,EU Cohesion Policy - SI -  ERDF/CF/ESF+/JTF,,,,,Western Slovenia|Eastern Slovenia,,,SI04|SI03,,2021-2027,"Centres for Social Work (CSD), (16 regional CSDs in Slovenia) are entry points for the implementation of the Long-Term Care Act (Zdosk-1). The tasks will start in early 2025. Their work includes assessing the needs of beneficiaries, issuing decisions and exchanging data with other stakeholders involved in the implementation of Zdosk-1. Despite the fact that the state has provided human resources for the implementation of the law, a lot of coordination, information exchange and cooperation will be required at the beginning of the implementation, which will be difficult at the beginning, since there will not yet be a comprehensive information system that supports Zdosk-1. Therefore, this operation will provide additional human resources from January 2025 to June 2027. Coordination of the operation of entry points will ensure a smooth process of operation of entry points and enable beneficiaries to receive appropriate DO services, as set out in Article 88 ZDOsk-1. The objectives of the operation are: - support for the process of establishing and operating entry points for DOs, - coordination, connection and coordination of the work of DO coordinators, - coordination, connection and coordination of the work of service providers, - coordination, connection and coordination of the work of administrative and administrative workers, - coordination, connection and coordination of the work of actors operating within all locally competent entry points for DOs. The envisaged acts of the operation are: Activity 1: Management and coordination of the investment activity Activity 2: Information to the public and promotion of long-term care at national level","Centri za socialno delo (CSD), (16 regijskih CSD v Sloveniji) so vstopne točke za izvajanje Zakona o dolgotrajni oskrbi (Zdosk-1). Naloge bodo začeli izvajati v začetku leta 2025. Njihovo delo zajema ocenjevanje potreb upravičencev, izdajo odločb in izmenjavo podatkov z drugimi deležniki, vključenimi v izvajanje Zdosk-1. Kljub temu, da je država zagotovila kadrovske resurse za izvajanje zakona, bo ob začetku izvajanja potrebno veliko koordinacije, izmenjave informacij in sodelovanja, kar bo na začetku oteženo, saj še ne bo celovitega informacijskega sistema, ki bi podpiral Zdosk-1. Zato bomo s to operacijo zagotovili dodatne kadrovske resurse od januarja 2025 do junija 2027. Koordinacija delovanja vstopnih točk bo zagotavljala nemoten proces delovanja vstopnih točk ter omogočala, da upravičenci prejmejo ustrezne storitve DO, kot jih določa ZDOsk-1 v 88. členu. Cilji operacije so: - podpora procesu vzpostavljanja in delovanja vstopnih točk za DO, - koordinacija, povezovanje in usklajevanje dela koordinatorjev DO, - koordinacija, povezovanje in usklajevanje dela izvajalcev storitev, - koordinacija, povezovanje in usklajevanje dela upravno-administrativnih delavcev, - koordinacija, povezovanje in usklajevanje dela akterjev, ki delujejo v sklopu vseh krajevno pristojnih vstopnih točk za DO. Predvideni aktovnosti na operaciji sta: Aktivnost 1: Vodenje in koordinacija aktivnosti investicije Aktivnost 2: Informiranje javnosti in promocija dolgotrajne oskrbe na nacionalni ravni",,,,,SI
https://linkedopendata.eu/entity/Q7501702,2021SI16FFPR001_OP27.00561,Call for proposals for the co-financing of projects Transition of young people +,Javni razpis za sofinanciranje projektov Prehod mladih +,Slovenia,01/05/2025,30/09/2029,40.0,173436.0,EUR,69374.4,https://linkedopendata.eu/entity/Q3280792,"46.169931281156,13.808885891283",153,Pathways to integration and re-entry into employment for disadvantaged people,,,PO04,Social Europe,ESO4.8,ESO4.8,ESF+,European Social Fund Plus,2021SI16FFPR001,EU Cohesion Policy - SI -  ERDF/CF/ESF+/JTF,,SI_128,Tolmin,,,Goriška,,,SI043,2021-2027,"The purpose of the public call is to increase the employment of young people with special needs through various forms of assistance through preventive measures, systematic professional work with young people with special needs, the preparation of a proposal for updated standards and norms of employment rehabilitation for young people, and an awareness-raising campaign, thus contributing to greater social inclusion of young people with special needs and equalization of opportunities.","Namen javnega razpisa je s preventivnim ukrepanjem, s sistematičnim strokovnim delom z mladimi s posebnimi potrebami, pripravo predloga dopolnjenih standardov in normativov zaposlitvene rehabilitacije za mlade ter kampanjo ozaveščanja povečati zaposlovanje mladih s posebnimi potrebami preko različnih oblik pomoči ter tako vplivati na večjo socialno vključenost mladih s posebnimi potrebami in izenačevanje možnosti.",,,,,SI
https://linkedopendata.eu/entity/Q7501664,2021SI16FFPR001_OP27.00516,HISTORY AND CULTURAL EXPERIENCE OF THE FIELD,ZGODOVINSKO IN KULTURNO DOŽIVETJE GRADU PODČETRTEK,Slovenia,01/01/2021,31/10/2028,85.0,999762.02,EUR,849797.72,https://linkedopendata.eu/entity/Q3279680,"46.143301253091,15.585832993957",166,"Protection, development and promotion of cultural heritage and cultural services",,,PO04,Social Europe,RSO4.6,RSO4.6,ERDF,European Regional Development Fund,2021SI16FFPR001,EU Cohesion Policy - SI -  ERDF/CF/ESF+/JTF,,SI_092,Podčetrtek,,,Savinjska,,,SI034,2021-2027,"The project includes the preservation of cultural heritage and the development of cultural and tourist products that will contribute to the economic development of the region and sustainable tourism. The main objectives of the project are: • Renovation of key parts of the castle: entrance and inner courtyard, access corridor in front of the chapel and rooms on the first floor where the library and museum will be set up. • Development of three key cultural and tourism products: 1. Museum and Library: The castle will host a museum with exhibitions of historical artifacts and a library that will provide access to the collection of Professor Jože Krašovec through digitalisation. 2. Thematic tourism product: Interpretation of heritage through guided tours, which connects the cultural and gastronomic heritage of the region. 3. Cultural programme and outdoor events: The renovated courtyard will host cultural events throughout the year. Increasing accessibility and digitalisation: The project includes the improvement of physical accessibility and digital accessibility with interactive content, which enables public exploration of cultural heritage. Stakeholder involvement: The project involves the participation of local institutions, local businesses and cultural institutions that will contribute to successful implementation and economic development. The project is in line with national and regional strategies for the sustainable development of cultural heritage and tourism and is supported by Mr Expected results: • Increasing the number of visitors: With the renovation and cultural offer, a significant increase in the number of visitors to the castle and the region is expected. • Boosting the local economy: Creating new jobs and opportunities for the local community. • Sustainable development of tourism: Reduction of seasonal fluctuations and long-term stability of the tourism sector","Projekt vključuje ohranjanje kulturne dediščine in razvoj kulturno-turističnih produktov, ki bodo prispevali k gospodarskemu razvoju regije in trajnostnemu turizmu. Glavni cilji projekta so: • Obnova ključnih delov gradu: vhodnega in notranjega dvorišča, dostopnega hodnika pred kapelo ter prostorov v nadstropju, kjer bodo vzpostavljeni knjižnica in muzej. • Razvoj treh ključnih kulturno-turističnih produktov: 1. Muzej in knjižnica: V gradu bo deloval muzej z razstavami zgodovinskih artefaktov ter knjižnica, ki bo omogočila dostop do zbirke profesorja dr. Jožeta Krašovca s pomočjo digitalizacije. 2. Tematski turistični produkt: Interpretacija dediščine skozi vodenje ogledov, ki povezuje kulturno in gastronomsko dediščino regije. 3. Kulturni program in dogodki na prostem: Na prenovljenem dvorišču bodo potekale kulturne prireditve skozi vse leto. Povečanje dostopnosti in digitalizacija: Projekt vključuje izboljšanje fizične dostopnosti ter digitalno dostopnost z interaktivnimi vsebinami, kar omogoča javno raziskovanje kulturne dediščine. Sodelovanje deležnikov: Projekt vključuje sodelovanje lokalnih institucij, lokalnih podjetij in kulturnih ustanov, ki bodo prispevale k uspešni izvedbi in gospodarskemu razvoju. Projekt je skladen z nacionalnimi in regionalnimi strategijami trajnostnega razvoja kulturne dediščine in turizma ter podpira gospod Pričakovani rezultati: • Povečanje števila obiskovalcev: S prenovo in kulturno ponudbo se pričakuje znatno povečanje števila obiskovalcev gradu in regije. • Spodbujanje lokalnega gospodarstva: Ustvarjanje novih delovnih mest in priložnosti za lokalno skupnost. • Trajnostni razvoj turizma: Zmanjšanje sezonskih nihanj in dolgoročna stabilnost turističnega sektorja",,,,,SI
https://linkedopendata.eu/entity/Q7501478,2021SI16FFPR001_OP27.00292,DIGI-DEVELOPMENT: Raising awareness and developing the digital skills of adult employees in companies and the general public,DIGI-RAZVOJ: Ozaveščanje in razvoj digitalnih veščin odraslih zaposlenih v podjetjih in širši javnosti,Slovenia,23/02/2024,31/10/2025,40.0,72850.0,EUR,29140.0,https://linkedopendata.eu/entity/Q3280987,"46.1,14.15",018,IT services and applications for digital skills and digital inclusion,,,PO01,Smarter Europe,RSO1.2,RSO1.2,ERDF,European Regional Development Fund,2021SI16FFPR001,EU Cohesion Policy - SI -  ERDF/CF/ESF+/JTF,,,,,Western Slovenia,,,SI04,,2021-2027,"As part of the DIGI-DEVELOPMENT operation, seven advanced educational programmes are designed, which comprehensively cover all five key areas of digital competence according to DigComp 2.2 and all 21 key digital competences according to the DigComp 2.2 framework. In total, the programmes consist of more than 50 specific content directly related to digital services and applications relevant to the modern digital society. We also included 12 different digital services in each program, such as e-mail, eGovernment, eHealth and video call services. Each programme is completed with a section dedicated to assessment and further learning, thus promoting critical self-reflection and continuous education. Each programme is designed to enable participants to acquire and upgrade the knowledge and skills needed to use digital technologies effectively and safely in everyday life and at work. The programmes are adapted to the needs of the adult population of Slovenia over the age of 30 and are aimed at raising advanced digital competences. They cover topics from the use of social networks and esthetics to programming and digital design, paying special attention to security, privacy and ethical aspects of digitalisation.","V okviru operacije DIGI-RAZVOJ je oblikovanihi sedem naprednih izobraževalnih programov, ki celovito pokrivajo vseh pet ključnih področij digitalnih kompetenc po DigComp 2.2 ter vseh 21 ključnih digitalnih kompetenc glede na okvir DigComp 2.2. Skupno so programi sestavljeni iz več kot 50 specifičnih vsebin, ki so neposredno povezane z digitalnimi storitvami in aplikacijami, relevantnimi za sodobno digitalno družbo. V vsak program smo vključili tudi 12 različnih digitalnih storitev, kot so epošta, eUprava, eZdravje in storitve za videoklice. Vsak program zaključimo s sklopom, namenjenim oceni in nadaljnjemu učenju, s čimer spodbujamo kritično samorefleksijo in kontinuirano izobraževanje. Vsak program je zasnovan tako, da udeležencem omogoča pridobivanje in nadgradnjo znanj ter spretnosti, potrebnih za učinkovito in varno uporabo digitalnih tehnologij v vsakdanjem življenju in na delovnem mestu. Programi so prilagojeni potrebam odraslih prebivalcev Slovenije, starejših od 30 let, in so usmerjeni v dvig naprednih digitalnih kompetenc. Zajemajo teme od uporabe družbenih omrežij in estoritev do programiranja in digitalnega oblikovanja, pri čemer posebno pozornost namenjamo varnosti, zasebnosti in etičnim vidikom digitalizacije.",,,,,SI
https://linkedopendata.eu/entity/Q7501537,2021SI16FFPR001_OP27.00354,Upgrading of the Dobova - Sevnica line: Stage 1,Nadgradnja proge Dobova - Sevnica: etapa 1,Slovenia,01/11/2019,31/01/2026,85.0,28476246.0,EUR,24204809.1,https://linkedopendata.eu/entity/Q3279969,"46,15",100,Reconstructed or modernised railways - TEN-T core network,,,PO03,Connected Europe,RSO3.1,RSO3.1,CF,Cohesion Fund,2021SI16FFPR001,EU Cohesion Policy - SI -  ERDF/CF/ESF+/JTF,,,,,,,,,,2021-2027,The subject of the application is the upgrade of the 1st stage (the Krško area) due to the weariness and obsolescence of the elements of the lower and upper structures and the increase in the permeability of the railway infrastructure and thus the achievement of the TEN-T standards.,Predmet vloge je nadgradnja 1. etape (območje Krško) zaradi dotrajanosti in zastarelosti elementov spodnjega in zgornjega ustroja ter povečanje prepustnosti železniške infrastrukture in s tem doseganje TEN-T standardov.,,,,,SI
https://linkedopendata.eu/entity/Q7501733,2021SI16FFPR001_OP27.00615,EPK GO!2025 - EPIC,EPK GO!2025 - EPIC,Slovenia,01/06/2023,31/12/2025,40.0,6283654.78,EUR,2513461.91,https://linkedopendata.eu/entity/Q3278960,"45.980403826643,13.74051888786",169,"Territorial development initiatives, including preparation of territorial strategies",,,PO05,Europe closer to citizens,RSO5.1,RSO5.1,ERDF,European Regional Development Fund,2021SI16FFPR001,EU Cohesion Policy - SI -  ERDF/CF/ESF+/JTF,,SI_084,Nova Gorica,,,Goriška,,,SI043,2021-2027,"The main goal of the project is to establish a new physical and virtual exhibition space, as well as an interpretational, intercultural, creative and educational center of the EPIC and the arrangement of external surfaces, thus contributing to the revitalization of the urban border area, improving the functionality, safety and quality of the area and adding new quality of life for the inhabitants of both Gorice. The aim of the project is also to arrange one of the venues for the implementation of the European Capital of Culture 2025 programme (EPK GO!2025), as the project EPK GO!2025 – EPIC is one of the main projects in the ECK GO!2025 application book. The project will contribute 3,259 m2 of renovated free and underused areas.","Glavni cilj projekta je vzpostaviti nov fizični in virtualni razstavni prostor ter interpretacijsko, medkulturno, ustvarjalno in izobraževalno središče EPIC in ureditev zunanjih površin ter tako prispevati k revitalizaciji urbanega obmejnega območja, izboljšati funkcionalnost, varnost in kakovosti območja ter mu dodati nove kvalitete življenja za prebivalce obeh Goric. Cilj projekta je tudi urediti eno izmed prizorišč izvajanja programa Evropske prestolnice kulture 2025 (EPK GO!2025), saj je projekt EPK GO!2025 – EPIC eden izmed glavnih projektov v prijavni knjigi EPK GO!2025. Projekt bo prispeval 3.259 m2 prenovljenih prostih in slabo izkoriščenih površin.",,,,,SI
https://linkedopendata.eu/entity/Q7501692,2021SI16FFPR001_OP27.00551,The Wonder.ai platform,Platforma Wonder.ai,Slovenia,14/03/2025,31/03/2027,85.0,72000.0,EUR,61200.0,https://linkedopendata.eu/entity/Q7501184,"46.259083921942,15.165689852759",025,"Incubation, support to spin offs and spin outs and start ups",,,PO01,Smarter Europe,RSO1.3,RSO1.3,ERDF,European Regional Development Fund,2021SI16FFPR001,EU Cohesion Policy - SI -  ERDF/CF/ESF+/JTF,,SI_190,Žalec,,,Savinjska,,,SI034,2021-2027,"Multiversum is developing an innovative platform for integrating AI into business processes that addresses the challenges of overburdened support services. This platform will provide natural communication with AI, digital accessibility and call center optimization. It boasts advanced processing, flexible AI model management and cost reduction. A special focus is on customized neural networks for specific customer needs, which improves interaction and efficiency.","V podjetju Multiversum razvijajo inovativno platformo za integracijo AI v poslovne procese, ki rešuje izzive preobremenjenih podpornih služb. Ta platforma bo zagotavljala naravno komunikacijo z AI, digitalno dostopnost in optimizacijo klicnih centrov. Ponaša se z naprednim procesiranjem, prilagodljivim upravljanjem z AI modeli in zniževanjem stroškov. Poseben fokus je na prilagojenih nevronskih mrežah za specifične potrebe strank, kar izboljšuje interakcijo in učinkovitost.",,,,,SI
https://linkedopendata.eu/entity/Q7501259,2021SI16FFPR001_OP27.00072,Training civil servants for the competences of the future,Usposabljanje javnih uslužbencev za kompetence prihodnosti,Slovenia,01/01/2024,30/11/2029,85.0,3415771.46,EUR,2903405.74,https://linkedopendata.eu/entity/Q3278943,"46.054328329124,14.562956200712",151,Support for adult education (excluding infrastructure),,,PO04,Social Europe,ESO4.7,ESO4.7,ESF+,European Social Fund Plus,2021SI16FFPR001,EU Cohesion Policy - SI -  ERDF/CF/ESF+/JTF,,SI_061,Ljubljana,,,Osrednjeslovenska,,,SI041,2021-2027,"The purpose of the investment is to raise the skills of public officials employed in the wider public sector, including officials, which will be reflected in their more efficient work and, consequently, in better quality public services, as well as in the ability to adapt to rapid social and technological changes, prolonging active life, dealing with crisis situations, and career and personal development. The investment also aims to encourage the use of modern training approaches tailored to the individual, including distance learning with interactive e-training, and to establish an open network of materials (knowledge) for all interested parties.","Namen investicije je dvig usposobljenosti javnih uslužbencev, zaposlenih v širšem javnem sektorju, vključno s funkcionarji, kar se bo odražalo v njihovem učinkovitejšem delu in posledično v kakovostnejših javnih storitvah, kot tudi v zmožnosti prilagajanja na hitre družbene in tehnološke spremembe, podaljševanju aktivne dobe, soočanju s kriznimi situacijami, ter kariernem in osebnem razvoju. Z investicijo želimo spodbuditi tudi uporabo sodobnih pristopov usposabljanj po meri posameznika, vključno z učenjem na daljavo z interaktivnimi e-usposabljanji ter vzpostaviti odprto mrežo gradiv (znanja) za vse zainteresirane.",,,,,SI
https://linkedopendata.eu/entity/Q7501718,2021SI16FFPR001_OP27.00577,Dogs - East Business Zone,Poslovna cona Pesje - Vzhod,Slovenia,24/02/2023,30/09/2026,85.0,2102367.28,EUR,1787012.19,https://linkedopendata.eu/entity/Q3278920,"46.369263220381,15.133009729589",020,Business infrastructure for SMEs (including industrial parks and sites),,,PO08,Just Transition,JTF,JTF,JTF,Just Transition Fund,2021SI16FFPR001,EU Cohesion Policy - SI -  ERDF/CF/ESF+/JTF,,SI_133,Velenje,,,Savinjska,,,SI034,2021-2027,Construction of a new business zone Pesje - East in the rehabilitated degraded area in the Municipality of Velenje.,Izgradnja nove poslovne cone Pesje - vzhod na saniranem degradiranem območju v Mestni občini Velenje.,,,,,SI
https://linkedopendata.eu/entity/Q7501451,2021SI16FFPR001_OP27.00265,Production of OCPS Ruše,Izdelava OCPS Ruše,Slovenia,01/01/2023,31/12/2025,85.0,40000.0,EUR,34000.0,https://linkedopendata.eu/entity/Q3279915,"46.516467698606,15.487032226629",109,Multimodal transport (not urban),,,PO03,Connected Europe,RSO3.2,RSO3.2,CF,Cohesion Fund,2021SI16FFPR001,EU Cohesion Policy - SI -  ERDF/CF/ESF+/JTF,,SI_108,Ruše,,,Podravska,,,SI032,2021-2027,Production of OCPS Ruše,Izdelava OCPS Ruše,,,,,SI
https://linkedopendata.eu/entity/Q7501488,2021SI16FFPR001_OP27.00302,Multigenerational centre + (Point of Power) of the Primorsko Notranjska Region,Večgeneeracijski center + (točka moči) Primorsko Notranjske regije,Slovenia,01/08/2024,30/09/2029,85.0,1505750.4,EUR,1279887.84,https://linkedopendata.eu/entity/Q3279114,"45.789426619717,14.169749986407",163,"Promoting social integration of people at risk of poverty or social exclusion, including the most deprived and children",,,PO04,Social Europe,ESO4.12,ESO4.12,ESF+,European Social Fund Plus,2021SI16FFPR001,EU Cohesion Policy - SI -  ERDF/CF/ESF+/JTF,,SI_094,Postojna,,,Primorsko-notranjska,,,SI038,2021-2027,"The project offers various preventive content and activities aimed primarily at families, individual family members, the elderly and other vulnerable groups. Multigenerational Centre+ (VGC+) is a central gathering place in the local environment, dedicated to socializing, maintaining or expanding the social network and empowering vulnerable groups. It is a preventive project involving educational, intercultural, intergenerational and other activities.","Projekt ponuja različne preventivne vsebine in aktivnosti, namenjene predvsem družinam, posameznim družinskim članom, starejšim in drugim ranljivim skupinam. Večgeneracijski center+ (VGC+) predstavlja osrednji prostor zbiranja v lokalnem okolju, namenjen druženju, ohranjanju oziroma širjenju socialne mreže ter opolnomočenju ranljivih skupin. Gre za preventivni projekt, ki vključuje izobraževalne, medkulturne, medgeneracijske in druge dejavnosti.",,,,,SI
https://linkedopendata.eu/entity/Q7501644,2021SI16FFPR001_OP27.00475,Operation Financial Instruments 2021-2027,Operacija Finančni instrumenti 2021-2027,Slovenia,17/03/2025,31/12/2029,64.86,77083294.39,EUR,50000000.0,https://linkedopendata.eu/entity/Q3280807,"46.1,14.15|46.08333333,15.45",002|003,"Investment in fixed assets, including research infrastructure, in small and medium-sized enterprises (including private research centres) directly linked to research and innovation activities|Investment in fixed assets, including research infrastructure, in large enterprises directly linked to research and innovation activities",,,PO01,Smarter Europe,RSO1.1,RSO1.1,ERDF,European Regional Development Fund,2021SI16FFPR001,EU Cohesion Policy - SI -  ERDF/CF/ESF+/JTF,,,,,Western Slovenia|Eastern Slovenia,,,SI04|SI03,,2021-2027,"FI 2021-2027 is intended to promote growth, development, investment and current operations of target groups defined in the FI 2021-2027 Holding Fund Investment Strategy for the period from 2025 to 2029. Operation FI 2021-2027 will be implemented under the following specific objectives: SC 1.1, SC 1.3, SC 2.1, SC 2.6 and SC 5.1.","FI 2021-2027 so namenjeni spodbujanju rasti, razvoja, investicijskih vlaganj in tekočega poslovanja ciljnih skupin opredeljenih v Naložbeni strategiji Holdinškega sklada FI 2021-2027 za obdobje od 2025 - 2029. Operacija FI 2021-2027 se bo izvajala v okviru naslednjih specifičnih ciljev: SC 1.1, SC 1.3, SC 2.1, SC 2.6 in SC 5.1.",,,,,SI
https://linkedopendata.eu/entity/Q7501506,2021SI16FFPR001_OP27.00320,Expert Chatbot for full communication between the company and its customers.,Ekspertni Chatbot za popolno komunikacijo med podjetjem in njegovimi strankami.,Slovenia,27/03/2024,31/03/2026,40.0,72000.0,EUR,28800.0,https://linkedopendata.eu/entity/Q7501117,"46.254781094051,14.334073802693",025,"Incubation, support to spin offs and spin outs and start ups",,,PO01,Smarter Europe,RSO1.3,RSO1.3,ERDF,European Regional Development Fund,2021SI16FFPR001,EU Cohesion Policy - SI -  ERDF/CF/ESF+/JTF,,SI_052,Kranj,,,Gorenjska,,,SI042,2021-2027,"Expert Chatbot will be based on the latest generation of generative artificial intelligence GPT, presenting an innovative solution that goes beyond traditional digital interactions. It combines the functionality of websites, search engines, telephone support. In addition, it captures and processes customer data in an intuitive and interactive way. With its ability to conduct conversations, much like when communicating with a professional over the phone, chatbot sets new standards in digital communication. Expert Chatbot also reduces the carbon footprint of companies in B2C and B2B communications.","Ekspertni Chatbot bo zasnovan na najnovejši generaciji generativne umetne inteligence GPT, predstavlja inovativno rešitev, ki presega tradicionalne digitalne interakcije. Združuje funkcionalnosti spletnih strani, iskalnikov, telefonske podpore. Poleg tega zajema in obdeluje podatke stranke na intuitiven in interaktiven način. S svojo sposobnostjo vodenja pogovorov, podobno kot pri komunikaciji s strokovnjakom po telefonu, chatbot postavlja nove standarde v digitalni komunikaciji. Ekspertni Chatbot tudi zmanjšuje ogljični odtis podjetij v B2C in B2B komunikaciji.",,,,,SI
https://linkedopendata.eu/entity/Q7501287,2021SI16FFPR001_OP27.00095,Youth work against youth precariousness - pilot project - KRC Hrastnik,Z mladinskim delom proti prekarnosti mladih - pilotni projekt - KRC Hrastnik,Slovenia,01/06/2024,31/12/2026,85.0,87060.4,EUR,74001.34,https://linkedopendata.eu/entity/Q7501070,"46.131350227263,15.118681085452",136,Specific support for youth employment and socio-economic integration of young people,,,PO04,Social Europe,ESO4.1,ESO4.1,ESF+,European Social Fund Plus,2021SI16FFPR001,EU Cohesion Policy - SI -  ERDF/CF/ESF+/JTF,,SI_034,Hrastnik,,,Zasavska,,,SI035,2021-2027,Youth work against youth precariousness - pilot project - KRC Hrastnik,Z mladinskim delom proti prekarnosti mladih - pilotni projekt - KRC Hrastnik,,,,,SI
https://linkedopendata.eu/entity/Q7501445,2021SI16FFPR001_OP27.00259,Production of OCPS of the Municipality of Tolmin,Izdelava OCPS občine Tolmin,Slovenia,01/01/2023,31/12/2025,85.0,40000.0,EUR,34000.0,https://linkedopendata.eu/entity/Q3279073,"46.169931281156,13.808885891283",109,Multimodal transport (not urban),,,PO03,Connected Europe,RSO3.2,RSO3.2,CF,Cohesion Fund,2021SI16FFPR001,EU Cohesion Policy - SI -  ERDF/CF/ESF+/JTF,,SI_128,Tolmin,,,Goriška,,,SI043,2021-2027,Production of OCPS of the Municipality of Tolmin,Izdelava OCPS občine Tolmin,,,,,SI
https://linkedopendata.eu/entity/Q7501508,2021SI16FFPR001_OP27.00322,"Heart-brained, technology-enabled: AgriPal - For an exceptional crop of the future!","Obrano s srcem, podprto s tehnologijo: AgriPal - Za izjemen pridelek prihodnosti!",Slovenia,18/03/2024,31/03/2026,40.0,72000.0,EUR,28800.0,https://linkedopendata.eu/entity/Q7501121,"46.054328329124,14.562956200712",025,"Incubation, support to spin offs and spin outs and start ups",,,PO01,Smarter Europe,RSO1.3,RSO1.3,ERDF,European Regional Development Fund,2021SI16FFPR001,EU Cohesion Policy - SI -  ERDF/CF/ESF+/JTF,,SI_061,Ljubljana,,,Osrednjeslovenska,,,SI041,2021-2027,The subject of the project is the development and launch of the AgriPal robot assistant in agri-food. The product is intended for medium-sized farms and larger agricultural plants at harvest. The product has a positive impact on the environment.,Predmet projekta je razvoj in začetek prodaje robotskega pomočnika AgriPal v agroživilstvu. Produkt je namenje srednje velikim kmetijam in večjim kmetijskim obratom pri spravilu pridelka. Produkt ima pozitiven vpliv na okolje.,,,,,SI
https://linkedopendata.eu/entity/Q7501584,2021SI16FFPR001_OP27.00402,Management for LAS HALOZE 2021-2027,Upravljanje za LAS HALOZE 2021-2027,Slovenia,01/01/2024,30/09/2029,85.0,173431.93,EUR,147417.14,https://linkedopendata.eu/entity/Q3279391,"46.45,15.68333333",169,"Territorial development initiatives, including preparation of territorial strategies",,,PO05,Europe closer to citizens,RSO5.2,RSO5.2,ERDF,European Regional Development Fund,2021SI16FFPR001,EU Cohesion Policy - SI -  ERDF/CF/ESF+/JTF,,,,,,Podravska,,,SI032,2021-2027,"Support for the management of the LAG is intended to co-finance the costs incurred in the management and operation of the LAG, including monitoring and evaluation of the approved SLR, animation of the LAG area and assistance to potential beneficiaries for developing project ideas and preparing projects.","Podpora za upravljanje LAS je namenjena za sofinanciranje stroškov, ki so nastali pri upravljanju in delovanju LAS, vključno s spremljanjem in vrednotenjem odobrene SLR, animacijo območja LAS in pomoči morebitnim upravičencem za razvijanje projektnih idej in pripravo projektov.",,,,,SI
https://linkedopendata.eu/entity/Q7501635,2021SI16FFPR001_OP27.00461,Bathing area Vevče,Kopališče Vevče,Slovenia,23/04/2019,30/04/2025,40.0,9265922.12,EUR,3706368.85,https://linkedopendata.eu/entity/Q3279971,"46.054328329124,14.562956200712",169,"Territorial development initiatives, including preparation of territorial strategies",,,PO05,Europe closer to citizens,RSO5.1,RSO5.1,ERDF,European Regional Development Fund,2021SI16FFPR001,EU Cohesion Policy - SI -  ERDF/CF/ESF+/JTF,,SI_061,Ljubljana,,,Osrednjeslovenska,,,SI041,2021-2027,"Operation The Vevče swimming pool complex comprises an indoor indoor and outdoor swimming pool complex with accompanying outdoor and traffic arrangements and connections to public utility infrastructure. The main part of the building with K (partially)+P+1 floors includes an indoor pool, a restaurant, and saunas and a gym in the aboveground part. The outdoor part of the swimming pool complex includes outdoor swimming pools, a side pool platform, a children's playground, a sports playground and a service facility on level P. The outdoor arrangement at the main entrance to the facility includes an entrance market, a road connection with an outdoor parking lot.","Operacija Kopališče Vevče zajema notranje dvoransko in zunanje bazensko kopališče s spremljevalno zunanjo in prometno ureditvijo ter priključki na javno komunalno infrastrukturo. Glavni del objekta z etažami K (delno)+P+1 zajema notranji bazen, gostinski lokal, ter savne in telovadnico v nadzemnem delu. Zunanji del bazenskega kopališča zajema zunanje bazene, ob-bazensko ploščad, otroško in športno igrišče ter servisni objekt etaže P. Zunanja ureditev ob glavnem vhodu v objekt zajema vhodni trg, cestni priključek z zunanjim parkiriščem.",,,,,SI
https://linkedopendata.eu/entity/Q7501658,2021SI16FFPR001_OP27.00498,Arrangement of a common area for mixed traffic of pedestrians and cyclists between Slovenska trg and Stritarjeva ulica (Brioni),Ureditev skupne površine za mešan promet pešcev in kolesarjev med Slovenskim trgom in Stritarjevo ulico (Brioni),Slovenia,24/08/2023,31/12/2027,40.0,1553131.1,EUR,621252.44,https://linkedopendata.eu/entity/Q3278959,"46.1,14.15",083,Cycling infrastructure,,,PO02,"Greener, carbon-free Europe",RSO2.8,RSO2.8,ERDF,European Regional Development Fund,2021SI16FFPR001,EU Cohesion Policy - SI -  ERDF/CF/ESF+/JTF,,,,,Western Slovenia,,,SI04,,2021-2027,"The planned investment envisages the arrangement of a common area for mixed traffic of pedestrians and cyclists between Slovenska trg and Stritarjeva ulica. The central part of the area is the platform in front of the building of the Municipality of Kranj, which has been declared a cultural monument of national importance. The planned investment will eliminate 53 parking spaces and allocate the entire area of 2,553.80 m2 to cyclists and pedestrians. As part of the planned investment, facilities and traffic calming measures will be installed to ensure safer and more pleasant pedestrian traffic, urban equipment will be installed and measures for the comfort and attractiveness of pedestrian infrastructure will be implemented. A new station of the public bike rental system KRsKOLESOM will also be installed in order to maximize the number of people who would go on daily errands with a bicycle. The purpose of the project is to contribute to the achievement of the primary objectives of transport policy: – increasing the number of commuting by bicycle and increasing the share of cycling in urban travel, – reducing the use of private vehicles in the city, – promoting the creation of a sustainable transport system, – providing conditions for attractive, safe and comfortable walking and cycling in the city, – increasing the share of walking in urban travel and the presence of pedestrians in the city, – increasing road safety for the two most vulnerable groups in road transport: pedestrians and cyclists, as well as persons with disabilities and the visually impaired, - reducing CO2 and PM emissions in the city, - improving air quality, including through newly planted areas, - reducing noise pollution in the Kranj urban area, - reducing the number of kilometres travelled by passenger cars and - contributing to social change and raising social awareness. The planned investment is an operation in public infrastructure that is in the public interest. Works will be carried out in accordance with Article 21 of the Roads Act (ZCes-2) – maintenance works in the public interest, therefore no building permit is required.","Načrtovana investicija predvideva ureditev skupne površine za mešan promet pešcev in kolesarjev med Slovenskim trgom in Stritarjevo ulico. Osrednji del območja urejanja predstavlja ploščad pred stavbo Mestne občine Kranj, ki je bila razglašena za kulturni spomenik državnega pomena. Z načrtovano investicijo se bo ukinilo 53 parkirnih mest in se celotno površino v izmeri 2.553,80 m2 namenilo kolesarjem in pešcem. V sklopu načrtovane investicije bodo nameščene tudi naprave in ukrepi za umirjanje prometa, ki bodo zagotovili varnejši in prijetnejši promet pešcev, postavljena urbana oprema in izvedeni ukrepi za udobnost in privlačnost infrastrukture za pešce. Postavljena bo tudi nova postaja sistema izposoje javnih koles KRsKOLESOM z namenom čim večjega števila ljudi, ki bi se po dnevnih opravkih podali s kolesom. Namenski cilj projekta je prispevanje k zadovoljevanju primarnih ciljev prometne politike: – povečanje števila dnevnih migracij s kolesom in povečanju deleža kolesarjenja v mestnih potovanjih, – zmanjšanje uporabe osebnih vozil v mestu, – spodbujanje ustvarjanja trajnostnega prometnega sistema, – zagotavljanje pogojev za privlačno, varno in udobno hojo in kolesarjenje v mestu, – povečanje deleža pešačenja v mestnih potovanjih in prisotnost pešcev v mestu, – povečanju prometne varnosti dveh najbolj ranljivih skupin v cestnem prometu: pešcev in kolesarjev, pa tudi invalidov ter slepih in slabovidnih, – zmanjšanje emisij CO2 in PM delcev v mestu, – izboljšanje kakovosti zraka, tudi z novo zasajenimi površinami, – zmanjšanje obremenitev s hrupom v mestnem naselju Kranj, – zmanjšanje števila prevoženih kilometrov z osebnimi avtomobili in – prispevanje k družbeni spremembi ter dvigu družbene ozaveščenosti. Pri načrtovani investiciji gre za operacijo v javno infrastrukturo, ki je v javnem interesu. Dela se bodo izvedla skladno z 21. členom Zakona o cestah (ZCes-2) – vzdrževalna dela v javno korist, zato gradbenega dovoljenja ni potrebno pridobiti.",,,,,SI
https://linkedopendata.eu/entity/Q7501707,2021SI16FFPR001_OP27.00566,Call for proposals for the co-financing of projects Transition of young people +,Javni razpis za sofinanciranje projektov Prehod mladih +,Slovenia,01/05/2025,30/09/2029,40.0,323628.0,EUR,129451.2,https://linkedopendata.eu/entity/Q3280797,"46.054328329124,14.562956200712",153,Pathways to integration and re-entry into employment for disadvantaged people,,,PO04,Social Europe,ESO4.8,ESO4.8,ESF+,European Social Fund Plus,2021SI16FFPR001,EU Cohesion Policy - SI -  ERDF/CF/ESF+/JTF,,SI_061,Ljubljana,,,Osrednjeslovenska,,,SI041,2021-2027,"The purpose of the public call is to increase the employment of young people with special needs through various forms of assistance through preventive measures, systematic professional work with young people with special needs, the preparation of a proposal for updated standards and norms of employment rehabilitation for young people, and an awareness-raising campaign, thus contributing to greater social inclusion of young people with special needs and equalization of opportunities.","Namen javnega razpisa je s preventivnim ukrepanjem, s sistematičnim strokovnim delom z mladimi s posebnimi potrebami, pripravo predloga dopolnjenih standardov in normativov zaposlitvene rehabilitacije za mlade ter kampanjo ozaveščanja povečati zaposlovanje mladih s posebnimi potrebami preko različnih oblik pomoči ter tako vplivati na večjo socialno vključenost mladih s posebnimi potrebami in izenačevanje možnosti.",,,,,SI
https://linkedopendata.eu/entity/Q7501249,2021SI16FFPR001_OP27.00059,Strategic Development and Innovation Partnership - Circular Economy Transition Networks,Strateško razvojno-inovacijsko partnerstvo – Mreže za prehod v krožno gospodarstvo,Slovenia,09/11/2023,30/09/2026,59.34,715436.06,EUR,424546.9,https://linkedopendata.eu/entity/Q3280390,"46,15",012,"Research and innovation activities in public research centres, higher education and centres of competence including networking (industrial research, experimental development, feasibility studies)",,,PO01,Smarter Europe,RSO1.1,RSO1.1,ERDF,European Regional Development Fund,2021SI16FFPR001,EU Cohesion Policy - SI -  ERDF/CF/ESF+/JTF,,,,,,,,,,2021-2027,"The strategic development and innovation partnership for the transition to a circular economy focuses on the transition to a circular economy and prioritises horizontal technologies in energy and material efficiency and technological processes: hydrogen, biorefineries, CO2 capture and storage, biofuels, secondary raw material processing technologies, biomaterials and circular business models. In addition, it focuses on the entire system of transition to a circular economy by promoting testing of new technologies and product development according to the principles of circular design. The focus areas of the smart and circular economy are reflected in sustainable energy, biomass and alternative raw materials, secondary raw materials, functional materials, processes and technologies, and circular business models.","Strateško razvojno-inovacijsko partnerstvo za prehod v krožno gospodarstvo je osredotočen na prehod v krožno gospodarstvo in prednostno horizontalne tehnologije energetske in snovne učinkoviti ter tehnoloških procesov: vodika, biorafinerije, zajem in skladiščenje CO2, biogoriva, tehnologije za pripravo sekundarnih surovin, biomaterialov in krožnih poslovnih modelov. Dodatno je usmerjen v celotni sistem prehoda v krožno gospodarstvo s promocijo testiranja novih tehnologij in razvoja izdelkov po načelih krožnega dizajna. Fokusna področja pametne in krožnega gospodarstva se izražajo v trajnostni energiji, biomasi in alternativnih surovinah, sekundarnih surovinah, funkcionalnih materialih, procesih in tehnologijah ter krožnih poslovnih modelih.",,,,,SI
https://linkedopendata.eu/entity/Q7501262,2021SI16FFPR001_OP27.00076,Youth work against youth precariousness - pilot project - Zavod Novo mesto,Z mladinskim delom proti prekarnosti mladih - pilotni projekt - Zavod Novo mesto,Slovenia,01/06/2024,31/12/2026,85.0,87060.4,EUR,74001.34,https://linkedopendata.eu/entity/Q7501063,"45.780913347775,15.193791028054",136,Specific support for youth employment and socio-economic integration of young people,,,PO04,Social Europe,ESO4.1,ESO4.1,ESF+,European Social Fund Plus,2021SI16FFPR001,EU Cohesion Policy - SI -  ERDF/CF/ESF+/JTF,,SI_085,Novo mesto,,,Jugovzhodna Slovenija,,,SI037,2021-2027,Youth work against youth precariousness - pilot project - Zavod Novo mesto,Z mladinskim delom proti prekarnosti mladih - pilotni projekt - Zavod Novo mesto,,,,,SI
https://linkedopendata.eu/entity/Q7501637,2021SI16FFPR001_OP27.00465,Establishment of a development office for cultural and artistic education (RP KUV),Vzpostavitev razvojne pisarne za kulturno- umetnostno vzgojo (RP KUV),Slovenia,01/01/2024,30/09/2029,63.85,572600.0,EUR,365605.1,https://linkedopendata.eu/entity/Q3279050,"46.054328329124,14.562956200712",149,Support for primary to secondary education (excluding infrastructure),,,PO04,Social Europe,ESO4.5,ESO4.5,ESF+,European Social Fund Plus,2021SI16FFPR001,EU Cohesion Policy - SI -  ERDF/CF/ESF+/JTF,,SI_061,Ljubljana,,,Osrednjeslovenska,,,SI041,2021-2027,"Establishment of the Development Office for Arts and Culture Education (hereinafter: RP FBV), which will be established at the MA with the purpose of building a system environment for the development of FBV at the national level. The RP KUV will act as a professional, liaison and development support body.","Vzpostavitev Razvojne pisarne za kulturno-umetnostno vzgojo (v nadaljnjem besedilu: RP KUV), ki bo vzpostavljena na MK z namenom izgradnje sistemskega okolja za razvoj KUV na nacionalni ravni. RP KUV bo delovala kot strokovno, povezovalno in razvojno podporno telo.",,,,,SI
https://linkedopendata.eu/entity/Q7501479,2021SI16FFPR001_OP27.00293,"DDK 2024-2025, AGORA","DDK 2024-2025, AGORA",Slovenia,23/02/2024,31/10/2025,54.79,164500.0,EUR,90122.5,https://linkedopendata.eu/entity/Q7501111,"46.1,14.15|46.08333333,15.45",018,IT services and applications for digital skills and digital inclusion,,,PO01,Smarter Europe,RSO1.2,RSO1.2,ERDF,European Regional Development Fund,2021SI16FFPR001,EU Cohesion Policy - SI -  ERDF/CF/ESF+/JTF,,,,,Western Slovenia|Eastern Slovenia,,,SI04|SI03,,2021-2027,"The operation consists of two basic and one advanced educational program. The basic programmes cover all 5 areas and all 21 digital competences, as well as all areas and all competences are covered by the advanced educational programme. Three thematic workshops are foreseen: Entering the digital world; Active e-citizen and sovereign in the digital world. Participants of all workshops will be given the broadest possible insight and a wide range of digital competences, which will also provide them with an excellent basis for integrating these competences into everyday life and work, and at the same time prepare them an excellent basis for later developing these competences.","Operacija je sestavljena iz dveh osnovnih ter enega naprednega izobraževalnega programa. Osnovna programa pokrivata vseh 5 področij in vseh 21 digitalnih kompetenc, prav tako vsa področja in vse kompetence pokriva napredni izobraževalni program. Predvidene so tri tematske delavnice: Vstop v digitalni svet; Aktiven e-državljan in Suvereno v digitalnem svetu. Udeleženci vseh delavnic bodo dobili najširši možni vpogled in širok spekter digitalnih kompetenc, kar jim bo tudi predstavljalo odlično podlago za vključitev teh kompetenc v vsakdanje življenje in delo, hkrati pa jim tudi pripravilo odlično podlago, da bodo kasneje te svoje kompetence tudi razvijali.",,,,,SI
https://linkedopendata.eu/entity/Q7501703,2021SI16FFPR001_OP27.00562,Call for proposals for the co-financing of projects Transition of young people +,Javni razpis za sofinanciranje projektov Prehod mladih +,Slovenia,01/05/2025,30/09/2029,85.0,323628.0,EUR,275083.8,https://linkedopendata.eu/entity/Q3280794,"46.563226869974,15.627324811128",153,Pathways to integration and re-entry into employment for disadvantaged people,,,PO04,Social Europe,ESO4.8,ESO4.8,ESF+,European Social Fund Plus,2021SI16FFPR001,EU Cohesion Policy - SI -  ERDF/CF/ESF+/JTF,,SI_070,Maribor,,,Podravska,,,SI032,2021-2027,"The purpose of the public call is to increase the employment of young people with special needs through various forms of assistance through preventive measures, systematic professional work with young people with special needs, the preparation of a proposal for updated standards and norms of employment rehabilitation for young people, and an awareness-raising campaign, thus contributing to greater social inclusion of young people with special needs and equalization of opportunities.","Namen javnega razpisa je s preventivnim ukrepanjem, s sistematičnim strokovnim delom z mladimi s posebnimi potrebami, pripravo predloga dopolnjenih standardov in normativov zaposlitvene rehabilitacije za mlade ter kampanjo ozaveščanja povečati zaposlovanje mladih s posebnimi potrebami preko različnih oblik pomoči ter tako vplivati na večjo socialno vključenost mladih s posebnimi potrebami in izenačevanje možnosti.",,,,,SI
https://linkedopendata.eu/entity/Q7501407,2021SI16FFPR001_OP27.00221,"Production of the OCPS of the municipalities of Ormož, Središče ob Dravi and Sveti Tomaž","Izdelava OCPS občin Ormož, Središče ob Dravi in Sveti Tomaž",Slovenia,01/01/2023,30/06/2025,85.0,96000.0,EUR,81600.0,https://linkedopendata.eu/entity/Q3279325,"46.437887427221,16.151451939145",109,Multimodal transport (not urban),,,PO03,Connected Europe,RSO3.2,RSO3.2,CF,Cohesion Fund,2021SI16FFPR001,EU Cohesion Policy - SI -  ERDF/CF/ESF+/JTF,,SI_087,Ormož,,,Podravska,,,SI032,2021-2027,"Production of the OCPS of the municipalities of Ormož, Središče ob Dravi and Sveti Tomaž","Izdelava OCPS občin Ormož, Središče ob Dravi in Sveti Tomaž",,,,,SI
https://linkedopendata.eu/entity/Q7501625,2021SI16FFPR001_OP27.00451,"Raising men's awareness of the importance of skin care and adnexa, as well as photographers' awareness of the importance of AI skills",Ozaveščanje moških o pomembnosti skrbi za kožo in adnekse ter fotografov o pomembnosti znanj iz umetne inteligence,Slovenia,01/10/2024,31/08/2025,40.0,44700.0,EUR,17880.0,https://linkedopendata.eu/entity/Q7501146,"46.1,14.15",150,Support for tertiary education (excluding infrastructure),,,PO04,Social Europe,ESO4.5,ESO4.5,ESF+,European Social Fund Plus,2021SI16FFPR001,EU Cohesion Policy - SI -  ERDF/CF/ESF+/JTF,,,,,Western Slovenia,,,SI04,,2021-2027,"The operation will enable the acquisition of practical experience, knowledge and competences of students in the work environment during their studies, encourage the strengthening of cooperation and integration and transfer of knowledge between the higher education system and the work environment (the economy and the non-economy and non-profit sector in the local and regional environment). In this way, young people will be able to develop their skills in the realization of ideas, the development of entrepreneurship, innovation, creative and critical thinking, creativity, etc. for greater employability and easier transition into the working environment after the completion of their studies. The call also addresses other challenges of higher education, such as the systemic introduction of knowledge transfer between higher education institutions and the working environment, greater flexibility and adaptation of study programmes to the needs of the labour market, and the establishment of long-term cooperation between higher education institutions and the working environment.","V okviru operacije bo omogočeno pridobivanje praktičnih izkušenj, znanj in kompetenc študentov v delovnem okolju v času študija, spodbujanje krepitve sodelovanja in povezovanja ter prenosa znanja med visokošolskim sistemom in med delovnim okoljem (gospodarstvo ter negospodarstvo in neprofitni sektor v lokalnem in regionalnem okolju). Na ta način se bo mladim omogočalo razvoj znanj in spretnosti pri uresničevanju idej, razvoj podjetnosti, inovativnosti, kreativnega in kritičnega razmišljanja, ustvarjalnosti ipd. za večjo zaposljivost in lažji prehod v delovno okolje po zaključku študija. Z javnim razpisom se naslavlja tudi druge izzive visokega šolstva kot npr. sistemsko uvajanje prenosa znanja med visokošolskimi zavodi in delovnim okoljem, večja fleksibilnost in prilagajanje študijskih programov potrebam trga dela ter vzpostavitev dolgoročnega sodelovanja med visokošolskimi zavodi in delovnim okoljem.",,,,,SI
https://linkedopendata.eu/entity/Q7501698,2021SI16FFPR001_OP27.00557,Call for proposals for the co-financing of projects Transition of young people +,Javni razpis za sofinanciranje projektov Prehod mladih +,Slovenia,01/05/2025,30/09/2029,67.0,530000.0,EUR,355100.0,https://linkedopendata.eu/entity/Q3279979,"46.054328329124,14.562956200712",153,Pathways to integration and re-entry into employment for disadvantaged people,,,PO04,Social Europe,ESO4.8,ESO4.8,ESF+,European Social Fund Plus,2021SI16FFPR001,EU Cohesion Policy - SI -  ERDF/CF/ESF+/JTF,,SI_061,Ljubljana,,,Osrednjeslovenska,,,SI041,2021-2027,"The purpose of the public call is to increase the employment of young people with special needs through various forms of assistance through preventive measures, systematic professional work with young people with special needs, the preparation of a proposal for updated standards and norms of employment rehabilitation for young people, and an awareness-raising campaign, thus contributing to greater social inclusion of young people with special needs and equalization of opportunities.","Namen javnega razpisa je s preventivnim ukrepanjem, s sistematičnim strokovnim delom z mladimi s posebnimi potrebami, pripravo predloga dopolnjenih standardov in normativov zaposlitvene rehabilitacije za mlade ter kampanjo ozaveščanja povečati zaposlovanje mladih s posebnimi potrebami preko različnih oblik pomoči ter tako vplivati na večjo socialno vključenost mladih s posebnimi potrebami in izenačevanje možnosti.",,,,,SI
https://linkedopendata.eu/entity/Q7420782,2021EUIXXXXXXXX_EUI02-143,MAG-NET,MAG-NET,Slovenia,01/12/2024,31/05/2028,80.0,5641200.4,EUR,4512960.32,https://linkedopendata.eu/entity/Q7420660,"46.2365972,15.091648",,,,,PO05,Europe closer to citizens,,,ERDF,European Regional Development Fund,2021EUIXXXXXXXX,European Urban Initiative 2021-2027,,SI_174,Prebold,,,Savinjska,,,SI034,2021-2027,"MAG-NET aims to address the talent drain in Celje and Prebold, two neighbour towns in Slovenia. Acknowledging the trend of talents moving to larger cities, the project introduces a two-folded strategy: firstly, it establishes the MAG-NET Hub, an interdisciplinary innovation and entrepreneurship space supported by a digital platform; secondly, it initiates five Urban Real-Life Learning Labs, concentrating on crucial areas such as affordable housing, sustainable mobility, industry 4.0, urban atmosphere, and community energy. The innovative solution proposed by the project is based on three key elements: providing a dynamic platform for youth to engage with urban challenges, encouraging collaborative efforts among stakeholders, and involving citizens in co-creating tangible urban improvements. Addressing depopulation, lack of attractive jobs, and untapped local talent resources, the MAG-NET model promises lasting impact through a permanent SPACELAB, fostering skill development and inter-sectoral collaboration. It aspires to redefine Celje and Prebold, creating sustainable, participatory frameworks for urban development, boosting the demand and supply of talents, and nurturing inclusive local growth.","MAG-NET želi naslavljati odtok talentov v Celju in Preboldu, dveh sosednjih mestih v Sloveniji. Projekt priznava trend prehajanja talentov v večja mesta in uvaja dvojno strategijo: prvič, vzpostavlja vozlišče MAG-NET, interdisciplinarni inovacijski in podjetniški prostor, ki ga podpira digitalna platforma; drugič, uvaja pet urbanih laboratorijev za učenje v realnem življenju, ki se osredotočajo na ključna področja, kot so cenovno dostopna stanovanja, trajnostna mobilnost, industrija 4.0, mestno vzdušje in energija skupnosti. Inovativna rešitev, ki jo predlaga projekt, temelji na treh ključnih elementih: zagotavljanje dinamične platforme za mlade za spopadanje z mestnimi izzivi, spodbujanje skupnih prizadevanj deležnikov in vključevanje državljanov v soustvarjanje oprijemljivih izboljšav mest. Model MAG-NET, ki obravnava odseljevanje, pomanjkanje privlačnih delovnih mest in neizkoriščene lokalne vire talentov, obljublja trajen učinek s stalno preslednico, ki spodbuja razvoj spretnosti in medsektorsko sodelovanje. Prizadeva si za ponovno opredelitev Celja in Prebolda, ustvarjanje trajnostnih, participativnih okvirov za razvoj mest, povečanje povpraševanja in ponudbe talentov ter spodbujanje vključujoče lokalne rasti.",,,,,SI
https://linkedopendata.eu/entity/Q7501648,2021SI16FFPR001_OP27.00480,Upgrading of the Dobova-Sevnica line: Stage 2,Nadgradnja proge Dobova-Sevnica: etapa 2,Slovenia,01/11/2019,31/12/2026,85.0,43599348.0,EUR,37059445.8,https://linkedopendata.eu/entity/Q3279969,"46,15",100,Reconstructed or modernised railways - TEN-T core network,,,PO03,Connected Europe,RSO3.1,RSO3.1,CF,Cohesion Fund,2021SI16FFPR001,EU Cohesion Policy - SI -  ERDF/CF/ESF+/JTF,,,,,,,,,,2021-2027,The subject of the application is the upgrade of stage 2 (the Sevnica area) due to the weariness and obsolescence of the elements of the lower and upper structures and the increase in the permeability of the railway infrastructure and thus the achievement of the TEN-T standards.,Predmet vloge je nadgradnja 2. etape (območje Sevnica) zaradi dotrajanosti in zastarelosti elementov spodnjega in zgornjega ustroja ter povečanje prepustnosti železniške infrastrukture in s tem doseganje TEN-T standardov.,,,,,SI
https://linkedopendata.eu/entity/Q7501284,2021SI16FFPR001_OP27.00096,Youth work against youth precariousness - pilot project - ZPTM Brežice,Z mladinskim delom proti prekarnosti mladih - pilotni projekt - ZPTM Brežice,Slovenia,01/06/2024,31/12/2026,85.0,87060.4,EUR,74001.34,https://linkedopendata.eu/entity/Q3279418,"45.931608099609,15.620826589171",136,Specific support for youth employment and socio-economic integration of young people,,,PO04,Social Europe,ESO4.1,ESO4.1,ESF+,European Social Fund Plus,2021SI16FFPR001,EU Cohesion Policy - SI -  ERDF/CF/ESF+/JTF,,SI_009,Brežice,,,Posavska,,,SI036,2021-2027,Youth work against youth precariousness - pilot project - ZPTM Brežice,Z mladinskim delom proti prekarnosti mladih - pilotni projekt - ZPTM Brežice,,,,,SI
https://linkedopendata.eu/entity/Q7501316,2021SI16FFPR001_OP27.00119,"Youth work against youth precariousness - pilot project - Institute for Youth Policy, Ajdovščina","Z mladinskim delom proti prekarnosti mladih - pilotni projekt - Inštitut za mladinsko politiko, Ajdovščina",Slovenia,01/06/2024,31/12/2026,40.0,87060.4,EUR,34824.16,https://linkedopendata.eu/entity/Q3279420,"45.899497472846,13.907533209031",136,Specific support for youth employment and socio-economic integration of young people,,,PO04,Social Europe,ESO4.1,ESO4.1,ESF+,European Social Fund Plus,2021SI16FFPR001,EU Cohesion Policy - SI -  ERDF/CF/ESF+/JTF,,SI_001,Ajdovščina,,,Goriška,,,SI043,2021-2027,"Youth work against youth precariousness - pilot project - Institute for Youth Policy, Ajdovščina","Z mladinskim delom proti prekarnosti mladih - pilotni projekt - Inštitut za mladinsko politiko, Ajdovščina",,,,,SI
https://linkedopendata.eu/entity/Q7501619,2021SI16FFPR001_OP27.00445,Development of open source CNC machine,Razvoj odprtokodnega CNC stroja,Slovenia,06/01/2025,31/05/2025,85.0,24000.0,EUR,20400.0,https://linkedopendata.eu/entity/Q3279619,"46.08333333,15.45",150,Support for tertiary education (excluding infrastructure),,,PO04,Social Europe,ESO4.5,ESO4.5,ESF+,European Social Fund Plus,2021SI16FFPR001,EU Cohesion Policy - SI -  ERDF/CF/ESF+/JTF,,,,,Eastern Slovenia,,,SI03,,2021-2027,"Within the framework of the operation, it will be possible to acquire practical experience, knowledge and competences of students in the work environment during their studies, promote the strengthening of cooperation and integration, as well as the transfer of knowledge between the higher education system and the work environment (the economy). In this way, young people will be able to develop their skills in the realization of ideas, the development of entrepreneurship, innovation, creative and critical thinking, creativity, etc. for greater employability and easier transition into the working environment after the completion of their studies. The call also addresses other challenges of higher education, such as the systemic introduction of knowledge transfer between higher education institutions and the working environment, greater flexibility and adaptation of study programmes to the needs of the labour market, and the establishment of long-term cooperation between higher education institutions and the working environment.","V okviru operacije bo omogočeno pridobivanje praktičnih izkušenj, znanj in kompetenc študentov v delovnem okolju v času študija, spodbujanje krepitve sodelovanja in povezovanja ter prenosa znanja med visokošolskim sistemom in med delovnim okoljem (gospodarstvo). Na ta način se bo mladim omogočalo razvoj znanj in spretnosti pri uresničevanju idej, razvoj podjetnosti, inovativnosti, kreativnega in kritičnega razmišljanja, ustvarjalnosti ipd. za večjo zaposljivost in lažji prehod v delovno okolje po zaključku študija. Z javnim razpisom se naslavlja tudi druge izzive visokega šolstva kot npr. sistemsko uvajanje prenosa znanja med visokošolskimi zavodi in delovnim okoljem, večja fleksibilnost in prilagajanje študijskih programov potrebam trga dela ter vzpostavitev dolgoročnega sodelovanja med visokošolskimi zavodi in delovnim okoljem.",,,,,SI
https://linkedopendata.eu/entity/Q7501447,2021SI16FFPR001_OP27.00261,"Production of OCPS of municipalities Solčava, Luče, Ljubno, Rečica ob Savinji","Izdelava OCPS občin Solčava, Luče, Ljubno, Rečica ob Savinji",Slovenia,01/01/2023,31/12/2025,85.0,112000.0,EUR,95200.0,https://linkedopendata.eu/entity/Q3281609,"46.405107133475,14.658262198775",109,Multimodal transport (not urban),,,PO03,Connected Europe,RSO3.2,RSO3.2,CF,Cohesion Fund,2021SI16FFPR001,EU Cohesion Policy - SI -  ERDF/CF/ESF+/JTF,,SI_180,Solčava,,,Savinjska,,,SI034,2021-2027,"Production of OCPS of municipalities Solčava, Luče, Ljubno, Rečica ob Savinji","Izdelava OCPS občin Solčava, Luče, Ljubno, Rečica ob Savinji",,,,,SI
https://linkedopendata.eu/entity/Q7501511,2021SI16FFPR001_OP27.00325,"CoMET - Development of innovative cobalt welding wires, tools and the concept of endless reuse of secondary waste","CoMET - Razvoj inovativnih kobaltovih varilnih žic, orodij ter koncepta neskončne ponovne uporabe sekundarnega odpada",Slovenia,01/04/2024,31/03/2026,85.0,72000.0,EUR,61200.0,https://linkedopendata.eu/entity/Q7501112,"46.248365487681,15.266115481207",025,"Incubation, support to spin offs and spin outs and start ups",,,PO01,Smarter Europe,RSO1.3,RSO1.3,ERDF,European Regional Development Fund,2021SI16FFPR001,EU Cohesion Policy - SI -  ERDF/CF/ESF+/JTF,,SI_011,Celje,,,Savinjska,,,SI034,2021-2027,"Metal Tech Solutions develops an innovative solution called CoMET for the use of rare elements such as cobalt in various industries, especially in the steel industry. The approach focuses on sustainable practices that solve the problem of ethically controversial cobalt extraction. CoMET encourages the use of recycled cobalt, reducing the pressure to source new cobalt from unethical sources. The innovative approach of the CoMET project enables the production of cleaner, more efficient and more affordable cobalt-based materials. With the combination of cobalt and steel, they develop welding wire and hybrid tools with an extremely long service life, which helps to increase productivity, lower costs and sustainably transform the industry.","Metal Tech Solutions razvija inovativno rešitev, imenovano CoMET, za uporabo redkih elementov, kot je kobalt, v različnih panogah, zlasti v jeklarstvu. Pristop se osredotoča na trajnostno prakso, ki rešuje problem etično spornega pridobivanja kobalta. S CoMET-om spodbujajo uporabo recikliranega kobalta, kar zmanjšuje pritisk na pridobivanje novega kobalta iz neetičnih virov. Inovativni pristop projekta CoMET omogoča izdelavo bolj čistih, zmogljivejših in cenovno ugodnejših materialov na osnovi kobalta. S kombinacijo kobalta in jekla razvijajo varilno žico in hibridno orodje z izjemno dolgo življenjsko dobo, kar pripomore k dvigu produktivnosti, nižanju stroškov in trajnostni transformaciji industrije.",,,,,SI
https://linkedopendata.eu/entity/Q7501655,2021SI16FFPR001_OP27.00495,"Establishment and operation of the Slovenian Centre for Circular Economy - for green, creative and smart development","Vzpostavitev in delovanje Slovenskega centra za krožno gospodarstvo - za zeleni, ustvarjalni in pametni razvoj",Slovenia,09/12/2024,31/05/2029,63.57,3499856.0,EUR,2224893.46,https://linkedopendata.eu/entity/Q7501061,"46,15",075,Support to environmentally-friendly production processes and resource efficiency in SMEs,,,PO02,"Greener, carbon-free Europe",RSO2.6,RSO2.6,ERDF,European Regional Development Fund,2021SI16FFPR001,EU Cohesion Policy - SI -  ERDF/CF/ESF+/JTF,,,,,,,,,,2021-2027,"The goal of the Slovenian Centre for Circular Economy is to promote sustainable development and efficient use of resources through the introduction of circular business models, the reduction of waste and the promotion of innovation in production and consumption. In doing so, we want to reduce our environmental footprint and create sustainable economic growth and social inclusion. The project includes the development of a holistic virtual platform with a wide range of services and tools for networking key actors from the research, business and civil sector, the implementation of educational programs, trainings and workshops, and consulting for all stakeholders, including small and medium-sized enterprises (SMEs), local communities and public administration, various publics. The CKG will also establish virtual and physical entry points throughout Slovenia, providing stakeholders with access to relevant information and services, as well as for the transition to a circular economy. CKG will be a partner for political decision-makers and the Ministry in promoting green transformation in Slovenia. The partnership brings together different economic sectors and involves key players from industry, academia and research institutions, enabling a systemic transformation of the economy towards a circular model. The project will contribute to greater competitiveness and sustainability of the Slovenian economy and support the goals of Slovenia's strategic documents in the field of green transition.","Cilj Slovenskega centra za krožno gospodarstvo je spodbujanje trajnostnega razvoja ter učinkovite rabe virov skozi uvajanje krožnih poslovnih modelov, zmanjšanje odpadkov in spodbujanje inovacij v proizvodnji in potrošnji. S tem želimo zmanjšati okoljski odtis ter ustvariti trajnostno gospodarsko rast in družbeno vključenost. Projekt vključuje razvoj holistične virtualne platforme s širokim naborom storitev in orodij na mreženje ključnih akterjev iz raziskovalne sfere, gospodarstva in civilnega sektorja, implementacijo izobraževalnih programov, usposabljanj in delavnic ter svetovanja za vse deležnike, vključno z malimi in srednje velikimi podjetji (MSP), lokalnimi skupnostmi in javno upravo, različnimi javnostmi. Prav tako bo CKG vzpostavil virtualne in fizične vstopne točke po celotni Sloveniji, ki bodo deležnikom zagotavljale dostop do relevantnih informacij in storitev kot tudi za prehod na krožno gospodarstvo. CKG bo partner političnem odločevalcem in ministrstvu pri pospeševanju zelene transformacije v Sloveniji. Partnerstvo združuje različne gospodarske sektorje in vključuje ključne akterje iz industrije, akademije in raziskovalnih institucij, kar bo omogočilo sistemsko preobrazbo gospodarstva v smeri krožnega modela. Projekt bo prispeval k večji konkurenčnosti in trajnosti slovenskega gospodarstva ter podpiral cilje strateških dokumentov Slovenije na področju zelenega prehoda.",,,,,SI
https://linkedopendata.eu/entity/Q7501219,2021SI16FFPR001_OP27.00029,Move it!: Carrying out sports and recreation activities for health promotion,zMIGAJ!: Izvajanje športno-rekreacijskih aktivnosti za krepitev zdravja,Slovenia,01/11/2023,31/12/2028,63.4,4411765.17,EUR,2797059.12,https://linkedopendata.eu/entity/Q3279806,"46.054328329124,14.562956200712",158,"Measures to enhancing the equal and timely access to quality, sustainable and affordable services",,,PO04,Social Europe,ESO4.11,ESO4.11,ESF+,European Social Fund Plus,2021SI16FFPR001,EU Cohesion Policy - SI -  ERDF/CF/ESF+/JTF,,SI_061,Ljubljana,,,Osrednjeslovenska,,,SI041,2021-2027,"The aim of the programme is to strengthen access to quality, sustainable services in the field of preventive health-enhancing programmes. The objectives of the ZMIGAJ! programme are the implementation of innovative movement programmes for the included secondary school population, the implementation of movement programmes for employees at the selected school, and the presentation of the effects of regular integrated movement exercise (relief, improvement of work ability and prevention of work injuries) and its impact on their health, well-being and movement capacity.","Namen programa zMIGAJ! je krepitev dostopa do kakovostnih, trajnostnih storitev na področju preventivnih programov za krepitev zdravja. Cilji programa zMIGAJ! je izpeljava inovativnih gibalnih programov za vključeno srednješolsko populacijo, izpeljava gibalnih programov za zaposlene na izbrani šoli in predstavitev učinkov redne celostne gibalne vadbe (razbremenitev, izboljšanje delovnih sposobnosti in preventiva pred delovnimi poškodbami) ter vpliv le te na njihovo zdravje, počutje in gibalno zmogljivost.",,,,,SI
https://linkedopendata.eu/entity/Q7501267,2021SI16FFPR001_OP27.00081,Youth work against youth precariousness - pilot project - Youth Council of the Municipality of Ptuj,Z mladinskim delom proti prekarnosti mladih - pilotni projekt - Mladinski svet Mestne občine Ptuj,Slovenia,01/06/2024,31/12/2026,85.0,87060.4,EUR,74001.34,https://linkedopendata.eu/entity/Q7501065,"46.44182594554,15.874368786301",136,Specific support for youth employment and socio-economic integration of young people,,,PO04,Social Europe,ESO4.1,ESO4.1,ESF+,European Social Fund Plus,2021SI16FFPR001,EU Cohesion Policy - SI -  ERDF/CF/ESF+/JTF,,SI_096,Ptuj,,,Podravska,,,SI032,2021-2027,Youth work against youth precariousness - pilot project - Youth Council of the Municipality of Ptuj,Z mladinskim delom proti prekarnosti mladih - pilotni projekt - Mladinski svet Mestne občine Ptuj,,,,,SI
https://linkedopendata.eu/entity/Q7501612,2021SI16FFPR001_OP27.00437,Practical training of students of the University of Maribor in a work environment 2024/2025,Praktično usposabljanje študentov Univerze v Mariboru v delovnem okolju 2024/2025,Slovenia,01/10/2024,31/08/2025,80.45,917100.0,EUR,737820.0,https://linkedopendata.eu/entity/Q3279247,"46.1,14.15|46.08333333,15.45",150,Support for tertiary education (excluding infrastructure),,,PO04,Social Europe,ESO4.5,ESO4.5,ESF+,European Social Fund Plus,2021SI16FFPR001,EU Cohesion Policy - SI -  ERDF/CF/ESF+/JTF,,,,,Western Slovenia|Eastern Slovenia,,,SI04|SI03,,2021-2027,"The operation will enable the acquisition of practical experience, knowledge and competences of students in the work environment during their studies, encourage the strengthening of cooperation and integration and transfer of knowledge between the higher education system and the work environment (the economy and the non-economy and non-profit sector in the local and regional environment). In this way, young people will be able to develop their skills in the realization of ideas, the development of entrepreneurship, innovation, creative and critical thinking, creativity, etc. for greater employability and easier transition into the working environment after the completion of their studies. The call also addresses other challenges of higher education, such as the systemic introduction of knowledge transfer between higher education institutions and the working environment, greater flexibility and adaptation of study programmes to the needs of the labour market, and the establishment of long-term cooperation between higher education institutions and the working environment.","V okviru operacije bo omogočeno pridobivanje praktičnih izkušenj, znanj in kompetenc študentov v delovnem okolju v času študija, spodbujanje krepitve sodelovanja in povezovanja ter prenosa znanja med visokošolskim sistemom in med delovnim okoljem (gospodarstvo ter negospodarstvo in neprofitni sektor v lokalnem in regionalnem okolju). Na ta način se bo mladim omogočalo razvoj znanj in spretnosti pri uresničevanju idej, razvoj podjetnosti, inovativnosti, kreativnega in kritičnega razmišljanja, ustvarjalnosti ipd. za večjo zaposljivost in lažji prehod v delovno okolje po zaključku študija. Z javnim razpisom se naslavlja tudi druge izzive visokega šolstva kot npr. sistemsko uvajanje prenosa znanja med visokošolskimi zavodi in delovnim okoljem, večja fleksibilnost in prilagajanje študijskih programov potrebam trga dela ter vzpostavitev dolgoročnega sodelovanja med visokošolskimi zavodi in delovnim okoljem.",,,,,SI
https://linkedopendata.eu/entity/Q7501226,2021SI16FFPR001_OP27.00036,"Raising awareness, informing different audiences and encouraging greater participation in lifelong learning","Ozaveščanje, obveščanje različnih javnosti in spodbujanje k večji vključenosti v vseživljenjsko učenje",Slovenia,01/04/2023,31/10/2028,67.0,5732500.0,EUR,3840775.0,https://linkedopendata.eu/entity/Q3279422,"46.054328329124,14.562956200712",151,Support for adult education (excluding infrastructure),,,PO04,Social Europe,ESO4.7,ESO4.7,ESF+,European Social Fund Plus,2021SI16FFPR001,EU Cohesion Policy - SI -  ERDF/CF/ESF+/JTF,,SI_061,Ljubljana,,,Osrednjeslovenska,,,SI041,2021-2027,"The purpose of the project is to raise general awareness of the importance of learning and thus contribute to increasing the participation of adults in lifelong learning (hereinafter: LLP), improving competences for their functioning in society and responding to technological, demographic and climate change in modern society. The aim of the project is to establish new forms of coordinated events and ways of raising awareness, informing and encouraging adults to participate in LL in order to raise the visibility, importance and reputation of LL.","Namen projekta je dvigniti splošno zavedanje o pomenu učenja in tako prispevati k povečevanju vključenosti odraslih v vseživljenjsko učenje (v nadaljnjem besedilu: VŽU), izboljšanju kompetenc za njihovo delovanje v družbi in odzivanje na tehnološke, demografske in podnebne spremembe v sodobni družbi. Cilj projekta je uveljavitev novih oblik koordiniranih dogodkov in načinov ozaveščanja, informirana ter spodbujanja odraslih za vključevanje v VŽU za dvig prepoznavnosti, pomena in ugleda VŽU.",,,,,SI
https://linkedopendata.eu/entity/Q7501346,2021SI16FFPR001_OP27.00159,Production of OCPS of the Municipality of Trebnje,Izdelava OCPS občine Trebnje,Slovenia,01/01/2023,30/06/2025,85.0,40000.0,EUR,34000.0,https://linkedopendata.eu/entity/Q3279071,"45.905970908533,14.97391276653",109,Multimodal transport (not urban),,,PO03,Connected Europe,RSO3.2,RSO3.2,CF,Cohesion Fund,2021SI16FFPR001,EU Cohesion Policy - SI -  ERDF/CF/ESF+/JTF,,SI_130,Trebnje,,,Jugovzhodna Slovenija,,,SI037,2021-2027,Production of OCPS of the Municipality of Trebnje,Izdelava OCPS občine Trebnje,,,,,SI
https://linkedopendata.eu/entity/Q7501450,2021SI16FFPR001_OP27.00264,Production of OCPS Municipality of Prebold,Izdelava OCPS Občine Prebold,Slovenia,01/01/2023,31/12/2025,85.0,28000.0,EUR,23800.0,https://linkedopendata.eu/entity/Q7501094,"46.217823293783,15.089464236355",109,Multimodal transport (not urban),,,PO03,Connected Europe,RSO3.2,RSO3.2,CF,Cohesion Fund,2021SI16FFPR001,EU Cohesion Policy - SI -  ERDF/CF/ESF+/JTF,,SI_174,Prebold,,,Savinjska,,,SI034,2021-2027,Production of OCPS Municipality of Prebold,Izdelava OCPS Občine Prebold,,,,,SI
https://linkedopendata.eu/entity/Q7501476,2021SI16FFPR001_OP27.00289,"TRAVEL THROUGH THE DIGITAL WORLD - Together in new challenges, regardless of experience","POTOVANJE SKOZI DIGITALNI SVET - Skupaj v novih izzivih, ne glede na izkušnje",Slovenia,23/02/2024,31/10/2025,64.98,596900.0,EUR,387867.5,https://linkedopendata.eu/entity/Q7501106,"46.1,14.15|46.08333333,15.45",018,IT services and applications for digital skills and digital inclusion,,,PO01,Smarter Europe,RSO1.2,RSO1.2,ERDF,European Regional Development Fund,2021SI16FFPR001,EU Cohesion Policy - SI -  ERDF/CF/ESF+/JTF,,,,,Western Slovenia|Eastern Slovenia,,,SI04|SI03,,2021-2027,"At the basic training, participants will be trained independently or with appropriate support to find data, information and content by simple searching in digital environments, find out how to access these data, information and content and navigate between them A key emphasis in the advanced program is the development of critical thinking of the students in the digital environment and the rational use of information and communication technology tools.","Na osnovnem usposabljanju bodo udeleženci usposobljeni samostojno ali ob primerni podpori poiskati podatke, informacije in vsebine s preprostim iskanjem v digitalnih okoljih, ugotoviti, kako dostopati do teh podatkov, informacij in vsebin ter krmariti med njimi Ključen poudarek v naprednem programu je razvoj kritičnega razmišljanja izobraževancev v digitalnem okolju in smotrni uporabi orodij informacijsko-komunikacijske tehnologije.",,,,,SI
https://linkedopendata.eu/entity/Q7501544,2021SI16FFPR001_OP27.00360,"Collaborate, Strengthen Creativity, Support Activity","Sodelujemo, Krepimo Ustvarjalnost, Podpiramo Aktivnost",Slovenia,01/09/2024,31/08/2027,85.0,799995.0,EUR,679995.75,https://linkedopendata.eu/entity/Q3280417,"46.08333333,15.45",153,Pathways to integration and re-entry into employment for disadvantaged people,,,PO04,Social Europe,ESO4.8,ESO4.8,ESF+,European Social Fund Plus,2021SI16FFPR001,EU Cohesion Policy - SI -  ERDF/CF/ESF+/JTF,,,,,Eastern Slovenia,,,SI03,,2021-2027,"The project SA+ entitled TOTAL represents a key tool in the fight against social exclusion and lack of employment opportunities among vulnerable groups in our community. Through an integrated approach and the active involvement of all relevant stakeholders, we will ensure that the programmes are accessible, diverse and tailored to the needs of the participants, thus achieving sustainable results in terms of improving social inclusion and employability.","Projekt SA+ z naslovom SKUPAJ predstavlja ključno orodje v boju proti socialni izključenosti in pomanjkanju zaposlitvenih možnosti med ranljivimi skupinami v naši skupnosti. S celostnim pristopom in aktivnim sodelovanjem vseh relevantnih deležnikov bomo zagotovili, da bodo programi dostopni, raznoliki in prilagojeni potrebam udeležencev, s čimer bomo dosegli trajnostne rezultate v smislu izboljšanja socialne vključenosti in zaposljivosti.",,,,,SI
https://linkedopendata.eu/entity/Q7501453,2021SI16FFPR001_OP27.00267,Production of OCPS Bovec,Izdelava OCPS Bovec,Slovenia,01/01/2023,30/06/2025,85.0,28000.0,EUR,23800.0,https://linkedopendata.eu/entity/Q3281242,"46.355647917319,13.623751335221",109,Multimodal transport (not urban),,,PO03,Connected Europe,RSO3.2,RSO3.2,CF,Cohesion Fund,2021SI16FFPR001,EU Cohesion Policy - SI -  ERDF/CF/ESF+/JTF,,SI_006,Bovec,,,Goriška,,,SI043,2021-2027,Production of OCPS Bovec,Izdelava OCPS Bovec,,,,,SI
https://linkedopendata.eu/entity/Q7501261,2021SI16FFPR001_OP27.00074,Entrepreneurship over the challenges of the Carinthia region,Podjetno nad izzive Koroške regije,Slovenia,01/12/2023,15/11/2028,85.0,1538272.0,EUR,1307531.2,https://linkedopendata.eu/entity/Q3280039,"46.55,15.05",025,"Incubation, support to spin offs and spin outs and start ups",,,PO01,Smarter Europe,RSO1.3,RSO1.3,ERDF,European Regional Development Fund,2021SI16FFPR001,EU Cohesion Policy - SI -  ERDF/CF/ESF+/JTF,,,,,,Koroška,,,SI033,2021-2027,"Operation PONI Koroška is part of the comprehensive project PONI, which is carried out on the entire territory of Slovenia. The purpose of the operation PONI Koroška is the entrepreneurial training of persons who want to realize the entrepreneurial idea, thereby promoting entrepreneurship in the Koroška region. It is a 4-month entrepreneurial training programme for people who want to realize an entrepreneurial idea and turn it into commercially interesting products or services with the help of mentors and content trainings and counselling. The content of the training programme is structured in such a way that within 4 months of inclusion, participants receive key knowledge in the field of entrepreneurship, which they need when entering an independent entrepreneurial path. The training program of the participant takes everything from the development of a business idea, to the creation of a business model and a business plan. At the same time, he is fully acquainted with all important areas in entrepreneurship. The project enables participants to use physical infrastructure (premises, equipment) according to the principle of co-working (joint division of office and equipment). By encouraging the formation of entrepreneurial teams, participants will also gain new knowledge, new acquaintances and business opportunities, as well as transfer experiences and examples of good practices.","Operacija PONI Koroška je del celovitega projekta PONI, ki se izvaja na območju celotne Slovenije. Namen operacije PONI Koroška je podjetniško usposabljanje oseb, ki želijo realizirati podjetniško idejo, s tem pa spodbujanje podjetništva v Koroški regiji. Gre za program 4 mesečnega podjetniškega usposabljanja oseb, ki želijo realizirati podjetniško idejo in jo ob pomoči mentorjev in vsebinskih usposabljanj ter svetovanj spremeniti v tržno zanimive produkte oziroma storitve. Program usposabljanja je vsebinsko sestavljen tako, da v 4 mesecih vključitve udeleženci prejmejo ključna znanja s področja podjetništva, ki jih ob vstopu na samostojno podjetniško pot potrebujejo. Program usposabljanja udeleženca pelje vse od razvoja poslovne ideje, do izdelave poslovnega modela in poslovnega načrta. Hkrati ga celostno seznani z vsemi pomembnimi področji v podjetništvu. Udeležencem projekt omogoča uporabo fizične infrastrukture (prostori, oprema) in sicer po principu co-workinga (skupne delitve pisarne in opreme). S spodbujanjem oblikovanja podjetniških ekip bodo udeleženci prišli tudi do novih znanj, novih poznanstev in poslovnih priložnosti ter prenašali izkušnje in primere dobrih praks.",,,,,SI
https://linkedopendata.eu/entity/Q7501263,2021SI16FFPR001_OP27.00077,Youth work against youth precariousness - pilot project - Ptuj Public Institute,Z mladinskim delom proti prekarnosti mladih - pilotni projekt - Javni zavod Ptuj,Slovenia,01/06/2024,31/12/2026,85.0,87060.4,EUR,74001.34,https://linkedopendata.eu/entity/Q3281108,"46.44182594554,15.874368786301",136,Specific support for youth employment and socio-economic integration of young people,,,PO04,Social Europe,ESO4.1,ESO4.1,ESF+,European Social Fund Plus,2021SI16FFPR001,EU Cohesion Policy - SI -  ERDF/CF/ESF+/JTF,,SI_096,Ptuj,,,Podravska,,,SI032,2021-2027,Youth work against youth precariousness - pilot project - Ptuj Public Institute,Z mladinskim delom proti prekarnosti mladih - pilotni projekt - Javni zavod Ptuj,,,,,SI
https://linkedopendata.eu/entity/Q7501335,2021SI16FFPR001_OP27.00149,Creating a Municipal Integrated Transport Strategy of the Municipality of Krško,Izdelava občinske celostne prometne strategije Mestne občine Krško,Slovenia,01/01/2023,30/06/2025,85.0,60000.0,EUR,51000.0,https://linkedopendata.eu/entity/Q3282608,"45.95594422882,15.462787913977",109,Multimodal transport (not urban),,,PO03,Connected Europe,RSO3.2,RSO3.2,CF,Cohesion Fund,2021SI16FFPR001,EU Cohesion Policy - SI -  ERDF/CF/ESF+/JTF,,SI_054,Krško,,,Posavska,,,SI036,2021-2027,Creating a Municipal Integrated Transport Strategy of the Municipality of Krško,Izdelava občinske celostne prometne strategije Mestne občine Krško,,,,,SI
https://linkedopendata.eu/entity/Q7501462,2021SI16FFPR001_OP27.00277,Production of the OCPS of the Municipality of Maribor,Izdelava OCPS Mestne občine Maribor,Slovenia,01/01/2023,30/06/2026,85.0,81000.0,EUR,68850.0,https://linkedopendata.eu/entity/Q3279972,"46.563226869974,15.627324811128",109,Multimodal transport (not urban),,,PO03,Connected Europe,RSO3.2,RSO3.2,CF,Cohesion Fund,2021SI16FFPR001,EU Cohesion Policy - SI -  ERDF/CF/ESF+/JTF,,SI_070,Maribor,,,Podravska,,,SI032,2021-2027,Production of the OCPS of the Municipality of Maribor,Izdelava OCPS Mestne občine Maribor,,,,,SI
https://linkedopendata.eu/entity/Q7501365,2021SI16FFPR001_OP27.00178,Municipal integrated transport strategy of the Municipality of Šoštanj,Občinska celostna prometna strategija Občine Šoštanj,Slovenia,01/01/2023,31/12/2025,85.0,40000.0,EUR,34000.0,https://linkedopendata.eu/entity/Q3278928,"46.406225457179,15.004952627336",109,Multimodal transport (not urban),,,PO03,Connected Europe,RSO3.2,RSO3.2,CF,Cohesion Fund,2021SI16FFPR001,EU Cohesion Policy - SI -  ERDF/CF/ESF+/JTF,,SI_126,Šoštanj,,,Savinjska,,,SI034,2021-2027,Production of OCPS of the Municipality of Šoštanj,Izdelava OCPS Občine Šoštanj,,,,,SI
https://linkedopendata.eu/entity/Q7501389,2021SI16FFPR001_OP27.00202,Production of OCPS of the Municipality of Dornava,Izdelava OCPS občine Dornava,Slovenia,01/01/2023,31/12/2025,85.0,28000.0,EUR,23800.0,https://linkedopendata.eu/entity/Q7501080,"46.448829598283,15.990400311399",109,Multimodal transport (not urban),,,PO03,Connected Europe,RSO3.2,RSO3.2,CF,Cohesion Fund,2021SI16FFPR001,EU Cohesion Policy - SI -  ERDF/CF/ESF+/JTF,,SI_024,Dornava,,,Podravska,,,SI032,2021-2027,Production of OCPS of the Municipality of Dornava,Izdelava OCPS občine Dornava,,,,,SI
https://linkedopendata.eu/entity/Q7501231,2021SI16FFPR001_OP27.00041,Pan-Slovenian awareness-raising campaign on the social inclusion of people with disabilities,Vseslovenska akcija ozaveščanja o socialnem vključevanju invalidov,Slovenia,01/01/2024,31/10/2025,85.0,600000.0,EUR,510000.0,https://linkedopendata.eu/entity/Q3282567,"46.08333333,15.45",158,"Measures to enhancing the equal and timely access to quality, sustainable and affordable services",,,PO04,Social Europe,ESO4.11,ESO4.11,ESF+,European Social Fund Plus,2021SI16FFPR001,EU Cohesion Policy - SI -  ERDF/CF/ESF+/JTF,,,,,Eastern Slovenia,,,SI03,,2021-2027,"The purpose of the operation is to influence the increase of social inclusion of the target group of persons with disabilities through an integrated approach and systematic activities. To this end, an all-Slovenian awareness-raising campaign on the social inclusion of people with disabilities (media campaign) will be carried out, through which social responsibility, acceptance of different social groups, with an emphasis on people with disabilities, will be increased.","Namen operacije je s celostnim pristopom in sistematičnimi aktivnostmi vplivati na povečevanje socialne vključenosti ciljne skupe invalidov. V ta namen bo izvedena vseslovenska akcija ozaveščanja o socialnem vključevanju invalidov (medijska kampanja), preko katere se bo zvišala družbena odgovornost, sprejetost različnih družbenih skupin, s poudarkom na invalidih.",,,,,SI
https://linkedopendata.eu/entity/Q7501428,2021SI16FFPR001_OP27.00242,Production of OCPS Gorenje vas - Poljane,Izdelava OCPS Gorenja vas - Poljane,Slovenia,01/01/2023,31/12/2025,85.0,40000.0,EUR,34000.0,https://linkedopendata.eu/entity/Q3279967,"46.114991847126,14.13627009156",109,Multimodal transport (not urban),,,PO03,Connected Europe,RSO3.2,RSO3.2,CF,Cohesion Fund,2021SI16FFPR001,EU Cohesion Policy - SI -  ERDF/CF/ESF+/JTF,,SI_027,Gorenja vas - Poljane,,,Gorenjska,,,SI042,2021-2027,Production of OCPS Gorenje vas - Poljane,Izdelava OCPS Gorenja vas - Poljane,,,,,SI
https://linkedopendata.eu/entity/Q7501406,2021SI16FFPR001_OP27.00220,Production of OCPS Kobarid,Izdelava OCPS Kobarid,Slovenia,01/01/2023,31/12/2025,85.0,28000.0,EUR,23800.0,https://linkedopendata.eu/entity/Q3279672,"46.25163228081,13.555253591868",109,Multimodal transport (not urban),,,PO03,Connected Europe,RSO3.2,RSO3.2,CF,Cohesion Fund,2021SI16FFPR001,EU Cohesion Policy - SI -  ERDF/CF/ESF+/JTF,,SI_046,Kobarid,,,Goriška,,,SI043,2021-2027,Production of OCPS Kobarid,Izdelava OCPS Kobarid,,,,,SI
https://linkedopendata.eu/entity/Q7501214,2021SI16FFPR001_OP27.00024,Competences 2023 – 2029-OSR,Kompetence 2023 – 2029-OSR,Slovenia,13/10/2023,30/06/2029,40.0,2240509.54,EUR,896203.82,https://linkedopendata.eu/entity/Q3279102,"46.054328329124,14.562956200712",151,Support for adult education (excluding infrastructure),,,PO04,Social Europe,ESO4.7,ESO4.7,ESF+,European Social Fund Plus,2021SI16FFPR001,EU Cohesion Policy - SI -  ERDF/CF/ESF+/JTF,,SI_061,Ljubljana,,,Osrednjeslovenska,,,SI041,2021-2027,Competences 2023 – 2029-OSR,Kompetence 2023 – 2029-OSR,,,,,SI
https://linkedopendata.eu/entity/Q7501484,2021SI16FFPR001_OP27.00298,Strengthening lifelong learning,Krepitev vseživljenjskega učenja,Slovenia,01/11/2023,30/06/2029,67.0,5000000.0,EUR,3350000.0,https://linkedopendata.eu/entity/Q3279422,"46.054328329124,14.562956200712",151,Support for adult education (excluding infrastructure),,,PO04,Social Europe,ESO4.7,ESO4.7,ESF+,European Social Fund Plus,2021SI16FFPR001,EU Cohesion Policy - SI -  ERDF/CF/ESF+/JTF,,SI_061,Ljubljana,,,Osrednjeslovenska,,,SI041,2021-2027,"The purpose of the direct approval of the operation - the project ""Strengthening Lifelong Learning"" is to improve access to lifelong learning for adults and to increase adult participation in lifelong learning. The objective of the direct approval of the operation - the project ""Strengthening Lifelong Learning"" is to promote quality lifelong learning, strengthen the competences and competences of adult educators and strengthen the counselling activity by developing new tools and materials.","Namen neposredne potrditve operacije – projekta »Krepitev vseživljenjskega učenja« je izboljšati dostop do vseživljenjskega učenja odraslih in povečati vključenost odraslih v vseživljenjsko učenje. Cilj neposredne potrditve operacije – projekta »Krepitev vseživljenjskega učenja« je spodbujati kakovostno vseživljenjsko učenje, okrepiti kompetence in povečati usposobljenost izobraževalcev odraslih ter okrepiti svetovalno dejavnost z razvojem novih pripomočkov in gradiv.",,,,,SI
https://linkedopendata.eu/entity/Q7501602,2021SI16FFPR001_OP27.00420,Management for the local action group LAG Vipava Valley,Upravljanje za lokalno akcijsko skupino LAS Vipavska dolina,Slovenia,01/01/2024,30/09/2029,40.0,107797.9,EUR,43119.16,https://linkedopendata.eu/entity/Q3280049,"46.05,13.88333333",169,"Territorial development initiatives, including preparation of territorial strategies",,,PO05,Europe closer to citizens,RSO5.2,RSO5.2,ERDF,European Regional Development Fund,2021SI16FFPR001,EU Cohesion Policy - SI -  ERDF/CF/ESF+/JTF,,,,,,Goriška,,,SI043,2021-2027,"Support for the management of the LAG is intended to co-finance the costs incurred in the management and operation of the LAG, including monitoring and evaluation of the approved SLR, animation of the LAG area and assistance to potential beneficiaries for developing project ideas and preparing projects.","Podpora za upravljanje LAS je namenjena za sofinanciranje stroškov, ki so nastali pri upravljanju in delovanju LAS, vključno s spremljanjem in vrednotenjem odobrene SLR, animacijo območja LAS in pomoči morebitnim upravičencem za razvijanje projektnih idej in pripravo projektov.",,,,,SI
https://linkedopendata.eu/entity/Q7501283,2021SI16FFPR001_OP27.00093,Youth work against youth precariousness - pilot project - Žalec Youth Centre,Z mladinskim delom proti prekarnosti mladih - pilotni projekt - Mladinski center Žalec,Slovenia,01/06/2024,31/12/2026,85.0,87060.4,EUR,74001.34,https://linkedopendata.eu/entity/Q7501082,"46.259083921942,15.165689852759",136,Specific support for youth employment and socio-economic integration of young people,,,PO04,Social Europe,ESO4.1,ESO4.1,ESF+,European Social Fund Plus,2021SI16FFPR001,EU Cohesion Policy - SI -  ERDF/CF/ESF+/JTF,,SI_190,Žalec,,,Savinjska,,,SI034,2021-2027,Youth work against youth precariousness - pilot project - Žalec Youth Centre,Z mladinskim delom proti prekarnosti mladih - pilotni projekt - Mladinski center Žalec,,,,,SI
https://linkedopendata.eu/entity/Q7501195,2021SI16FFPR001_OP27.00010,STEP TO NEW COMPETITIONS 2023-2029,Le KORAK do novih kompetenc 2023–2029,Slovenia,13/10/2023,30/06/2029,85.0,1741229.87,EUR,1480045.39,https://linkedopendata.eu/entity/Q3279975,"46.248365487681,15.266115481207",151,Support for adult education (excluding infrastructure),,,PO04,Social Europe,ESO4.7,ESO4.7,ESF+,European Social Fund Plus,2021SI16FFPR001,EU Cohesion Policy - SI -  ERDF/CF/ESF+/JTF,,SI_011,Celje,,,Savinjska,,,SI034,2021-2027,STEP TO NEW COMPETITIONS 2023-2029,Le KORAK do novih kompetenc 2023–2029,,,,,SI
https://linkedopendata.eu/entity/Q7501565,2021SI16FFPR001_OP27.00388,Management for LAGs From Pohorje to Bohor in the period 2021-2027,Upravljanje za LAS Od Pohorja do Bohorja v obdobju 2021-2027,Slovenia,01/01/2024,30/09/2029,85.0,256368.13,EUR,217912.91,https://linkedopendata.eu/entity/Q3279685,"46.25,15.16666667",169,"Territorial development initiatives, including preparation of territorial strategies",,,PO05,Europe closer to citizens,RSO5.2,RSO5.2,ERDF,European Regional Development Fund,2021SI16FFPR001,EU Cohesion Policy - SI -  ERDF/CF/ESF+/JTF,,,,,,Savinjska,,,SI034,2021-2027,"Support for the management of the LAG is intended to co-finance the costs incurred in the management and operation of the LAG, including monitoring and evaluation of the approved SLR, animation of the LAG area and assistance to potential beneficiaries for developing project ideas and preparing projects.","Podpora za upravljanje LAS je namenjena za sofinanciranje stroškov, ki so nastali pri upravljanju in delovanju LAS, vključno s spremljanjem in vrednotenjem odobrene SLR, animacijo območja LAS in pomoči morebitnim upravičencem za razvijanje projektnih idej in pripravo projektov.",,,,,SI
https://linkedopendata.eu/entity/Q7501593,2021SI16FFPR001_OP27.00411,Management of the Prlekija Local Action Group in the period 2021-2027,Upravljanja lokalna akcijska skupina Prlekija v obdobju 2021-2027,Slovenia,01/01/2024,30/09/2029,85.0,236599.83,EUR,201109.86,https://linkedopendata.eu/entity/Q3279399,"46.65,16.16666667",169,"Territorial development initiatives, including preparation of territorial strategies",,,PO05,Europe closer to citizens,RSO5.2,RSO5.2,ERDF,European Regional Development Fund,2021SI16FFPR001,EU Cohesion Policy - SI -  ERDF/CF/ESF+/JTF,,,,,,Pomurska,,,SI031,2021-2027,"Management support is intended to co-finance the costs incurred in the management and operation of the LAG, including monitoring and evaluation of the approved SLR, animation of the LAG area and assistance to potential beneficiaries for developing project ideas and preparing projects.","Podpora za upravljanje je namenjena za sofinanciranje stroškov, ki so nastali pri upravljanju in delovanju LAS, vključno s spremljanjem in vrednotenjem odobrene SLR, animacijo območja LAS in pomoči morebitnim upravičencem za razvijanje projektnih idej in pripravo projektov.",,,,,SI
https://linkedopendata.eu/entity/Q7501603,2021SI16FFPR001_OP27.00421,Management for the Karst and Brkini LAGs in the period 2021-2027,Upravljanje za LAS Krasa in Brkinov v obdobju 2021-2027,Slovenia,01/01/2024,30/09/2029,40.0,195000.0,EUR,78000.0,https://linkedopendata.eu/entity/Q3279142,"45.633333333333,13.933333333333",169,"Territorial development initiatives, including preparation of territorial strategies",,,PO05,Europe closer to citizens,RSO5.2,RSO5.2,ERDF,European Regional Development Fund,2021SI16FFPR001,EU Cohesion Policy - SI -  ERDF/CF/ESF+/JTF,,,,,,Obalno-kraška,,,SI044,2021-2027,"Support for the management of the LAG is intended to co-finance the costs incurred in the management and operation of the LAG, including monitoring and evaluation of the approved SLR, animation of the LAG area and assistance to potential beneficiaries for developing project ideas and preparing projects.","Podpora za upravljanje LAS je namenjena za sofinanciranje stroškov, ki so nastali pri upravljanju in delovanju LAS, vključno s spremljanjem in vrednotenjem odobrene SLR, animacijo območja LAS in pomoči morebitnim upravičencem za razvijanje projektnih idej in pripravo projektov.",,,,,SI
https://linkedopendata.eu/entity/Q7501393,2021SI16FFPR001_OP27.00206,Production of OCPS of the Municipality of Radovljica,Izdelava OCPS občine Radovljica,Slovenia,01/01/2023,30/06/2025,85.0,43000.0,EUR,36550.0,https://linkedopendata.eu/entity/Q3278941,"46.337988434813,14.202420747507",109,Multimodal transport (not urban),,,PO03,Connected Europe,RSO3.2,RSO3.2,CF,Cohesion Fund,2021SI16FFPR001,EU Cohesion Policy - SI -  ERDF/CF/ESF+/JTF,,SI_102,Radovljica,,,Gorenjska,,,SI042,2021-2027,Production of OCPS of the Municipality of Radovljica,Izdelava OCPS občine Radovljica,,,,,SI
https://linkedopendata.eu/entity/Q7501442,2021SI16FFPR001_OP27.00256,Production of OCPS Municipality of Žetale,Izdelava OCPS Občine Žetale,Slovenia,01/01/2023,31/12/2025,85.0,28000.0,EUR,23800.0,https://linkedopendata.eu/entity/Q7501093,"46.282661608615,15.801205948659",109,Multimodal transport (not urban),,,PO03,Connected Europe,RSO3.2,RSO3.2,CF,Cohesion Fund,2021SI16FFPR001,EU Cohesion Policy - SI -  ERDF/CF/ESF+/JTF,,SI_191,Žetale,,,Podravska,,,SI032,2021-2027,Production of OCPS Municipality of Žetale,Izdelava OCPS Občine Žetale,,,,,SI
https://linkedopendata.eu/entity/Q7501457,2021SI16FFPR001_OP27.00271,Production of OCPS of the Municipality of Cerklje na Gorenjskem,Izdelava OCPS občine Cerklje na Gorenjskem,Slovenia,01/01/2023,31/12/2025,85.0,40000.0,EUR,34000.0,https://linkedopendata.eu/entity/Q3282796,"46.252902162221,14.500177785237",109,Multimodal transport (not urban),,,PO03,Connected Europe,RSO3.2,RSO3.2,CF,Cohesion Fund,2021SI16FFPR001,EU Cohesion Policy - SI -  ERDF/CF/ESF+/JTF,,SI_012,Cerklje na Gorenjskem,,,Gorenjska,,,SI042,2021-2027,Production of OCPS of the Municipality of Cerklje na Gorenjskem,Izdelava OCPS občine Cerklje na Gorenjskem,,,,,SI
https://linkedopendata.eu/entity/Q7501338,2021SI16FFPR001_OP27.00151,Production of OCPS Municipality of Medvode,Izdelava OCPS Občine Medvode,Slovenia,01/01/2023,31/12/2025,85.0,43000.0,EUR,36550.0,https://linkedopendata.eu/entity/Q3278957,"46.1312690616,14.400524757814",109,Multimodal transport (not urban),,,PO03,Connected Europe,RSO3.2,RSO3.2,CF,Cohesion Fund,2021SI16FFPR001,EU Cohesion Policy - SI -  ERDF/CF/ESF+/JTF,,SI_071,Medvode,,,Osrednjeslovenska,,,SI041,2021-2027,Production of OCPS Municipality of Medvode,Izdelava OCPS Občine Medvode,,,,,SI
https://linkedopendata.eu/entity/Q7501251,2021SI16FFPR001_OP27.00061,SRIP Health,SRIP Zdravje,Slovenia,10/11/2023,30/09/2026,59.34,1791155.63,EUR,1062889.66,https://linkedopendata.eu/entity/Q3280391,"46,15",012,"Research and innovation activities in public research centres, higher education and centres of competence including networking (industrial research, experimental development, feasibility studies)",,,PO01,Smarter Europe,RSO1.1,RSO1.1,ERDF,European Regional Development Fund,2021SI16FFPR001,EU Cohesion Policy - SI -  ERDF/CF/ESF+/JTF,,,,,,,,,,2021-2027,SRIP Health,SRIP Zdravje,,,,,SI
https://linkedopendata.eu/entity/Q7501247,2021SI16FFPR001_OP27.00057,SRIP TOP,SRIP TOP,Slovenia,27/10/2023,30/09/2026,59.34,1799704.5,EUR,1067962.65,https://linkedopendata.eu/entity/Q3279150,"46,15",012,"Research and innovation activities in public research centres, higher education and centres of competence including networking (industrial research, experimental development, feasibility studies)",,,PO01,Smarter Europe,RSO1.1,RSO1.1,ERDF,European Regional Development Fund,2021SI16FFPR001,EU Cohesion Policy - SI -  ERDF/CF/ESF+/JTF,,,,,,,,,,2021-2027,SRIP TOP,SRIP TOP,,,,,SI
https://linkedopendata.eu/entity/Q7501494,2021SI16FFPR001_OP27.00308,Multigenerational centre Gorenjska VGC +,Večgeneracijski center Gorenjske VGC +,Slovenia,01/08/2024,30/09/2029,40.0,1481849.6,EUR,592739.84,https://linkedopendata.eu/entity/Q3279103,"46.449271577068,14.072500315735",163,"Promoting social integration of people at risk of poverty or social exclusion, including the most deprived and children",,,PO04,Social Europe,ESO4.12,ESO4.12,ESF+,European Social Fund Plus,2021SI16FFPR001,EU Cohesion Policy - SI -  ERDF/CF/ESF+/JTF,,SI_041,Jesenice,,,Gorenjska,,,SI042,2021-2027,"The project offers various preventive content and activities aimed primarily at families, individual family members, the elderly and other vulnerable groups. Multigenerational Centre+ (VGC+) is a central gathering place in the local environment, dedicated to socializing, maintaining or expanding the social network and empowering vulnerable groups. It is a preventive project involving educational, intercultural, intergenerational and other activities.","Projekt ponuja različne preventivne vsebine in aktivnosti, namenjene predvsem družinam, posameznim družinskim članom, starejšim in drugim ranljivim skupinam. Večgeneracijski center+ (VGC+) predstavlja osrednji prostor zbiranja v lokalnem okolju, namenjen druženju, ohranjanju oziroma širjenju socialne mreže ter opolnomočenju ranljivih skupin. Gre za preventivni projekt, ki vključuje izobraževalne, medkulturne, medgeneracijske in druge dejavnosti.",,,,,SI
https://linkedopendata.eu/entity/Q7501225,2021SI16FFPR001_OP27.00035,REDUCTION OF IRREGULAR PROTECTION OF APPLICATION – PHASE I,ZMANJŠANJE POPLAVNE OGROŽENOSTI POREČJA VIPAVE – I. FAZA,Slovenia,01/01/2021,31/12/2027,85.0,12195404.17,EUR,10366093.54,https://linkedopendata.eu/entity/Q7501066,"46.05,13.88333333",058,"Adaptation to climate change measures and prevention and management of climate related risks: floods and landslides (including awareness raising, civil protection and disaster management systems, infrastructures and ecosystem based approaches)",,,PO02,"Greener, carbon-free Europe",RSO2.4,RSO2.4,CF,Cohesion Fund,2021SI16FFPR001,EU Cohesion Policy - SI -  ERDF/CF/ESF+/JTF,,,,,,Goriška,,,SI043,2021-2027,"‘Reducing the flood risk in the Vipava basin – Phase I; reduction of flood risk of Bela and Vrtojbice"", is a reduction of flood risk of the area under consideration, especially in the area of significant impact of floods. The project includes part of the integrated measures to ensure flood safety in the Bela and Vrtojbica river basins, which have an impact on the floodplain. The project is aimed at reducing the flood risk of Bela and Vipava in the area of the municipalities of Vipava, Šempeter-Vrtojba and Miren-Renče. The implementation of integrated measures will reduce flood risk and risk along the treated sections. The measures are sized to ensure flood safety on Q100 flows.","»Zmanjševanje poplavne ogroženosti porečja Vipave – I. faza; zmanjšanje poplavne ogroženosti Bele in Vrtojbice«, je zmanjšanje poplavne ogroženosti obravnavanega območja, predvsem na območju pomembnega vpliva poplav. Projekt vključuje del celovitih ukrepov za zagotavljanje poplavne varnosti v porečju reke Bele in Vrtojbice, ki vplivajo poplavno območje. Projekt je namenjen zmanjševanju poplavne ogroženosti Bele in Vipave na območju Občine Vipava, Šempeter-Vrtojba in Miren-Renče. Z izvedbo celostnih ukrepov se bo zmanjšala poplavna nevarnost in ogroženost vzdolž obravnavnih odsekov. Ukrepi so dimenzionirani za zagotavljanje poplavne varnosti na pretoke Q100.",,,,,SI
https://linkedopendata.eu/entity/Q7501522,2021SI16FFPR001_OP27.00336,Recycled wood cajon with digital AI interface,Cajon iz recikliranega lesa z digitalnim AI vmesnikom,Slovenia,29/03/2024,31/03/2026,85.0,72000.0,EUR,61200.0,https://linkedopendata.eu/entity/Q7501141,"46.141373811358,15.050124297361",025,"Incubation, support to spin offs and spin outs and start ups",,,PO01,Smarter Europe,RSO1.3,RSO1.3,ERDF,European Regional Development Fund,2021SI16FFPR001,EU Cohesion Policy - SI -  ERDF/CF/ESF+/JTF,,SI_129,Trbovlje,,,Zasavska,,,SI035,2021-2027,"As part of the submitted project, they are developing a revolutionary, innovative product – Algorhythmo. It's a recycled wood cajon with a digital AI interface that transforms a simple wooden box into a rich set of drum sounds, both acoustic and synthetic. This solves both ecological and logistical as well as technical drumming challenges. The recycled wood cajon offers superior sound and is further upgraded with an innovative digital AI interface.","V sklopu prijavljenega projekta razvijajo revolucionarni, inovativen produkt – Algorhythmo. Gre za cajon iz recikliranega lesa z digitalnim AI vmesnikom, ki preobrazi enostavno leseno škatlo v bogat nabor bobnarskih zvokov, tako akustičnih kot sintetičnih. S tem rešuje tako ekološke in logistične kot tehnične izzive bobnanja. Cajon iz recikliranega lesa ponuja vrhunski zvok, dodatno pa je nadgrajen še z inovativnim digitalnim AI vmesnikom.",,,,,SI
https://linkedopendata.eu/entity/Q7501311,2021SI16FFPR001_OP27.00113,Youth work against youth precariousness - pilot project - Ajdovščina Youth Council,Z mladinskim delom proti prekarnosti mladih - pilotni projekt - Mladinski svet Ajdovščina,Slovenia,01/06/2024,31/12/2026,40.0,87060.4,EUR,34824.16,https://linkedopendata.eu/entity/Q3280662,"45.899497472846,13.907533209031",136,Specific support for youth employment and socio-economic integration of young people,,,PO04,Social Europe,ESO4.1,ESO4.1,ESF+,European Social Fund Plus,2021SI16FFPR001,EU Cohesion Policy - SI -  ERDF/CF/ESF+/JTF,,SI_001,Ajdovščina,,,Goriška,,,SI043,2021-2027,Youth work against youth precariousness - pilot project - Ajdovščina Youth Council,Z mladinskim delom proti prekarnosti mladih - pilotni projekt - Mladinski svet Ajdovščina,,,,,SI
https://linkedopendata.eu/entity/Q7501341,2021SI16FFPR001_OP27.00154,Production of OCPS of the Municipality of Radenci,Izdelava OCPS Občine Radenci,Slovenia,01/01/2023,30/06/2026,85.0,28000.0,EUR,23800.0,https://linkedopendata.eu/entity/Q3279662,"46.619936001432,16.043881171479",109,Multimodal transport (not urban),,,PO03,Connected Europe,RSO3.2,RSO3.2,CF,Cohesion Fund,2021SI16FFPR001,EU Cohesion Policy - SI -  ERDF/CF/ESF+/JTF,,SI_100,Radenci,,,Pomurska,,,SI031,2021-2027,Production of OCPS of the Municipality of Radenci,Izdelava OCPS Občine Radenci,,,,,SI
https://linkedopendata.eu/entity/Q7501727,2021SI16FFPR001_OP27.00604,"Modernisation of the social protection system and the protection of children and families with a view to ensuring greater efficiency, accessibility and quality of services for greater social inclusion of target groups","Posodobitev sistema socialnega varstva ter varstva otrok in družin z namenom zagotavljanja večje učinkovitosti, dostopnosti in kvalitete storitev za večjo socialno vključenost ciljnih skupin",Slovenia,01/04/2025,30/09/2029,70.6,25500000.0,EUR,18003000.01,https://linkedopendata.eu/entity/Q3279056|https://linkedopendata.eu/entity/Q3279601|https://linkedopendata.eu/entity/Q3280318|https://linkedopendata.eu/entity/Q3280319|https://linkedopendata.eu/entity/Q3282538|https://linkedopendata.eu/entity/Q3282539|https://linkedopendata.eu/entity/Q3282540|https://linkedopendata.eu/entity/Q3282541|https://linkedopendata.eu/entity/Q3282542|https://linkedopendata.eu/entity/Q3282543|https://linkedopendata.eu/entity/Q3282544|https://linkedopendata.eu/entity/Q3282545|https://linkedopendata.eu/entity/Q3282546|https://linkedopendata.eu/entity/Q3282547|https://linkedopendata.eu/entity/Q3282548|https://linkedopendata.eu/entity/Q3282549|https://linkedopendata.eu/entity/Q7501187|https://linkedopendata.eu/entity/Q7501190|https://linkedopendata.eu/entity/Q7501191,"46.1,14.15|46.08333333,15.45",158,"Measures to enhancing the equal and timely access to quality, sustainable and affordable services",,,PO04,Social Europe,ESO4.11,ESO4.11,ESF+,European Social Fund Plus,2021SI16FFPR001,EU Cohesion Policy - SI -  ERDF/CF/ESF+/JTF,,,,,Western Slovenia|Eastern Slovenia,,,SI04|SI03,,2021-2027,"The aim of the project is to improve the efficiency of the social protection system by strengthening staff and improving the quality of services, especially for the social inclusion of the most vulnerable people. The purpose of the project is also to strengthen the competences of professional staff at CSDs, specifically for working with families and vulnerable individuals, and thus strengthen social security services while strengthening protective factors and preventing potential risk factors. The introduction of methods with elements of fieldwork will allow to adapt to the needs of each individual case or user. With this approach, we will effectively contribute to overcoming social exclusion and increase the involvement of all stakeholders in providing assistance to the individual, while enhancing equal, timely access to quality, sustainable services.","Namen projekta je izboljšati učinkovitost sistema socialnega varstva s krepitvijo kadra in izboljšanjem kakovosti storitev, še posebej za socialno vključevanje najbolj ranljivih ljudi. Namen projekta je tudi krepitev kompetenc strokovnega kadra na CSD-jih, specifično za delo z družinami in ranljivimi posamezniki in tako krepiti socialnovarstvene storitve pri tem pa okrepiti varovalne dejavnike ter preprečiti potencialne dejavnike tveganja. Uvajanje metod z elementi terenskega dela bo omogočalo prilagajanje potrebam vsakega posameznega primera oziroma uporabnika. S tem pristopom bomo učinkovito prispevali k preseganju socialne izključenosti in povečali vključenost vseh deležnikov pri nudenju pomoči posamezniku in pri tem okrepili enakopravni, pravočasni dostop do kakovostnih, trajnostnih storitev.",,,,,SI
https://linkedopendata.eu/entity/Q7501275,2021SI16FFPR001_OP27.00082,Youth work against youth precariousness - Pilot project - Young Green Slovenia,Z mladinskim delom proti prekarnosti mladih - pilotni projekt - Mladi zeleni Slovenije,Slovenia,01/06/2024,31/12/2026,85.0,87060.4,EUR,74001.34,https://linkedopendata.eu/entity/Q7501073,"46.44182594554,15.874368786301",136,Specific support for youth employment and socio-economic integration of young people,,,PO04,Social Europe,ESO4.1,ESO4.1,ESF+,European Social Fund Plus,2021SI16FFPR001,EU Cohesion Policy - SI -  ERDF/CF/ESF+/JTF,,SI_096,Ptuj,,,Podravska,,,SI032,2021-2027,Youth work against youth precariousness - Pilot project - Young Green Slovenia,Z mladinskim delom proti prekarnosti mladih - pilotni projekt - Mladi zeleni Slovenije,,,,,SI
https://linkedopendata.eu/entity/Q7501362,2021SI16FFPR001_OP27.00175,Municipal integrated transport strategy of the Municipality of Hajdina,Občinska celostna prometna strategija Občine Hajdina,Slovenia,01/01/2023,30/06/2025,85.0,28000.0,EUR,23800.0,https://linkedopendata.eu/entity/Q7501078,"46.420090509627,15.825585560931",109,Multimodal transport (not urban),,,PO03,Connected Europe,RSO3.2,RSO3.2,CF,Cohesion Fund,2021SI16FFPR001,EU Cohesion Policy - SI -  ERDF/CF/ESF+/JTF,,SI_159,Hajdina,,,Podravska,,,SI032,2021-2027,Municipal integrated transport strategy of the Municipality of Hajdina,Občinska celostna prometna strategija Občine Hajdina,,,,,SI
https://linkedopendata.eu/entity/Q7501241,2021SI16FFPR001_OP27.00051,SPOT Consulting Podravje 2023-2025,SPOT svetovanje Podravje 2023-2025,Slovenia,01/11/2023,31/12/2025,85.0,908635.0,EUR,772339.75,https://linkedopendata.eu/entity/Q3279875,"46.45,15.68333333",024,"Advanced support services for SMEs and groups of SMEs (including management, marketing and design services)",,,PO01,Smarter Europe,RSO1.3,RSO1.3,ERDF,European Regional Development Fund,2021SI16FFPR001,EU Cohesion Policy - SI -  ERDF/CF/ESF+/JTF,,,,,,Podravska,,,SI032,2021-2027,SPOT Consulting Podravje 2023-2025,SPOT svetovanje Podravje 2023-2025,,,,,SI
